19.4292	2.1577
28.8781	-0.7097
34.6846	3.6861
35.9826	-0.8596
6.1565	-2.5019
23.0472	4.9459
18.8576	0.5402
17.0415	-8.8989
15.2266	0.0545
24.0553	-0.8407
24.2800	1.4195
15.0450	-2.2784
36.7147	-13.2217
2.3251	-0.4964
2.8510	1.9860
27.4809	-12.2707
12.3286	-2.7587
11.1164	-1.5215
23.7351	-16.0960
18.1948	0.8607
10.2307	-4.9398
12.4685	-2.0753
6.4974	0.5752
26.9516	-10.3862
13.1584	-2.7257
28.5004	0.7892
23.4055	-4.3723
3.9387	-1.5973
3.5301	0.5495
11.9606	-1.6136
10.6492	1.0678
5.2161	0.5230
19.5622	2.0586
12.2385	-3.5663
21.7931	-3.3274
24.7123	-0.0217
24.5721	-4.0574
18.6034	3.1463
33.5996	-3.0944
15.4136	-6.1265
15.5659	-4.2164
7.1794	-1.0160
3.1393	1.8957
21.8222	-6.8583
26.2388	0.1946
13.2572	-3.1273
14.6695	0.0692
2.6541	0.4791
24.0801	-15.3576
17.1819	-12.2121
23.7251	0.5062
19.8655	6.4067
20.7252	3.4893
9.9532	0.1229
13.9717	0.9608
28.4003	6.2493
12.8872	-0.3376
23.0669	-4.0952
49.2774	-17.8417
19.0229	4.8964
13.9645	-8.7162
4.9394	3.3755
5.5159	-1.3756
33.7652	2.7336
9.5559	1.8229
18.8004	1.0843
23.7221	0.4243
19.1565	-4.1721
19.3314	-5.0063
22.2333	-4.5640
21.1505	-8.1910
21.5621	0.3972
26.9899	0.4658
19.0639	13.0384
18.7226	-2.6431
14.8430	6.5141
16.2147	-9.3374
23.0496	-2.8449
17.3728	-2.9467
33.0831	-10.8839
11.4154	-3.9350
27.2916	-5.7076
14.9292	-14.6351
32.4648	0.7984
14.8462	4.5647
20.8516	-3.4831
8.2825	-2.4702
15.1113	2.7053
21.4333	-0.5793
14.1578	1.9575
8.6193	-0.5017
26.8294	1.9823
27.5921	-4.6528
15.2072	1.2134
21.4614	-0.7750
20.8184	3.6789
18.8161	1.3012
10.0503	-1.0373
24.2955	1.9567
13.6895	4.5176
27.7522	-5.6999
8.4608	-0.3328
25.7736	11.4585
32.6632	-9.9604
9.5358	-0.7235
24.0467	1.0728
23.7706	-1.5558
17.5337	-10.0908
27.4170	3.3602
40.9177	11.8906
22.3866	1.5196
20.8452	-3.2763
19.7031	3.0126
36.8794	8.3141
8.2998	-2.2116
1.1346	-0.3595
18.4815	2.0843
24.9376	-0.6201
6.5089	0.4431
25.5263	5.9395
25.7068	-0.2228
24.9174	7.8641
4.4285	-0.7506
15.5558	0.4655
24.0179	0.2388
17.4990	-0.3010
16.0843	-4.1466
25.4475	-4.5521
19.6224	10.6943
7.6054	-2.0205
6.4811	0.2652
24.7252	0.2004
17.3969	-0.3618
6.4218	-2.1734
4.7414	-2.1527
30.8922	-4.3821
32.4413	0.4427
12.5353	1.8810
22.5392	-2.9044
37.6414	17.7118
18.7670	-2.6488
6.6850	1.6207
23.6557	-0.4612
8.4101	0.1748
17.8593	4.0332
14.8953	0.9459
7.7998	-3.4465
34.9943	5.0212
29.0064	-13.5924
26.6914	5.6520
20.4905	1.0550
8.2366	1.1158
4.4039	-0.1703
18.7939	1.1048
11.8048	-1.0276
38.5794	-3.2451
6.9456	-1.4102
10.0365	0.2700
8.9760	-2.6737
28.1342	0.0508
10.0796	3.0680
21.8134	-1.3241
12.1677	-1.8177
8.7966	-1.6871
25.3168	-2.7658
5.8087	-0.3679
12.3140	-2.3351
23.1657	-0.9231
5.9246	-0.7235
29.2658	7.5967
16.7692	0.3911
7.9477	-6.0716
8.9182	1.5678
13.0783	-1.2966
11.7598	-4.0813
20.5922	8.1794
16.8905	-0.0049
18.0488	5.3211
6.4118	-1.0289
32.4976	-2.1873
24.1569	-5.5888
19.3423	-4.9104
19.5926	-3.4457
15.4335	8.1454
20.3935	-1.5043
36.4256	-4.5627
29.5417	0.1122
23.4516	-11.5200
14.7274	-4.6882
3.7634	-0.1667
14.9956	-2.9174
3.1264	-1.1165
7.4477	-1.4165
26.4254	-2.3195
24.9977	-0.4745
23.4706	2.9516
14.4058	4.3852
7.3595	-1.1565
17.7974	4.7904
24.6257	-1.3518
16.0293	9.5486
31.3973	-10.8664
25.2297	5.5103
15.1104	1.1681
4.7413	-0.4013
9.0497	0.7232
14.1967	-3.9389
12.9462	-4.3244
23.7731	4.9445
16.7538	-2.1643
14.3572	-3.0865
27.6088	-4.3265
29.6478	-4.1646
27.5523	1.7045
22.2655	3.3988
8.3529	-4.0497
9.5762	0.2480
16.9891	1.9309
23.0341	-5.6697
2.8082	0.0153
34.3019	-0.1928
19.8384	-4.3802
16.6599	-4.2750
32.9860	3.9085
34.0033	2.6156
25.9725	-0.8947
13.1786	-4.2307
19.7334	-2.2929
8.4500	-1.5657
19.7839	-12.4626
21.0269	3.7690
13.1328	-0.5454
13.1431	-2.5503
12.2281	-2.9630
21.9509	-4.6976
38.2270	-11.8205
23.6998	-2.1223
19.6992	5.7272
11.5921	0.7883
20.1102	1.4025
12.8038	-5.3967
14.0511	-6.1119
20.9413	-1.1426
22.8206	8.1052
27.1883	4.9210
35.4808	1.0295
11.1212	0.6658
12.5621	0.4715
21.2403	-3.3450
15.9978	3.5064
15.3065	1.0334
10.1019	-2.4716
23.0392	2.5824
12.2752	-0.6531
8.7492	1.8960
19.8384	5.1212
19.6527	4.7674
12.1684	-4.8222
15.3795	0.8675
23.6284	3.9395
19.4711	-1.7285
26.2706	-5.5149
16.0017	4.0124
19.9318	-3.3865
17.2248	-6.7280
23.0048	-8.2535
27.5845	-1.8887
19.0227	-2.3271
7.0869	0.5385
19.9638	3.8036
22.1236	6.2153
22.4274	-17.5583
23.8436	-5.1587
28.3238	4.8293
22.9297	2.0852
25.0056	-11.4174
14.9007	0.4301
19.9288	-2.0830
7.5334	1.9774
18.4548	8.0977
15.1243	-0.2968
28.1806	1.1320
23.7100	-0.1839
24.1391	-8.0750
27.2174	-0.1007
18.6173	-2.5326
6.0378	1.2911
21.2725	-2.4835
14.1256	0.0106
34.5196	0.9136
32.6053	10.4337
14.3776	-0.3923
23.9694	2.8489
19.8496	-1.4533
16.1922	0.1234
7.3696	1.0093
29.7252	-3.0333
14.6173	-1.8678
6.1910	-1.0171
15.7855	-1.5825
22.5114	-0.4417
5.1759	-0.0747
30.8067	-2.7155
25.9000	-3.8809
26.3645	3.4147
7.0090	-1.5570
22.2193	1.0023
22.2473	-0.0899
16.4707	5.4298
13.2595	-5.0292
7.1883	0.1258
17.4671	6.6926
25.1835	7.8103
15.4970	6.7222
21.8492	-5.9006
25.5616	3.8634
5.6679	-0.1677
19.4742	-1.0477
7.8471	1.7308
19.5310	-10.4760
15.9883	6.5426
31.5570	-0.6402
20.6088	-0.0107
19.0918	6.1563
12.8089	2.9765
7.3771	1.3247
4.1361	-1.3658
11.5744	1.3694
30.4029	-8.9852
19.8300	-1.7458
0.6745	0.1081
10.0769	-0.5831
8.1954	1.0057
20.3157	5.2905
27.6610	1.4258
22.7108	5.3757
15.7712	-0.2232
24.7257	-0.1598
7.4277	0.4834
2.2590	-0.4773
18.1359	6.7060
7.8888	0.5171
6.7192	0.7494
10.7959	-9.2702
12.0301	1.7903
12.9137	2.5401
32.4814	10.8574
23.7002	-1.9670
10.9661	2.8659
21.6592	-6.5793
16.1942	-1.1699
18.1727	0.5287
14.1861	-5.5924
5.2362	0.5728
29.2223	5.2203
19.7228	3.3536
16.2112	2.1325
8.8229	2.2235
20.2813	-2.6679
15.3214	-1.3381
4.7203	-1.3002
34.6666	5.3477
6.5590	-0.1467
28.9563	6.9682
13.3671	1.6345
7.4938	3.6164
14.1445	-1.9776
14.7702	1.6250
25.7878	6.7861
18.3162	-6.0702
16.3047	4.3513
14.3631	4.4406
30.1424	8.1007
15.3892	0.4962
20.1123	8.8389
17.4026	2.8907
26.8994	-1.9438
25.7094	5.8311
12.5574	0.0174
7.7060	0.1538
7.2669	5.0688
17.1372	-3.5529
13.3018	-0.3193
3.9240	-2.3301
14.8958	3.4667
9.1555	5.8323
7.4276	-2.2750
16.1940	-1.9598
25.9551	1.0592
25.2080	3.1919
25.2536	-2.0614
21.4985	-17.9543
19.5730	1.5766
28.5227	5.3453
30.9324	11.0451
24.0974	-18.2918
30.0507	6.9543
33.1255	2.6331
18.0127	3.4859
16.6520	2.3568
21.6032	11.4880
22.7920	-1.0225
9.7401	-3.4784
12.4002	1.2895
22.3812	12.4277
16.6810	2.7965
28.3668	6.4390
19.5291	-10.6958
23.4045	-7.2044
17.6001	2.6223
12.2360	-3.1631
6.8689	-2.5446
20.4171	-1.3912
34.6655	-5.7920
14.5873	5.8184
24.4735	-7.0685
5.7608	-0.6706
11.8692	-4.1173
6.1086	-2.5549
8.5223	0.3711
29.1082	-8.6528
10.1622	-0.8352
23.0555	-3.2938
4.7699	-1.1454
23.1807	6.3758
12.4102	-5.3919
34.0884	-1.0195
28.8692	6.4660
9.6883	-3.4057
33.0438	1.9453
30.8649	-1.1017
14.2779	0.9141
19.8886	1.9426
24.2910	3.8319
20.8569	-6.4389
20.4559	2.9608
25.3397	-18.9585
3.3533	0.4125
20.6986	-0.8660
17.7782	2.7825
15.6755	-1.4704
14.9148	-2.7369
8.5972	-1.7413
5.7143	-0.1273
15.5183	-5.4226
25.4394	2.8087
18.4072	-4.3252
18.2854	0.5755
7.8969	-0.1304
10.6667	2.9207
23.3764	5.9218
7.5837	0.0438
15.7224	1.7005
8.1128	0.2394
12.2089	3.7332
3.1074	0.9548
22.4642	-2.3241
30.4535	5.2041
8.8210	1.7763
25.5758	5.5507
20.6077	2.9200
11.6478	0.3771
7.4152	0.7574
22.7688	-3.5051
8.5434	-0.8189
24.3682	3.5903
14.3111	-1.1141
29.6497	-3.1987
8.4952	0.8908
23.4097	-1.3719
3.4385	-0.0303
28.6407	-4.7361
34.1649	20.4496
15.6751	-4.6846
7.4807	2.0291
32.5758	8.4815
13.9844	0.1335
15.3828	3.4179
45.4398	-7.1835
21.4417	-7.4885
14.7135	-0.6849
24.2757	1.5022
15.0528	-5.5771
22.6075	6.4336
15.0090	0.8478
17.7736	12.1618
17.2199	0.4815
12.6482	0.4130
16.2063	4.7905
24.5630	-3.5312
26.0452	2.1821
2.9571	-0.8336
10.6821	1.0673
20.8837	-3.1986
24.5898	-1.2496
25.3982	-6.0975
16.6943	-2.0649
28.3465	10.3167
31.2672	-1.9910
6.2502	-2.7452
20.1843	-8.5128
2.4981	0.1139
19.2088	5.1105
23.5908	-2.5483
26.4539	-4.7959
13.5121	-3.1967
11.1515	0.5771
14.7334	-2.8750
11.6332	-1.8480
20.9510	2.4025
11.5532	-3.5999
5.4334	-0.3877
22.2185	-6.1702
17.6976	-3.0513
7.9618	-1.1689
17.9161	0.9071
6.4812	0.8112
9.4150	-2.8331
16.6738	3.7518
17.5574	-0.5578
12.9673	-3.1566
48.8330	2.5850
8.1875	-1.4926
13.2669	-0.1666
12.4061	-1.4164
7.9640	1.8285
18.4185	2.8448
17.1397	-2.1211
18.1159	3.9299
16.2217	2.3673
31.7036	-8.9234
28.8857	-22.5524
10.5579	-4.6510
9.4445	3.9264
22.7718	0.0852
18.6310	-0.6081
18.4946	5.2355
8.5352	-0.9902
16.8132	-2.1078
26.2148	-0.9596
18.2756	2.6734
23.0758	1.3184
14.8748	-2.4495
26.8989	2.3196
24.6065	-2.0788
17.8253	-1.7708
16.0586	-3.4655
9.8728	-5.3546
22.4426	8.1793
20.4115	0.1507
34.0891	-7.9109
11.6306	1.4569
22.5844	3.3971
17.7049	1.2585
5.9915	-1.0100
26.2733	-2.1259
16.5045	-0.2692
14.6493	1.4533
29.3999	2.5778
10.7555	-3.7593
12.0748	0.1092
21.5771	3.6846
17.3763	4.7652
20.2364	0.6592
9.2754	3.7920
17.9881	2.1567
36.5585	-14.8862
16.3740	-0.1985
26.6087	4.4728
17.1866	2.4154
21.5301	0.6075
21.7798	-1.9003
7.4630	1.3610
23.7830	3.1649
22.3359	8.3346
14.4725	1.5639
15.0782	-7.2250
28.0469	6.2190
11.8271	-2.0727
26.2190	1.8087
16.8827	-3.3739
16.7519	-1.2242
10.1320	1.7672
8.2395	-0.0240
20.8862	4.4001
10.4252	0.7536
13.7797	-7.1938
24.1821	2.3975
29.2354	1.5845
9.5005	-1.2975
25.7731	11.3708
15.8993	-0.4171
12.7263	4.5457
18.0246	0.9214
12.5640	-0.3450
16.5370	-4.8455
20.9812	-6.2592
11.4141	-0.6508
13.5265	-0.4079
23.9805	-2.2757
17.1273	-1.9435
25.7832	6.8315
24.7019	-23.6671
15.3787	1.2561
16.6906	4.0313
18.8771	-13.8055
7.6838	1.3176
6.6306	-1.2089
20.3951	4.7173
19.7125	3.2958
21.7408	1.5461
14.4048	3.2941
14.7910	-4.6522
22.5969	-0.0691
13.8757	-0.9870
18.4115	2.8702
18.7105	-1.1531
42.5028	4.2683
15.1989	-0.4744
21.5238	3.2457
17.4609	-0.8536
9.5093	-3.9369
20.4148	3.2988
15.0096	3.8507
16.0199	3.2439
22.1672	-1.8918
16.9612	-3.3662
14.6138	-3.8362
7.6285	-0.7605
12.3865	1.8200
16.5930	-4.8494
33.5512	18.9013
30.9189	-3.6129
16.5888	-2.2178
28.2798	-10.3334
18.8783	8.8870
18.0419	5.9254
14.2714	0.0139
9.3325	-0.6977
22.1446	0.8325
22.8438	2.4802
7.8070	1.5532
17.6385	-3.6924
26.1140	-6.4869
9.4061	0.5058
15.4328	8.7394
15.7535	-3.3225
13.6571	2.6173
14.4280	-4.6383
11.7325	-3.5177
13.0976	3.5751
31.8754	-4.8298
15.9394	1.5147
14.7216	-0.4681
23.8232	2.5029
9.1080	0.9566
26.8028	-16.6385
10.5333	2.6163
19.1089	2.3429
12.8947	2.2064
24.9509	-18.8150
14.3380	2.2087
13.5916	4.0798
9.8534	-4.5400
24.9509	-18.8150
8.2694	-1.0088
23.9156	-9.4246
14.3380	2.2087
9.8534	-4.5400
12.1406	2.7916
16.2180	-7.9879
21.4018	-2.6938
11.4312	1.3671
8.2871	-2.9253
12.3298	-3.6305
24.5595	-3.1764
20.4568	9.5015
26.9555	-1.6423
11.8517	0.8581
11.5813	-2.2364
18.2813	2.1970
18.7347	-6.0067
47.5667	8.1527
23.5474	-4.8247
20.6468	4.3952
42.0175	4.5117
40.3029	-3.3104
13.6893	9.0005
19.8896	-1.9021
28.2912	-2.0683
13.2364	-4.3857
11.3019	-0.5593
19.1225	-8.2058
11.6414	3.9551
4.0646	0.2557
6.8270	-3.2728
45.2439	7.7831
18.4588	-0.7597
17.4067	3.1872
19.9474	-5.2273
26.2982	1.1581
9.8044	1.6360
7.1065	-3.1734
4.7781	0.4357
23.9430	1.0952
5.9076	0.5518
22.1473	5.6909
18.3773	3.1101
12.1584	-6.8700
19.8653	-4.2326
30.7050	-1.1034
13.1075	0.8313
22.1281	-5.8425
15.8906	-5.0203
9.9758	-3.8098
12.5967	1.8041
22.4771	-6.3538
21.0497	-2.4816
9.6104	-0.8381
16.5367	-5.7797
30.1462	1.6964
21.8773	-0.3627
9.2844	0.7978
16.4660	-2.6373
18.1395	-1.3394
16.8639	3.2115
19.8595	-8.3743
14.3309	2.0378
18.3979	-3.5135
18.6182	0.4527
16.9687	3.8682
19.4390	-1.0251
17.5525	1.8125
21.1446	7.2703
13.5531	-2.9781
22.7297	4.5322
17.2566	4.8545
21.6131	-0.5488
5.6580	1.3109
15.4328	-2.4645
21.9261	3.3697
16.1007	-6.1981
12.0306	1.0190
4.5022	0.5048
17.7050	0.5803
6.0772	-2.7630
20.2743	9.7101
11.7797	1.4780
18.8363	2.4243
5.4996	1.3666
22.9345	-2.7649
12.5895	0.8770
23.2655	2.7240
21.2106	0.4012
13.0701	-0.8061
18.4063	2.1962
5.6966	1.0525
3.4138	0.1789
14.1635	3.9511
28.3088	-3.2355
29.8678	-6.4904
22.0256	-4.3330
14.8367	-0.0869
29.9573	-9.6221
13.8883	-3.1319
21.0939	9.8677
31.0240	6.0386
25.7189	4.9474
13.8239	6.1781
21.3725	-1.1702
27.4105	-2.2980
18.7678	2.4690
24.7964	11.8316
14.9387	-1.6697
24.5155	-10.3515
12.9511	-2.2385
23.3871	-0.9829
6.0525	0.4384
5.8903	-2.2853
13.3174	-4.7058
4.6115	0.1468
13.1594	3.8357
23.1742	-2.7799
17.9290	3.7445
7.6864	-3.6606
9.3118	-0.0241
24.5821	-2.1343
22.7098	6.5823
27.1997	-5.9335
17.5602	0.6507
22.3886	4.3900
6.3797	1.5985
11.6006	-0.2033
7.2361	-0.6204
7.9968	2.8577
26.4123	-2.0759
4.1609	0.3695
7.7422	-1.3580
11.8222	1.7068
29.9255	-2.4140
18.8962	10.2278
6.6720	1.3883
7.0852	0.3284
22.8026	-4.1664
7.8542	1.0885
5.7426	-1.0304
19.7280	5.6199
11.6235	3.3365
11.4864	-0.5210
27.8256	5.3331
7.6937	-2.2055
4.0999	1.2869
32.5480	1.9553
27.1686	-13.2965
23.1438	1.7576
10.6592	-1.8048
23.7349	-6.7557
22.7293	1.6497
22.8595	-6.5296
4.3439	1.8548
7.2586	0.9880
28.3651	-2.9284
6.6103	0.0845
10.7911	-0.5924
17.5261	9.0161
19.8741	6.7821
28.3811	-18.7645
5.0626	0.5280
35.1679	7.1371
15.6980	2.7610
16.1326	1.7512
21.0228	11.2920
26.3249	-0.0775
28.6460	3.9613
17.2550	-16.8475
15.7849	4.8542
14.6643	-5.8787
16.5495	6.7273
10.8996	-0.1134
16.6708	-0.6699
19.8297	8.2198
10.4548	2.8383
14.2250	-3.6829
7.6002	0.1237
15.7639	-0.2015
19.7080	7.7941
8.3659	-1.1761
3.4660	-0.7220
18.5743	0.3586
26.2455	2.6824
20.0631	5.2280
16.5231	-2.5538
11.5243	1.4872
20.2299	-0.1905
50.8340	12.0763
16.8429	1.2027
22.8309	-3.3060
20.0152	6.8400
24.9002	6.2224
23.4160	3.2549
17.5312	-0.6247
11.2052	0.7891
13.6573	-3.1560
22.5082	2.3269
7.8141	-4.2966
22.4922	4.9376
9.0535	0.6483
19.1856	-0.2251
21.7381	-1.4870
23.2320	0.6026
17.8971	3.5084
21.5455	-2.1074
16.6418	2.3918
12.5730	-2.5399
18.6287	2.9542
3.8164	0.5802
5.6558	2.9861
24.1900	0.3814
8.2624	0.2590
10.2315	-0.1883
25.0408	4.7039
37.2950	-9.8082
10.5796	1.2066
15.9953	2.3965
4.6262	0.8678
12.2794	-0.8108
30.1556	-5.8872
18.3605	-0.7337
20.3739	-8.0559
5.5848	-1.0365
7.9472	-0.6091
5.8188	1.1046
12.5268	1.9539
21.8241	0.0337
21.7211	1.4314
16.6437	1.1531
22.1931	6.6348
11.2113	1.1573
18.2476	-1.3133
20.5732	1.0629
9.9630	-4.4339
11.3417	2.7138
10.1083	2.2155
27.3030	-15.2419
15.3632	9.0218
25.2611	8.4922
6.1731	1.4134
20.4547	4.4360
29.4138	4.8122
23.1444	-0.5323
27.0252	0.4377
12.5855	-2.4036
10.2696	-2.2584
10.1044	-2.4477
37.6303	4.8083
8.6268	-1.6358
25.1754	-0.7258
21.2864	1.4582
18.8950	-0.3902
6.9920	5.1429
14.3558	0.9697
11.4718	-2.8508
21.7744	4.3005
29.5908	-9.8265
28.2311	9.5500
15.0324	1.2090
25.5548	-1.5852
16.1808	-0.2903
8.9841	0.3066
15.9825	-2.1066
23.1122	0.5659
34.3004	-5.6947
22.6414	-1.4899
16.7764	5.3690
7.1958	3.5558
23.0027	-1.3008
18.4645	3.3961
8.6111	-1.1597
24.1127	1.2026
19.9127	3.8463
18.1370	8.5541
27.5714	-10.8504
24.8639	-5.1010
14.1244	-7.1364
20.8141	5.1512
22.1258	-5.6899
17.6244	6.0547
32.4643	4.7139
25.9218	0.6244
14.2483	5.0575
8.1037	-0.1941
12.8901	-1.5427
28.6315	9.9643
22.2169	0.2510
9.9258	4.3866
11.5070	-0.3009
10.0861	1.0091
12.8443	-0.7872
14.9565	2.5743
23.3140	-9.2321
10.9359	2.2044
16.1598	5.9193
7.9290	0.6044
12.8600	3.0499
6.9738	-1.0988
23.4291	-9.9433
29.3277	10.4745
4.6150	-2.5290
13.1418	-0.0995
7.9723	1.4416
7.4240	-1.9732
23.3687	-6.2251
11.3573	-6.4961
29.7265	-3.5077
22.8419	9.0693
14.1232	-1.7333
22.3168	-3.9023
23.1247	-9.2219
1.0271	-0.0072
5.6525	-4.9001
8.9776	0.1925
5.7400	-2.0494
12.5003	-1.2449
26.2101	-0.3698
4.6244	1.6387
29.5425	0.8810
19.6559	-1.8944
9.1456	-1.2796
18.3158	2.1361
21.3643	3.9156
11.5774	-1.2557
21.6553	6.5282
19.9166	3.6854
24.7105	-12.1544
30.0721	0.8904
13.6140	1.5363
29.9269	-6.3259
31.7021	-2.6856
6.5197	0.3469
25.3312	-1.6198
12.4029	3.5772
16.9405	6.1478
12.7917	3.6467
36.2728	5.5394
25.5099	-11.7335
4.9835	0.9038
15.4566	-0.0004
18.9956	3.2986
16.0635	2.0175
17.1309	-1.4907
3.2492	0.6806
16.0500	8.3837
22.5888	-2.4397
17.4729	-0.4253
30.5258	-4.1372
25.3016	-0.8917
23.6091	16.1720
13.6474	0.6243
16.7311	10.5871
10.4905	3.8181
17.9588	-2.6016
12.9738	7.2328
18.0522	2.5139
23.7277	6.4041
14.0089	3.8624
13.0456	3.5500
11.5275	-2.9721
15.1344	-2.3256
25.6889	4.7813
12.9595	7.9814
5.6940	-1.0790
29.1240	1.4069
7.1619	1.7938
21.0700	-0.2621
7.1950	2.5727
10.3690	2.6008
6.4409	0.7865
4.8960	-3.0549
10.8929	0.3905
19.0223	-7.2665
19.1379	-10.5062
9.5893	-2.8333
8.7421	0.8248
10.6174	-2.7761
20.6008	-10.5647
8.0207	-0.1804
13.0589	-2.3755
15.5635	-0.1352
19.4652	-8.8779
13.5263	8.7105
16.5667	0.0665
32.8352	-0.6528
27.3598	-5.2607
17.0916	-2.8106
11.8805	-0.9095
21.5273	-1.1107
25.5866	7.9377
24.6665	4.4365
19.0671	6.4291
24.5364	11.6449
19.5813	1.8707
36.0696	2.3107
24.3560	13.6465
22.2074	-11.4611
17.8630	0.7320
27.1275	6.4877
10.6771	-1.7567
10.8996	-3.2344
19.4823	6.0842
24.7642	-1.5763
19.0178	1.6666
14.9554	0.1961
22.1494	-0.6066
23.2213	-12.8802
35.7648	-4.4633
19.7459	-10.2902
6.4198	0.9186
16.4246	-9.0306
17.9840	5.1661
20.3370	4.1456
13.0004	-1.4288
15.7418	4.7560
21.7818	-15.1283
11.8259	-2.5445
16.2986	-4.6889
22.9101	-8.8328
29.6159	5.5983
14.2865	-2.1252
15.4785	-1.1790
12.9120	2.0022
19.8111	-3.3332
12.9377	1.3041
21.0496	5.5158
13.0795	-1.5183
9.1648	-7.7492
45.6357	-6.1002
14.5154	6.9830
13.8403	0.3485
16.2569	7.7387
19.7616	2.2224
14.4834	1.9656
13.7202	0.1846
28.8307	3.4402
23.6090	-3.8048
15.7415	-2.2172
18.5429	3.1102
28.4627	4.9664
34.2962	1.6591
42.9363	4.8789
10.5860	2.1636
20.1182	-0.7539
19.8025	-5.1979
24.8784	9.2585
10.8903	-0.3870
23.3977	-6.1579
15.6029	2.2822
9.6736	-1.5748
11.2366	-2.9761
5.0855	-0.0149
22.4522	5.4496
23.3371	-3.0070
8.0017	-4.0188
14.8120	0.4251
23.7487	10.1884
28.2729	9.8702
11.7381	2.6959
12.6202	-1.9426
16.5235	3.3352
22.9086	-9.5888
22.9291	-4.5122
29.9951	2.7425
6.9997	-4.0287
22.6885	-4.9159
10.6364	1.9729
19.4906	-0.2604
19.2483	5.3055
15.9277	4.0563
20.4733	-3.2889
18.6479	-6.4110
14.8286	-3.5586
7.0084	0.5268
36.8704	-7.0683
21.6925	0.0152
20.2384	7.2435
18.9883	-9.4995
21.9374	-1.9078
20.1184	-11.5070
14.6003	3.2440
17.9946	-1.1624
14.5319	-2.3098
14.7837	-3.2446
15.2337	-0.7317
7.1735	-6.7499
12.5773	2.5871
21.0103	7.6022
14.7339	-5.1585
13.9453	-1.2629
25.4711	-3.7251
14.7563	-0.8799
14.0333	-15.0917
18.5131	2.1693
26.4792	0.6616
12.8227	-4.3273
24.8960	-1.8200
8.4551	-3.0229
36.3918	-0.0308
17.7280	4.5127
20.1423	3.7789
14.7416	5.0298
14.4118	2.8121
10.0338	-1.2348
7.7082	-0.0900
24.7289	-2.8474
21.9506	6.5566
5.1690	-0.3862
31.2168	1.7968
17.7186	7.0178
25.3153	-2.8524
18.8235	-7.6646
9.0362	-0.4124
19.1409	4.5932
20.1121	0.7731
21.8051	-2.6160
7.7058	1.3744
21.1221	5.7517
4.5120	0.3024
17.8355	-6.5226
21.6287	7.4781
15.2277	3.1538
13.1816	-3.0460
17.6012	7.2118
25.0934	-7.0088
10.1773	1.4135
19.9684	4.7805
16.8483	-7.4767
12.1172	0.1447
3.0683	0.0712
21.3253	0.0919
24.3077	4.1044
26.3638	6.5315
18.0722	-4.9568
17.9740	-6.8700
10.6117	1.9717
34.0576	-1.7746
25.3756	9.2640
27.2451	-9.4554
11.8109	-7.9046
9.5536	-3.9024
19.5862	-2.3818
9.6266	0.7591
17.0442	2.4166
6.5720	0.3194
11.5578	-2.1262
21.1460	-4.4699
13.1090	6.5916
17.9760	-4.8199
11.7362	1.5371
20.1837	-0.9666
25.8078	3.4968
27.0262	2.4427
9.5410	3.4002
14.7146	4.0711
21.8803	-5.7340
12.5817	0.0942
13.0472	-0.7526
11.9914	0.9706
13.3572	-2.0284
17.9513	-5.5075
22.3940	-11.1570
4.7308	0.6156
8.4702	-2.4573
13.3316	-6.0020
17.3377	0.7593
27.8049	-11.0551
30.1924	-5.1678
26.2555	-0.9340
23.3606	4.8230
32.2237	0.3123
29.5101	-12.1387
24.0443	-8.7715
11.5174	0.1932
34.1656	3.9019
21.9386	1.5676
19.5935	-5.3909
30.9532	-7.3873
25.8784	-6.5063
16.4466	-2.7800
5.1122	1.6339
27.6599	-0.5775
26.2465	-4.3771
24.4698	-3.1583
18.9446	-4.3463
20.4991	0.7381
38.1099	3.3844
19.4625	5.5434
27.9377	-6.8993
25.2881	-3.5282
25.7615	0.6799
2.9817	-0.1207
26.7419	-6.3299
14.9627	0.5951
5.6665	-3.0946
26.2421	-10.9951
4.5791	-0.7838
33.9350	13.9258
37.7679	-1.0250
26.2233	1.9839
29.8308	2.6256
2.0207	-0.4342
5.4067	-0.3148
47.3663	10.8664
5.7348	0.8673
19.7210	2.4914
31.2536	-9.7654
5.9574	0.7143
23.5516	-9.4458
30.6628	2.3919
3.0538	0.7036
22.5689	-7.7161
27.1543	-4.3708
28.6289	5.3902
22.3421	2.0457
32.1124	-3.6488
29.9354	-0.3605
3.4476	-0.0780
20.5776	7.4633
27.3957	-8.9596
20.3014	-3.4452
33.8927	1.2358
24.9465	-3.0785
32.3970	-7.2496
26.1483	-15.9279
23.5046	-7.2215
0.8721	-0.1872
24.4502	-14.4356
38.6373	-4.3978
19.4841	-0.5884
26.2897	0.5231
29.4719	-2.9684
22.7761	1.2152
2.5025	0.3537
15.7180	-2.0312
30.5118	1.9677
24.8552	6.3575
8.3216	-0.4274
32.3843	-15.2790
25.1420	-1.5756
44.9960	-0.8616
35.2865	4.9627
21.8251	-3.5836
34.2905	2.1547
36.8180	0.4971
36.1734	-2.5414
24.0897	-9.0103
27.2835	4.0590
17.3697	-2.2589
35.4891	7.8565
33.0654	2.4434
21.7603	8.9639
26.9818	1.6379
36.6947	0.0729
19.7738	-1.3231
31.8105	6.4006
6.3005	1.3752
34.4688	-5.5800
28.7360	-0.9055
29.2199	-10.1315
4.1642	0.2379
23.5509	6.3978
23.7508	-6.3932
29.2539	4.7517
33.6929	-1.1786
3.5034	0.8471
33.1308	-2.6704
30.2514	8.0880
30.8097	-3.0577
0.2574	-0.0139
30.0939	-12.7039
30.5956	-7.2293
20.7356	-0.9896
38.1838	-1.9701
21.7424	0.5797
26.3141	-18.7279
30.6687	-6.5504
20.6182	0.1249
3.6822	1.0958
23.4753	2.5148
2.7420	0.0050
22.5776	-4.8400
20.8258	4.8082
17.2212	2.7539
9.1998	0.9290
19.2434	5.1523
45.0067	-7.9481
13.1776	2.9729
25.8141	1.9341
28.3513	2.7305
19.1251	-4.4650
25.4011	-1.0195
27.0852	3.6711
48.5966	-5.0423
24.0887	-4.8279
17.9585	-3.4927
31.6752	8.5744
20.9013	5.8543
49.4293	-15.5947
18.9571	-2.1762
31.1959	-4.6247
26.3277	-0.5238
22.0787	3.0809
35.3740	-19.2872
30.6192	-2.0683
24.2591	-0.1300
3.8356	0.4807
6.4307	-0.9993
21.7874	5.5800
23.3059	-5.8236
53.4343	-4.6013
13.7483	-1.7247
5.2729	-1.4977
31.7707	1.9615
13.6706	1.1043
21.7064	-0.8082
11.9064	-3.0052
57.8708	1.6586
17.2858	-0.8315
21.4138	6.6623
29.7668	-10.0459
28.3546	-6.2448
8.9451	3.7000
27.6597	3.8265
54.0668	-4.9069
31.2241	-5.0717
37.6414	-5.7076
22.6695	-2.4364
24.3941	-6.9444
28.5199	-3.9435
26.7199	3.1033
25.1986	-3.4988
21.2056	-3.2061
20.5177	1.5148
31.1294	-1.2933
33.8955	-0.4775
28.7780	-4.4074
32.0494	-11.4704
14.7434	0.7575
22.1937	-2.9568
32.4655	-8.0134
31.0823	-2.5974
31.0939	1.7395
27.5076	-10.5873
17.8162	1.4273
41.2659	-13.2478
31.2747	3.8518
30.5302	-0.0093
17.7919	-1.7166
10.3792	-3.2982
26.4488	4.6219
27.8603	-7.1725
30.1267	-2.9955
13.9367	5.8197
1.2936	0.3336
26.1062	-4.8188
22.8557	-7.0031
29.5365	-5.6812
8.3610	-1.2116
35.2765	-8.9835
15.3272	0.3973
12.6916	-0.3891
19.9578	2.4966
49.8139	0.0685
29.7437	-3.4892
20.5671	-1.9003
30.7836	0.5142
19.9531	-4.0621
11.1684	-3.5244
12.7968	0.2321
33.4168	-6.0437
33.8749	-6.8803
9.6148	-1.6549
28.1968	2.2733
31.6275	8.6326
36.0670	-11.2983
24.0006	-4.2022
13.8895	-0.2432
5.8296	-0.5114
7.4446	-0.9717
11.8492	4.0283
41.5864	-1.3011
27.3903	3.5764
20.3422	-3.2432
20.9178	4.5675
8.3544	0.3333
34.2947	5.1604
9.3044	-1.3621
7.3581	-0.7672
28.0213	0.4898
13.0981	1.8133
28.4481	0.9366
28.4695	-17.5197
25.9543	2.0555
5.5280	-0.2798
33.4273	1.4695
27.1280	-5.4342
19.3914	-3.8210
8.8215	-5.6149
23.8387	1.0514
6.4183	-0.7031
23.9045	-3.8527
18.6527	-1.0307
17.7336	2.6761
6.6857	-0.0193
8.5052	-1.0990
22.2755	3.6422
34.2120	-18.9747
37.7389	-3.1087
29.6688	5.3733
32.0414	1.2658
4.6704	-1.3726
11.3346	-1.1801
35.5916	-2.1652
12.0548	-4.9615
11.6432	-0.1318
26.8066	-0.2921
27.0846	2.5601
14.6054	4.6025
30.3679	-9.2204
28.0626	8.4770
3.5339	-0.4953
17.9645	0.5487
28.9392	-0.3442
17.9083	0.6557
3.7401	-1.5643
2.5623	-0.1680
6.0145	0.9377
6.4476	1.8436
13.8402	7.2758
40.1464	-16.1293
9.7707	-1.2666
2.0533	-0.1889
17.3135	4.0329
14.9926	-4.3760
15.5541	1.4781
14.6397	3.6054
4.9215	0.2741
6.4283	0.0175
5.1123	-0.8171
22.4553	-2.0822
16.5764	2.4094
15.7450	-4.8936
6.1028	0.9317
23.7402	-4.2432
24.2414	3.5444
7.5086	-1.7384
23.1413	-5.8439
9.6597	0.9991
16.9249	6.8073
17.4922	1.6071
9.4739	0.9434
5.9253	0.0093
3.2554	0.2327
3.7053	-0.0622
28.6689	-3.1507
23.8598	-2.8832
9.9043	-4.8632
7.1191	2.2120
6.8841	-2.2117
24.7040	0.5573
15.8751	-3.2926
6.7028	-5.2611
4.4631	0.2187
9.9557	-1.6690
14.8234	-3.9938
24.8078	9.8981
27.2539	2.7958
19.4821	-4.8755
19.4236	-1.1815
21.8520	-1.2564
12.2663	-0.9191
32.1361	4.5495
21.1860	-6.6168
5.7959	0.9239
21.7706	6.1149
26.0370	0.0748
16.5564	-3.9222
31.8439	12.1409
10.2244	-0.7332
23.0483	-0.6143
6.6853	-0.1062
30.3950	5.8736
6.0357	-2.3643
23.2400	-3.9709
40.6834	4.2735
18.5862	2.9134
27.2902	-4.7306
20.5535	-0.0868
31.3425	-8.1298
20.7774	6.0469
27.3768	-2.2522
14.5683	-3.0445
21.7576	-4.5526
1.8193	-0.1066
27.6221	-0.1170
18.8070	1.8810
36.2082	2.5012
5.5257	0.9871
17.8626	2.4804
26.6886	7.3218
28.6111	9.6640
26.4681	-2.8667
10.5586	2.3875
19.8398	-9.0232
23.0713	-0.7131
26.4747	-0.9280
30.0956	2.3391
18.6512	3.7532
24.5198	9.4066
24.2143	-10.9222
5.9050	-0.8530
24.5482	-3.0379
6.5191	-2.5020
28.8364	0.3007
18.6690	-13.4811
9.8701	-1.1908
28.4482	1.3387
11.5015	-5.8553
30.8675	0.4565
20.0627	-1.0312
6.2452	0.2989
11.5124	-0.5253
13.4286	-1.5466
10.4438	-3.7138
7.8979	1.6724
28.6689	-5.4414
15.2555	2.3314
3.8553	0.8598
6.7891	-1.6145
23.5231	-8.7159
5.0588	-0.6466
6.0111	2.5161
23.5793	-6.8880
21.4244	-7.0533
23.2073	5.1596
18.7152	2.4395
12.9658	-3.9936
24.0223	7.5605
30.2560	-0.7521
14.7807	-2.4110
30.6554	0.7266
19.5689	6.7512
27.5418	8.3307
28.3867	8.5529
27.8822	-11.1186
19.4506	-3.5090
19.1297	-3.7239
13.4099	5.3734
23.8523	3.8660
28.4307	3.6484
21.1998	1.0047
17.5093	0.5567
5.3609	0.6713
18.6799	6.3476
13.5341	6.5179
9.9408	0.4410
27.1293	-3.0418
10.2419	-0.6115
16.0387	3.0334
16.5462	-3.0282
4.3693	0.7860
24.5253	-2.6076
29.7117	0.5122
13.5064	-8.8430
19.6522	-6.6982
28.4535	0.0258
23.9251	-3.0209
0.1439	0.0468
5.9806	1.4946
12.8920	4.4190
3.3190	0.3556
23.0307	-3.9315
26.0422	-3.9656
32.5276	5.4162
7.7453	-0.1209
25.6478	-21.3900
14.5090	-0.3232
25.5033	-3.4948
29.9354	10.1381
7.5096	-0.3774
4.8315	0.7879
33.4531	-3.2743
32.2538	-4.7872
24.7468	-7.0141
25.9782	-10.1277
37.4567	-12.5395
15.2836	-5.3417
18.3862	7.4671
34.7104	6.3223
10.6639	-3.1338
24.3935	3.1772
24.3626	2.1910
46.3747	-3.2140
30.3786	-6.8754
26.5092	3.5823
29.7751	-5.2107
26.9864	-4.3827
25.1112	-3.9901
38.0139	-4.4094
23.2903	-3.6634
26.1663	6.7148
28.0020	-0.3888
26.2406	5.8851
10.5988	-2.7765
24.1262	-4.0629
7.6818	-0.8001
25.2920	0.2806
35.5003	1.9677
11.3587	-1.7433
7.4662	-0.0417
20.1178	-1.1018
13.6517	-2.6996
24.2418	-5.0591
31.3280	-2.3983
38.4651	-0.0284
25.6021	-5.1917
27.8984	3.5467
33.4202	0.4002
20.1008	-6.3712
5.6902	-0.2954
5.3332	0.7768
18.5578	-9.0001
6.1184	0.6954
26.7145	6.3012
20.5337	6.8501
5.5467	-0.4829
3.5796	0.3287
13.1072	2.2908
29.2896	2.7314
24.1295	8.4292
26.0150	1.2911
25.7818	-8.6950
9.2098	-3.0817
13.4558	0.7954
28.5348	0.9384
8.7851	0.4289
10.3617	-2.8145
17.8530	0.0100
27.7905	-11.0362
24.6371	1.0028
35.4110	9.9353
6.5640	0.1000
9.9662	-0.8691
10.3586	-0.6285
22.3604	16.2313
36.6467	-11.9375
26.6583	-1.8897
28.0063	-5.7131
7.9649	-0.6308
29.7864	5.0634
28.3839	1.7570
35.4936	-1.4088
23.3362	-4.7985
32.9136	3.7438
2.2739	-0.3081
30.4737	-2.8388
23.0585	-5.2747
28.1307	-3.7932
21.2244	-0.1017
8.6292	2.3040
27.3322	-12.5865
4.0283	-0.0007
22.1190	-10.8199
22.0941	-2.0326
12.0719	-2.7808
22.1604	-9.4573
24.5333	3.3499
21.6889	-1.3660
8.9490	3.7160
29.7768	-6.3719
23.3717	0.8971
24.1206	-5.7295
28.4628	-5.1607
33.0978	-1.0695
16.0860	1.1596
26.2680	-10.7637
13.7158	-2.3408
19.6090	2.7290
17.2883	4.1958
22.7105	-0.9717
34.9428	-3.4476
17.8014	-1.6816
26.9072	-7.1677
8.1069	-0.4863
41.3316	-0.1762
28.6298	-6.5452
43.0341	8.3584
7.3576	0.1010
26.9814	4.2406
19.8135	-2.5482
31.6394	6.5867
10.2724	-5.1382
7.5334	-0.5403
18.7869	1.0091
24.2460	-0.4788
4.0722	-0.8941
21.7984	-3.7788
7.5801	-3.8136
3.6559	-1.4886
21.8252	-2.4810
22.5483	2.0397
6.4778	-0.5754
17.3594	4.9204
28.4398	-3.5059
26.1361	-3.4472
35.4737	1.5708
28.0745	8.5256
29.7989	-9.0808
26.4328	6.7751
27.2890	2.4928
28.9065	6.2069
27.3497	-11.7392
12.9125	-6.3133
8.4779	-2.9992
28.4426	4.9766
27.3073	-8.2258
47.2486	-7.4578
14.2765	-1.0111
28.5097	1.3923
28.8326	2.1069
26.3600	10.7589
14.3313	-0.7396
12.5547	1.7878
15.1427	3.8366
25.0604	-2.1123
26.9712	-4.8663
10.0519	-2.8415
20.1307	-3.9222
32.1860	-2.1739
29.8417	-6.2126
10.3886	-1.2990
28.1770	2.4635
26.9890	-3.0330
15.6978	1.0051
5.6139	0.4807
18.7252	-4.3300
24.3441	3.7362
24.0473	-2.4111
29.4705	6.0680
16.9688	2.8660
20.4602	-1.4378
27.4099	-8.0059
27.9912	-2.3739
5.2502	-1.3608
30.2356	-3.5319
3.1436	-0.4666
13.1023	-2.6511
33.4051	-4.2803
30.2752	13.4764
11.8495	4.5854
6.9569	-1.9289
27.6057	-4.2497
12.9256	-0.7073
7.0835	-1.6498
22.7636	-10.8596
13.7883	4.1690
23.2461	11.0180
15.7727	-4.6746
29.7716	1.1453
28.5939	-9.8314
25.3322	8.9352
3.1947	-0.2136
9.4832	-2.8057
15.4478	-6.3613
25.1832	5.2109
7.2719	0.3890
26.2545	-4.7464
24.1335	0.2594
38.1042	5.9855
19.6674	-12.1082
7.8758	-1.5828
13.6896	2.9504
1.2479	0.0254
24.8792	-3.6858
29.3148	2.4819
26.0949	6.2922
12.4980	-0.9847
17.8194	-4.0749
1.0524	-0.1641
29.0040	-3.9378
7.6566	0.4416
26.3695	-0.4773
20.6683	-15.3489
7.0238	-1.6565
25.6762	-4.1785
29.9434	2.6403
18.4041	7.5745
17.1693	5.5167
23.1512	5.0095
5.8363	-0.9101
29.9400	-2.1516
15.8432	-2.4556
19.0898	1.0220
17.5249	3.2379
23.5306	-3.9065
17.2939	-1.7029
10.4905	0.5580
20.6541	11.8130
31.2144	0.7060
23.3474	-2.8134
8.3632	-0.1576
28.4440	6.1419
20.0811	-2.5629
13.7295	-1.8958
14.7367	-2.1817
14.5587	6.2093
35.9215	-2.9590
17.8644	7.4909
13.9155	6.0865
30.5488	15.2644
18.1392	2.6792
28.5798	3.6119
23.4525	0.7368
21.6693	-0.7984
27.8333	13.2895
30.3737	4.7015
27.0229	2.9637
31.3112	4.6430
16.8478	-3.5012
29.6815	3.8350
4.6425	0.6019
8.4102	1.5690
24.6286	-9.7704
24.0421	0.2915
27.1702	2.7496
14.8467	5.6909
14.8564	-2.4452
11.9383	-1.5764
11.3364	0.9528
24.6775	-9.6546
21.4797	6.8708
24.6277	-0.6354
15.9053	0.4046
20.6099	0.4490
31.4091	-13.0214
7.4789	-1.4924
28.0876	7.9161
31.6833	-4.0486
8.9559	3.3771
22.8041	-5.1817
15.5656	-3.1145
35.2114	4.1605
14.2255	-2.8899
17.7412	-2.0097
14.5128	3.4483
28.2070	-1.3816
5.8866	1.8050
12.8704	2.2264
26.9112	-5.3495
10.9666	5.9844
22.5072	-6.7070
35.9774	-9.2148
5.6066	0.4906
19.6850	1.6815
13.6634	-3.0442
25.6201	10.7979
22.8222	0.0986
19.9855	12.7134
18.0183	1.8686
22.4345	-2.5030
8.3422	1.0768
33.2949	-11.0339
5.4607	0.5568
0.9207	-0.0046
21.3328	6.2060
31.2553	6.4919
14.0118	2.6002
16.6757	1.0423
25.3896	-18.0260
15.3706	4.3881
33.3766	-0.5015
26.8977	-4.4097
11.5608	-1.3954
0.7832	0.0225
26.9284	0.0198
26.4915	-12.5148
4.6950	0.7136
25.3049	-8.8733
30.7321	2.4480
15.7857	1.0458
7.2237	0.0605
24.5541	-14.1104
5.3391	-0.7677
4.6820	-0.2176
3.0089	-0.1855
12.3565	2.2647
13.1373	-3.1176
14.9944	-2.3134
5.5310	-0.0575
14.5971	0.9411
6.2375	-1.8778
20.3787	1.4568
16.6778	2.4545
30.8819	2.8513
13.1864	-0.3712
28.1952	-7.4892
23.2711	2.7992
2.8424	-0.1055
23.1488	-10.3494
11.2880	1.2312
23.7700	-1.2428
4.6342	-0.3997
16.2661	-17.2376
26.8137	6.4828
23.6256	-0.0754
29.5172	4.7054
31.8203	-3.8494
19.6375	-6.2834
6.8257	0.1020
20.3275	-7.7970
31.3841	0.6018
17.6692	-8.8661
5.2591	-0.7284
23.5380	-1.0307
12.9460	-1.1679
8.3101	4.3001
24.0038	-5.3851
29.7238	-2.4197
8.2163	-3.2357
28.4795	-12.5143
4.2067	-0.4494
25.5991	-2.9632
13.3062	-5.9440
9.4454	-1.4379
9.4052	-1.1931
19.5343	-0.5258
36.7480	-33.5669
20.5573	-2.2998
30.9093	-1.8117
24.7128	-1.3056
10.1361	-5.3748
14.5898	-6.9418
3.5824	-0.0415
32.3459	-5.2489
36.4835	4.4509
12.0284	6.6387
23.7808	9.3684
13.7688	-3.9034
12.7743	-0.0070
6.8599	0.6413
11.9933	-4.7917
7.5789	0.0754
23.4581	-1.3587
18.9751	-5.8446
9.1294	-0.8687
15.1074	3.2768
31.1024	1.0983
4.3847	0.6171
38.2775	-17.7400
21.3190	-0.9512
2.3768	-0.2975
28.0948	0.3967
3.3876	-0.5916
1.0301	-0.2670
2.8507	-0.0414
30.0567	1.1439
10.6619	-1.1775
4.5664	0.8196
9.5494	-4.1183
4.8396	-0.1022
15.2623	4.6569
2.7484	0.1956
24.8805	-4.2779
26.5211	-1.4288
9.6471	0.6189
4.7614	0.1124
16.3949	-3.6924
18.1240	-7.0743
34.5176	-7.1700
6.5989	-7.1035
17.4950	5.2454
23.6524	9.5438
18.5950	2.4920
23.1769	0.0858
16.8203	7.3254
25.0270	-1.9462
13.7387	-0.3601
21.6571	-2.6981
3.2679	-1.3423
24.3638	6.4738
22.6069	-2.0145
22.8097	0.5927
28.9065	5.7092
29.5442	1.4933
11.1328	-0.4490
9.0453	-1.1123
16.3213	-7.4194
26.8655	-3.6848
6.6960	-2.6768
6.5399	1.8840
15.9135	0.5309
19.9313	-2.6630
14.8123	0.3100
33.8476	7.9480
21.7652	-1.5255
6.5152	-4.2777
4.6953	0.3882
9.5796	0.0013
24.1780	-4.1147
10.9659	3.3350
9.6299	-4.0539
12.4903	5.0368
18.4858	-2.2477
18.4388	6.0482
25.6989	-10.7975
0.2074	0.0062
5.3940	1.1468
26.0779	16.4551
18.8834	2.8680
11.8733	-2.4391
17.6702	-3.3732
16.6387	1.6683
25.6715	5.6144
23.3567	-2.1490
5.8442	1.8065
16.2188	-9.6034
21.4896	-2.1416
7.0297	-0.4398
22.4560	-0.9619
11.3967	2.0757
8.4701	3.1933
26.7663	-3.9319
1.3141	-0.1702
21.9106	6.6900
30.2388	-7.9832
8.2067	-1.1207
18.5653	-3.3700
1.2420	-0.7220
18.8326	0.2607
31.1388	-4.8367
29.0232	-5.9899
8.8702	-1.4741
28.1985	0.4117
7.3576	-1.7055
24.6069	9.5555
14.2172	-3.4883
10.4848	1.7120
27.6739	-8.4245
