speaker,man,man,man,woman,woman,woman,man_i-he,man_i-she,woman_i-he,woman_i-she
subject,he,i,she,he,i,she,,,,
verb,,,,,,,,,,
's,0.5497783418839671,3.5084135841988697,0.1525469957630008,0.0,1.8688720364439944,0.4128659699355516,2.9586352423149025,3.3558665884358687,1.8688720364439944,1.4560060665084427
absorb,0.0,0.1525469957630008,0.0,0.0,0.1805923124338364,0.0,0.1525469957630008,0.1525469957630008,0.1805923124338364,0.1805923124338364
abuse,0.0,0.3411682792858146,0.0,0.1805923124338364,0.0,0.0,0.3411682792858146,0.3411682792858146,-0.1805923124338364,0.0
accept,0.3411682792858146,1.518620431183389,0.1525469957630008,0.0,1.949087540228988,0.0,1.1774521518975745,1.3660734354203883,1.949087540228988,1.949087540228988
accompany,0.1525469957630008,0.0,0.0,0.1805923124338364,0.0,0.0,-0.1525469957630008,0.0,-0.1805923124338364,0.0
accomplish,0.1525469957630008,0.1525469957630008,0.1525469957630008,0.0,0.1805923124338364,0.0,0.0,0.0,0.1805923124338364,0.1805923124338364
accuse,0.1525469957630008,0.0,0.0,0.0,0.1805923124338364,0.0,-0.1525469957630008,0.0,0.1805923124338364,0.1805923124338364
achieve,0.0,0.3411682792858146,0.1525469957630008,0.0,0.4128659699355516,0.0,0.3411682792858146,0.18862128352281382,0.4128659699355516,0.4128659699355516
acknowledge,0.0,0.0,0.3050939915260017,0.0,0.1805923124338364,0.0,0.0,-0.3050939915260017,0.1805923124338364,0.1805923124338364
add,0.7330377891786228,7.602644452177645,0.0,0.0,2.669817194919992,0.0,6.869606662999022,7.602644452177645,2.669817194919992,2.669817194919992
admire,0.0,1.2131213683480724,0.0,0.0,0.6758702199940212,0.0,1.2131213683480724,1.2131213683480724,0.6758702199940212,0.6758702199940212
admit,0.0,0.7330377891786228,0.0,0.0,0.1805923124338364,0.0,0.7330377891786228,0.7330377891786228,0.1805923124338364,0.1805923124338364
adopt,0.0,0.5497783418839671,0.0,0.1805923124338364,0.1805923124338364,0.1805923124338364,0.5497783418839671,0.5497783418839671,0.0,0.0
adore,0.0,0.9672933864338102,0.0,0.0,0.4128659699355516,0.0,0.9672933864338102,0.9672933864338102,0.4128659699355516,0.4128659699355516
advise,0.0,0.1525469957630008,0.0,0.0,0.4128659699355516,0.0,0.1525469957630008,0.1525469957630008,0.4128659699355516,0.4128659699355516
afford,0.0,0.9672933864338102,0.0,0.1805923124338364,0.4128659699355516,0.0,0.9672933864338102,0.9672933864338102,0.2322736575017152,0.4128659699355516
aim,0.0,0.3411682792858146,0.0,0.0,0.0,0.1805923124338364,0.3411682792858146,0.3411682792858146,0.0,-0.1805923124338364
allow,0.1525469957630008,2.010761888009552,0.1525469957630008,0.0,0.9011602933253616,0.4128659699355516,1.8582148922465513,1.8582148922465513,0.9011602933253616,0.48829432338981005
animate,0.0,0.0,0.1525469957630008,0.0,0.1805923124338364,0.0,0.0,-0.1525469957630008,0.1805923124338364,0.1805923124338364
answer,0.7738347091470481,1.2595522811302278,0.3411682792858146,0.0,2.505969694580127,0.0,0.48571757198317966,0.9183840018444132,2.505969694580127,2.505969694580127
appear,0.0,0.1525469957630008,0.0,0.1805923124338364,0.1805923124338364,0.0,0.1525469957630008,0.1525469957630008,0.0,0.1805923124338364
apply,0.1525469957630008,1.518620431183389,0.0,0.1805923124338364,0.9636139595564917,0.1805923124338364,1.3660734354203883,1.518620431183389,0.7830216471226552,0.7830216471226552
appreciate,0.0,3.5084135841988697,0.0,0.1805923124338364,1.5275352143640737,0.0,3.5084135841988697,3.5084135841988697,1.3469429019302372,1.5275352143640737
approach,0.3411682792858146,2.5865483784154306,0.1525469957630008,0.0,0.6758702199940212,0.0,2.245380099129616,2.43400138265243,0.6758702199940212,0.6758702199940212
argue,0.0,1.787343900452935,0.0,0.0,0.4128659699355516,0.0,1.787343900452935,1.787343900452935,0.4128659699355516,0.4128659699355516
arrest,0.1525469957630008,0.1525469957630008,0.0,0.0,0.1805923124338364,0.0,0.0,0.1525469957630008,0.1805923124338364,0.1805923124338364
assemble,0.1525469957630008,0.3411682792858146,0.3411682792858146,0.0,0.4128659699355516,0.0,0.18862128352281382,0.0,0.4128659699355516,0.4128659699355516
assign,0.0,0.3411682792858146,0.0,0.0,1.126450366656702,0.1805923124338364,0.3411682792858146,0.3411682792858146,1.126450366656702,0.9458580542228656
assume,0.1525469957630008,0.1525469957630008,0.0,0.1805923124338364,0.0,0.0,0.0,0.1525469957630008,-0.1805923124338364,0.0
assure,0.1525469957630008,1.0109344736233936,0.0,0.0,1.949087540228988,0.0,0.8583874778603928,1.0109344736233936,1.949087540228988,1.949087540228988
attach,0.0,0.3050939915260017,0.0,0.1805923124338364,0.0,0.0,0.3050939915260017,0.3050939915260017,-0.1805923124338364,0.0
attempt,0.0,1.2131213683480724,0.0,0.1805923124338364,0.1805923124338364,0.1805923124338364,1.2131213683480724,1.2131213683480724,0.0,0.0
attend,0.1525469957630008,0.5497783418839671,0.0,0.0,0.1805923124338364,0.0,0.39723134612096633,0.5497783418839671,0.1805923124338364,0.1805923124338364
avoid,0.1525469957630008,0.5497783418839671,0.0,0.0,0.1805923124338364,0.0,0.39723134612096633,0.5497783418839671,0.1805923124338364,0.1805923124338364
be,0.7738347091470481,5.815695761586005,0.3411682792858146,0.0,2.694522287037826,0.1805923124338364,5.041861052438957,5.47452748230019,2.694522287037826,2.5139299746039896
bear,0.1525469957630008,0.5497783418839671,0.3411682792858146,0.0,0.6758702199940212,0.1805923124338364,0.39723134612096633,0.2086100625981525,0.6758702199940212,0.4952779075601848
beat,0.7738347091470481,0.7738347091470481,0.0,0.1805923124338364,0.4128659699355516,0.1805923124338364,0.0,0.7738347091470481,0.2322736575017152,0.2322736575017152
become,1.2595522811302278,5.287133417501712,0.3411682792858146,0.1805923124338364,0.6758702199940212,0.4128659699355516,4.027581136371484,4.945965138215898,0.4952779075601848,0.2630042500584696
begin,2.645845231546194,28.444814686695093,0.7738347091470481,0.0,18.2572569517208,1.126450366656702,25.7989694551489,27.670979977548043,18.2572569517208,17.1308065850641
believe,1.0109344736233936,24.59015878957101,0.0,0.4128659699355516,8.135730844425167,0.1805923124338364,23.579224315947616,24.59015878957101,7.722864874489615,7.955138531991331
belong,0.0,0.3411682792858146,0.0,0.0,0.0,0.4128659699355516,0.3411682792858146,0.3411682792858146,0.0,-0.4128659699355516
bend,0.0,0.1525469957630008,0.0,0.0,0.1805923124338364,0.1805923124338364,0.1525469957630008,0.1525469957630008,0.1805923124338364,0.0
bet,0.0,1.2595522811302278,0.0,0.0,0.1805923124338364,0.0,1.2595522811302278,1.2595522811302278,0.1805923124338364,0.1805923124338364
bid,0.0,0.1525469957630008,0.0,0.0,0.1805923124338364,0.0,0.1525469957630008,0.1525469957630008,0.1805923124338364,0.1805923124338364
bind,0.1525469957630008,0.0,0.0,0.0,0.5417769373015092,0.0,-0.1525469957630008,0.0,0.5417769373015092,0.5417769373015092
blame,0.1525469957630008,0.5497783418839671,0.1525469957630008,0.0,2.29130282154611,0.0,0.39723134612096633,0.39723134612096633,2.29130282154611,2.29130282154611
block,0.0,0.3411682792858146,0.0,0.0,0.1805923124338364,0.0,0.3411682792858146,0.3411682792858146,0.1805923124338364,0.1805923124338364
blow,0.0,2.5865483784154306,0.7330377891786228,0.4128659699355516,1.782124416758086,0.0,2.5865483784154306,1.8535105892368078,1.3692584468225344,1.782124416758086
book,0.0,0.0,0.3411682792858146,0.0,0.1805923124338364,0.0,0.0,-0.3411682792858146,0.1805923124338364,0.1805923124338364
borrow,0.0,0.5497783418839671,0.0,0.0,0.1805923124338364,0.0,0.5497783418839671,0.5497783418839671,0.1805923124338364,0.1805923124338364
break,1.0109344736233936,1.2595522811302278,0.1525469957630008,0.1805923124338364,0.9636139595564917,0.1805923124338364,0.24861780750683415,1.107005285367227,0.7830216471226552,0.7830216471226552
breathe,0.0,0.5497783418839671,0.1525469957630008,0.1805923124338364,0.1805923124338364,0.0,0.5497783418839671,0.39723134612096633,0.0,0.1805923124338364
bring,5.287133417501712,21.070458470102395,2.3091791820720844,0.9636139595564917,13.162295278957613,2.402835475427993,15.783325052600683,18.76127928803031,12.198681319401121,10.75945980352962
brush,0.0,0.1525469957630008,0.0,0.0,0.1805923124338364,0.6192989549033274,0.1525469957630008,0.1525469957630008,0.1805923124338364,-0.43870664246949104
build,4.418675548028527,23.104720719156003,0.9672933864338102,0.6758702199940212,1.126450366656702,0.1805923124338364,18.686045171127475,22.137427332722194,0.45058014666268087,0.9458580542228656
burn,0.0,0.5497783418839671,0.0,0.1805923124338364,0.1805923124338364,0.0,0.5497783418839671,0.5497783418839671,0.0,0.1805923124338364
bury,0.0,0.1525469957630008,0.0,0.3611846248676728,0.0,0.0,0.1525469957630008,0.1525469957630008,-0.3611846248676728,0.0
bust,0.0,0.1525469957630008,0.0,0.0,0.1805923124338364,0.0,0.1525469957630008,0.1525469957630008,0.1805923124338364,0.1805923124338364
buy,0.5497783418839671,18.80975241572938,0.1525469957630008,0.1805923124338364,3.181128182315878,0.6758702199940212,18.259974073845413,18.65720541996638,3.0005358698820417,2.505257962321857
calculate,0.3411682792858146,0.0,0.0,0.0,0.1805923124338364,0.0,-0.3411682792858146,0.0,0.1805923124338364,0.1805923124338364
cancel,0.0,0.1525469957630008,0.0,0.0,0.1805923124338364,0.0,0.1525469957630008,0.1525469957630008,0.1805923124338364,0.1805923124338364
capture,0.1525469957630008,1.1607520637205722,0.0,0.0,0.1805923124338364,0.0,1.0082050679575714,1.1607520637205722,0.1805923124338364,0.1805923124338364
care,0.5117524189287219,0.7738347091470481,0.1525469957630008,0.0,0.4128659699355516,0.0,0.2620822902183262,0.6212877133840473,0.4128659699355516,0.4128659699355516
carry,0.7330377891786228,2.3514076167413007,0.0,0.6758702199940212,1.782124416758086,0.3611846248676728,1.6183698275626779,2.3514076167413007,1.106254196764065,1.4209397918904134
carve,0.0,0.1525469957630008,0.0,0.0,0.4128659699355516,0.0,0.1525469957630008,0.1525469957630008,0.4128659699355516,0.4128659699355516
catch,0.3411682792858146,3.056829901763691,0.3411682792858146,0.1805923124338364,0.4128659699355516,0.6192989549033274,2.7156616224778762,2.7156616224778762,0.2322736575017152,-0.20643298496777585
challenge,0.1525469957630008,1.518620431183389,0.3411682792858146,0.1805923124338364,0.1805923124338364,0.0,1.3660734354203883,1.1774521518975745,0.0,0.1805923124338364
change,1.518620431183389,8.290638859005186,0.1525469957630008,0.9011602933253616,2.891934711196253,0.9636139595564917,6.772018427821798,8.138091863242186,1.9907744178708913,1.9283207516397614
channel,0.1525469957630008,0.1525469957630008,0.0,0.0,0.1805923124338364,0.0,0.0,0.1525469957630008,0.1805923124338364,0.1805923124338364
chase,0.0,0.3411682792858146,0.1525469957630008,0.1805923124338364,0.3611846248676728,0.4128659699355516,0.3411682792858146,0.18862128352281382,0.1805923124338364,-0.0516813450678788
check,0.3411682792858146,1.7355662070667304,0.0,0.0,0.6758702199940212,0.0,1.3943979277809158,1.7355662070667304,0.6758702199940212,0.6758702199940212
choose,0.1525469957630008,10.978459735013104,0.0,0.6758702199940212,5.241729536740589,0.4128659699355516,10.825912739250104,10.978459735013104,4.565859316746568,4.828863566805038
clear,0.0,0.0,0.3411682792858146,0.0,0.1805923124338364,0.0,0.0,-0.3411682792858146,0.1805923124338364,0.1805923124338364
climb,0.3411682792858146,1.0109344736233936,0.0,0.0,0.1805923124338364,0.0,0.669766194337579,1.0109344736233936,0.1805923124338364,0.1805923124338364
close,0.5117524189287219,3.5084135841988697,0.0,0.0,0.4128659699355516,0.0,2.996661165270148,3.5084135841988697,0.4128659699355516,0.4128659699355516
coach,0.0,0.1525469957630008,0.0,0.3611846248676728,0.6758702199940212,0.0,0.1525469957630008,0.1525469957630008,0.3146855951263484,0.6758702199940212
coin,0.0,0.3050939915260017,0.0,0.0,0.1805923124338364,0.0,0.3050939915260017,0.3050939915260017,0.1805923124338364,0.1805923124338364
collect,0.1525469957630008,1.952511982950072,0.1525469957630008,0.0,0.1805923124338364,0.4128659699355516,1.799964987187071,1.799964987187071,0.1805923124338364,-0.2322736575017152
color,0.0,0.1525469957630008,0.0,0.0,0.1805923124338364,0.0,0.1525469957630008,0.1525469957630008,0.1805923124338364,0.1805923124338364
combine,0.1525469957630008,0.5497783418839671,0.0,0.0,0.1805923124338364,0.0,0.39723134612096633,0.5497783418839671,0.1805923124338364,0.1805923124338364
come,6.461355470472123,18.70382153455486,1.2131213683480724,0.0,8.311413525571364,0.9636139595564917,12.242466064082736,17.490700166206786,8.311413525571364,7.3477995660148725
commission,0.0,0.1525469957630008,0.0,0.0,0.6758702199940212,0.0,0.1525469957630008,0.1525469957630008,0.6758702199940212,0.6758702199940212
commit,0.1525469957630008,0.0,0.0,0.0,0.1805923124338364,0.0,-0.1525469957630008,0.0,0.1805923124338364,0.1805923124338364
communicate,0.0,0.1525469957630008,0.0,0.0,0.1805923124338364,0.1805923124338364,0.1525469957630008,0.1525469957630008,0.1805923124338364,0.0
compare,0.0,0.3411682792858146,0.0,0.1805923124338364,0.9636139595564917,0.3611846248676728,0.3411682792858146,0.3411682792858146,0.7830216471226552,0.6024293346888189
complete,0.1525469957630008,0.5497783418839671,0.1525469957630008,0.0,0.1805923124338364,0.0,0.39723134612096633,0.39723134612096633,0.1805923124338364,0.1805923124338364
compose,0.1525469957630008,0.0,0.0,0.0,0.1805923124338364,0.0,-0.1525469957630008,0.0,0.1805923124338364,0.1805923124338364
concentrate,0.0,0.1525469957630008,0.0,0.0,0.0,0.1805923124338364,0.1525469957630008,0.1525469957630008,0.0,-0.1805923124338364
conduct,0.0,0.5497783418839671,0.0,0.1805923124338364,0.0,0.0,0.5497783418839671,0.5497783418839671,-0.1805923124338364,0.0
confront,0.0,0.1525469957630008,0.0,0.0,0.1805923124338364,0.0,0.1525469957630008,0.1525469957630008,0.1805923124338364,0.1805923124338364
connect,0.0,0.7738347091470481,0.0,0.1805923124338364,0.6758702199940212,0.0,0.7738347091470481,0.7738347091470481,0.4952779075601848,0.6758702199940212
consider,0.0,4.494063404876455,0.0,0.0,0.6758702199940212,0.1805923124338364,4.494063404876455,4.494063404876455,0.6758702199940212,0.4952779075601848
contact,0.0,0.3411682792858146,0.1525469957630008,0.0,0.4128659699355516,0.0,0.3411682792858146,0.18862128352281382,0.4128659699355516,0.4128659699355516
contain,0.0,0.1525469957630008,0.1525469957630008,0.0,0.1805923124338364,0.0,0.1525469957630008,0.0,0.1805923124338364,0.1805923124338364
continue,0.1525469957630008,1.518620431183389,0.0,0.0,1.6018903169519951,0.0,1.3660734354203883,1.518620431183389,1.6018903169519951,1.6018903169519951
control,0.3050939915260017,0.7738347091470481,0.0,0.0,0.6192989549033274,0.0,0.4687407176210464,0.7738347091470481,0.6192989549033274,0.6192989549033274
convince,0.1525469957630008,1.787343900452935,0.0,0.0,1.2729460119700613,0.1805923124338364,1.6347969046899342,1.787343900452935,1.2729460119700613,1.0923536995362249
cook,0.1525469957630008,1.0109344736233936,0.3050939915260017,0.0,0.0,0.1805923124338364,0.8583874778603928,0.7058404820973919,0.0,-0.1805923124338364
copy,0.0,0.1525469957630008,0.0,0.0,0.1805923124338364,0.0,0.1525469957630008,0.1525469957630008,0.1805923124338364,0.1805923124338364
count,0.1525469957630008,1.0109344736233936,0.0,0.0,0.6758702199940212,0.0,0.8583874778603928,1.0109344736233936,0.6758702199940212,0.6758702199940212
cover,0.9672933864338102,3.57468780090587,0.0,0.0,0.1805923124338364,0.3611846248676728,2.6073944144720596,3.57468780090587,0.1805923124338364,-0.1805923124338364
crack,0.0,0.3411682792858146,0.0,0.0,0.4128659699355516,0.0,0.3411682792858146,0.3411682792858146,0.4128659699355516,0.4128659699355516
create,1.7355662070667304,11.04457089233387,0.3411682792858146,0.9636139595564917,7.775818718603928,0.9011602933253616,9.309004685267139,10.703402613048056,6.812204759047436,6.874658425278566
cross,0.1525469957630008,0.1525469957630008,0.0,0.0,0.9636139595564917,0.0,0.0,0.1525469957630008,0.9636139595564917,0.9636139595564917
cut,0.1525469957630008,4.596175474868304,0.1525469957630008,0.1805923124338364,0.9636139595564917,0.1805923124338364,4.443628479105303,4.443628479105303,0.7830216471226552,0.7830216471226552
dare,0.0,0.3411682792858146,0.0,0.0,0.1805923124338364,0.0,0.3411682792858146,0.3411682792858146,0.1805923124338364,0.1805923124338364
date,0.1525469957630008,0.5117524189287219,0.0,0.0,0.1805923124338364,0.1805923124338364,0.3592054231657211,0.5117524189287219,0.1805923124338364,0.0
deal,0.1525469957630008,0.7738347091470481,0.0,0.0,0.1805923124338364,0.0,0.6212877133840473,0.7738347091470481,0.1805923124338364,0.1805923124338364
deceive,0.0,0.1525469957630008,0.0,0.0,0.1805923124338364,0.0,0.1525469957630008,0.1525469957630008,0.1805923124338364,0.1805923124338364
decide,2.2945608986646646,46.47278741705113,0.5497783418839671,0.4128659699355516,19.393589870253265,0.4128659699355516,44.17822651838647,45.923009075167165,18.980723900317713,18.980723900317713
declare,0.0,0.1525469957630008,0.0,0.0,0.1805923124338364,0.0,0.1525469957630008,0.1525469957630008,0.1805923124338364,0.1805923124338364
dedicate,0.1525469957630008,0.3411682792858146,0.0,0.1805923124338364,0.1805923124338364,0.0,0.18862128352281382,0.3411682792858146,0.0,0.1805923124338364
define,0.0,0.7738347091470481,0.0,0.0,0.6758702199940212,0.0,0.7738347091470481,0.7738347091470481,0.6758702199940212,0.6758702199940212
deliver,0.3411682792858146,0.7738347091470481,0.0,0.1805923124338364,0.1805923124338364,0.0,0.4326664298612335,0.7738347091470481,0.0,0.1805923124338364
deny,0.0,0.3411682792858146,0.0,0.1805923124338364,0.4128659699355516,0.0,0.3411682792858146,0.3411682792858146,0.2322736575017152,0.4128659699355516
describe,1.6794030415069705,6.179235084545782,0.3411682792858146,0.1805923124338364,2.402835475427993,0.0,4.499832043038811,5.838066805259968,2.2222431629941566,2.402835475427993
design,2.169457758833413,7.120814247135893,0.1525469957630008,0.1805923124338364,2.602741240076628,0.0,4.95135648830248,6.968267251372892,2.4221489276427914,2.602741240076628
desire,0.0,0.3411682792858146,0.0,0.0,0.1805923124338364,0.0,0.3411682792858146,0.3411682792858146,0.1805923124338364,0.1805923124338364
determine,0.0,0.1525469957630008,0.0,0.0,0.4128659699355516,0.0,0.1525469957630008,0.1525469957630008,0.4128659699355516,0.4128659699355516
develop,1.7355662070667304,6.9852222694865365,0.0,0.9636139595564917,1.2729460119700613,0.0,5.249656062419806,6.9852222694865365,0.30933205241356965,1.2729460119700613
devise,0.1525469957630008,0.1525469957630008,0.0,0.1805923124338364,0.1805923124338364,0.0,0.0,0.1525469957630008,0.0,0.1805923124338364
devote,0.0,0.3411682792858146,0.0,0.0,0.9636139595564917,0.0,0.3411682792858146,0.3411682792858146,0.9636139595564917,0.9636139595564917
dial,0.0,0.6101879830520034,0.0,0.0,0.3611846248676728,0.0,0.6101879830520034,0.6101879830520034,0.3611846248676728,0.3611846248676728
die,1.0109344736233936,0.5497783418839671,0.0,0.3611846248676728,0.1805923124338364,0.4128659699355516,-0.4611561317394265,0.5497783418839671,-0.1805923124338364,-0.2322736575017152
dig,0.5117524189287219,1.2595522811302278,0.0,0.0,0.1805923124338364,0.4128659699355516,0.7477998622015058,1.2595522811302278,0.1805923124338364,-0.2322736575017152
discount,0.0,0.3411682792858146,0.0,0.0,0.6192989549033274,0.0,0.3411682792858146,0.3411682792858146,0.6192989549033274,0.6192989549033274
discourage,0.1525469957630008,0.0,0.0,0.0,0.1805923124338364,0.0,-0.1525469957630008,0.0,0.1805923124338364,0.1805923124338364
discover,0.3411682792858146,3.759014554498789,0.1525469957630008,0.1805923124338364,7.068926107821753,0.0,3.4178462752129746,3.6064675587357886,6.888333795387917,7.068926107821753
discuss,0.0,0.1525469957630008,0.0,0.0,0.1805923124338364,0.0,0.1525469957630008,0.1525469957630008,0.1805923124338364,0.1805923124338364
dislike,0.0,0.1525469957630008,0.0,0.1805923124338364,0.0,0.0,0.1525469957630008,0.1525469957630008,-0.1805923124338364,0.0
distribute,0.0,0.1525469957630008,0.0,0.0,0.0,0.1805923124338364,0.1525469957630008,0.1525469957630008,0.0,-0.1805923124338364
divide,0.1525469957630008,0.5497783418839671,0.0,0.0,0.6758702199940212,0.0,0.39723134612096633,0.5497783418839671,0.6758702199940212,0.6758702199940212
document,0.1525469957630008,0.1525469957630008,0.0,0.0,0.1805923124338364,0.0,0.0,0.1525469957630008,0.1805923124338364,0.1805923124338364
domesticate,0.0,0.1525469957630008,0.0,0.0,0.1805923124338364,0.0,0.1525469957630008,0.1525469957630008,0.1805923124338364,0.1805923124338364
doubt,0.1525469957630008,0.5497783418839671,0.0,0.0,0.4128659699355516,0.0,0.39723134612096633,0.5497783418839671,0.4128659699355516,0.4128659699355516
download,0.1525469957630008,0.9672933864338102,0.0,0.1805923124338364,0.0,0.0,0.8147463906708095,0.9672933864338102,-0.1805923124338364,0.0
drag,0.1525469957630008,0.7330377891786228,0.0,0.0,0.1805923124338364,0.0,0.580490793415622,0.7330377891786228,0.1805923124338364,0.1805923124338364
draw,1.4694776613185991,5.899498473039764,0.0,0.1805923124338364,1.782124416758086,0.1805923124338364,4.430020811721165,5.899498473039764,1.6015321043242496,1.6015321043242496
dream,0.1525469957630008,0.5497783418839671,0.0,0.1805923124338364,0.6758702199940212,0.0,0.39723134612096633,0.5497783418839671,0.4952779075601848,0.6758702199940212
drink,0.5117524189287219,0.5117524189287219,0.0,0.4128659699355516,0.0,0.0,0.0,0.5117524189287219,-0.4128659699355516,0.0
drive,0.7738347091470481,5.815695761586005,0.0,0.1805923124338364,1.4454209393347373,0.1805923124338364,5.041861052438957,5.815695761586005,1.2648286269009008,1.2648286269009008
drop,0.1525469957630008,1.61749515779743,0.5117524189287219,0.1805923124338364,0.6758702199940212,0.1805923124338364,1.4649481620344291,1.105742738868708,0.4952779075601848,0.4952779075601848
dump,0.0,0.0,0.1525469957630008,0.0,0.4128659699355516,0.0,0.0,-0.1525469957630008,0.4128659699355516,0.4128659699355516
earn,0.1525469957630008,0.7738347091470481,0.0,0.3611846248676728,0.4128659699355516,0.0,0.6212877133840473,0.7738347091470481,0.0516813450678788,0.4128659699355516
eat,0.7738347091470481,3.1937498868774075,1.0995566837679345,0.0,0.9636139595564917,0.1805923124338364,2.4199151777303594,2.094193203109473,0.9636139595564917,0.7830216471226552
elect,0.1525469957630008,0.0,0.0,0.1805923124338364,0.1805923124338364,0.0,-0.1525469957630008,0.0,0.0,0.1805923124338364
email,0.1525469957630008,0.9162972364732784,0.0,0.0,0.6192989549033274,0.0,0.7637502407102776,0.9162972364732784,0.6192989549033274,0.6192989549033274
embrace,0.0,0.7330377891786228,0.0,0.0,0.1805923124338364,0.0,0.7330377891786228,0.7330377891786228,0.1805923124338364,0.1805923124338364
emphasize,0.3411682792858146,0.0,0.0,0.0,0.1805923124338364,0.0,-0.3411682792858146,0.0,0.1805923124338364,0.1805923124338364
encounter,0.0,0.3411682792858146,0.0,0.0,1.6018903169519951,0.0,0.3411682792858146,0.3411682792858146,1.6018903169519951,1.6018903169519951
encourage,0.1525469957630008,5.10686163874256,0.0,0.0,0.6758702199940212,0.1805923124338364,4.954314642979559,5.10686163874256,0.6758702199940212,0.4952779075601848
end,0.7738347091470481,9.723778622440175,0.0,0.4128659699355516,1.949087540228988,0.1805923124338364,8.949943913293128,9.723778622440175,1.5362215702934363,1.7684952277951516
engage,0.0,0.1525469957630008,0.0,0.0,0.4128659699355516,0.0,0.1525469957630008,0.1525469957630008,0.4128659699355516,0.4128659699355516
engineer,0.0,0.1525469957630008,0.0,0.1805923124338364,0.1805923124338364,0.1805923124338364,0.1525469957630008,0.1525469957630008,0.0,0.0
enjoy,0.1525469957630008,4.229706734001369,0.0,0.0,2.3135477689570023,0.0,4.077159738238368,4.229706734001369,2.3135477689570023,2.3135477689570023
enter,0.7738347091470481,1.0109344736233936,0.5117524189287219,0.0,0.6758702199940212,0.0,0.2370997644763455,0.4991820546946717,0.6758702199940212,0.6758702199940212
entertain,0.1525469957630008,0.0,0.0,0.1805923124338364,0.0,0.0,-0.1525469957630008,0.0,-0.1805923124338364,0.0
entrance,0.0,0.1525469957630008,0.0,0.0,0.1805923124338364,0.0,0.1525469957630008,0.1525469957630008,0.1805923124338364,0.1805923124338364
envision,0.1525469957630008,0.3411682792858146,0.0,0.0,0.1805923124338364,0.0,0.18862128352281382,0.3411682792858146,0.1805923124338364,0.1805923124338364
escape,0.5497783418839671,0.1525469957630008,0.0,0.0,0.1805923124338364,0.0,-0.39723134612096633,0.1525469957630008,0.1805923124338364,0.1805923124338364
examine,0.0,0.1525469957630008,0.0,0.0,0.4128659699355516,0.0,0.1525469957630008,0.1525469957630008,0.4128659699355516,0.4128659699355516
expect,0.3411682792858146,8.082407211427594,0.1525469957630008,0.4128659699355516,1.5275352143640737,0.0,7.741238932141779,7.9298602156645925,1.114669244428522,1.5275352143640737
experience,0.7738347091470481,4.494063404876455,0.0,0.1805923124338364,1.782124416758086,0.0,3.7202286957294066,4.494063404876455,1.6015321043242496,1.782124416758086
explain,1.0109344736233936,7.698450369076244,0.0,0.3611846248676728,0.6758702199940212,0.0,6.68751589545285,7.698450369076244,0.3146855951263484,0.6758702199940212
explore,0.0,1.518620431183389,0.1525469957630008,0.0,1.2729460119700613,0.1805923124338364,1.518620431183389,1.3660734354203883,1.2729460119700613,1.0923536995362249
expose,0.1525469957630008,0.7738347091470481,0.0,0.0,0.1805923124338364,0.0,0.6212877133840473,0.7738347091470481,0.1805923124338364,0.1805923124338364
express,0.0,0.1525469957630008,0.0,0.1805923124338364,0.4128659699355516,0.0,0.1525469957630008,0.1525469957630008,0.2322736575017152,0.4128659699355516
face,0.5497783418839671,0.5497783418839671,0.1525469957630008,0.1805923124338364,0.1805923124338364,0.0,0.0,0.39723134612096633,0.0,0.1805923124338364
fail,0.1525469957630008,0.7738347091470481,0.0,0.1805923124338364,1.2045174494456143,0.0,0.6212877133840473,0.7738347091470481,1.023925137011778,1.2045174494456143
fake,0.3050939915260017,0.0,0.0,0.0,0.1805923124338364,0.0,-0.3050939915260017,0.0,0.1805923124338364,0.1805923124338364
fascinate,0.0,1.2595522811302278,0.0,0.0,0.9636139595564917,0.1805923124338364,1.2595522811302278,1.2595522811302278,0.9636139595564917,0.7830216471226552
fear,0.0,0.5497783418839671,0.0,0.0,0.6192989549033274,0.1805923124338364,0.5497783418839671,0.5497783418839671,0.6192989549033274,0.43870664246949104
feel,1.0109344736233936,14.26687517077449,0.0,0.1805923124338364,8.87534273937291,0.1805923124338364,13.255940697151097,14.26687517077449,8.694750426939073,8.694750426939073
fell,0.0,1.2595522811302278,0.1525469957630008,0.0,0.9636139595564917,0.0,1.2595522811302278,1.107005285367227,0.9636139595564917,0.9636139595564917
felt,1.2595522811302278,8.290638859005186,0.3411682792858146,0.0,8.83615763477719,0.1805923124338364,7.031086577874959,7.949470579719372,8.83615763477719,8.655565322343355
fight,0.0,1.4694776613185991,0.0,0.0,0.1805923124338364,0.0,1.4694776613185991,1.4694776613185991,0.1805923124338364,0.1805923124338364
figure,1.0109344736233936,4.911343250327061,0.0,0.0,1.5275352143640737,0.1805923124338364,3.9004087767036673,4.911343250327061,1.5275352143640737,1.3469429019302372
fill,0.1525469957630008,1.7355662070667304,0.0,0.1805923124338364,0.1805923124338364,0.1805923124338364,1.5830192113037296,1.7355662070667304,0.0,0.0
film,0.1525469957630008,1.0109344736233936,0.3411682792858146,0.0,0.1805923124338364,0.0,0.8583874778603928,0.669766194337579,0.1805923124338364,0.1805923124338364
finish,0.3411682792858146,3.898831365907524,0.0,0.0,1.6018903169519951,0.0,3.5576630866217096,3.898831365907524,1.6018903169519951,1.6018903169519951
fit,0.0,0.3411682792858146,0.0,0.0,0.0,0.1805923124338364,0.3411682792858146,0.3411682792858146,0.0,-0.1805923124338364
fix,0.0,0.5497783418839671,0.0,0.0,0.4128659699355516,0.0,0.5497783418839671,0.5497783418839671,0.4128659699355516,0.4128659699355516
flip,0.3411682792858146,0.3411682792858146,0.1525469957630008,0.0,0.1805923124338364,0.0,0.0,0.18862128352281382,0.1805923124338364,0.1805923124338364
fly,0.1525469957630008,2.0651048087981985,0.0,0.1805923124338364,0.4128659699355516,0.0,1.9125578130351977,2.0651048087981985,0.2322736575017152,0.4128659699355516
focus,0.3411682792858146,0.7738347091470481,0.0,0.0,0.4128659699355516,0.0,0.4326664298612335,0.7738347091470481,0.4128659699355516,0.4128659699355516
follow,0.3411682792858146,4.418675548028527,0.3411682792858146,0.9636139595564917,1.8688720364439944,0.0,4.077507268742712,4.077507268742712,0.9052580768875027,1.8688720364439944
force,0.1525469957630008,2.0651048087981985,0.0,0.0,0.4128659699355516,0.4128659699355516,1.9125578130351977,2.0651048087981985,0.4128659699355516,0.0
forget,0.1525469957630008,9.098462596538443,0.0,0.0,2.993913652264251,0.0,8.945915600775443,9.098462596538443,2.993913652264251,2.993913652264251
found,0.0,2.0651048087981985,0.1525469957630008,0.1805923124338364,1.5275352143640737,0.1805923124338364,2.0651048087981985,1.9125578130351977,1.3469429019302372,1.3469429019302372
frame,0.0,0.1525469957630008,0.0,0.0,0.1805923124338364,0.0,0.1525469957630008,0.1525469957630008,0.1805923124338364,0.1805923124338364
fund,0.5497783418839671,0.0,0.1525469957630008,0.0,0.1805923124338364,0.0,-0.5497783418839671,-0.1525469957630008,0.1805923124338364,0.1805923124338364
gain,0.0,0.5497783418839671,0.0,0.0,0.8257319398711032,0.0,0.5497783418839671,0.5497783418839671,0.8257319398711032,0.8257319398711032
gather,0.1525469957630008,0.7330377891786228,0.0,0.0,0.1805923124338364,0.0,0.580490793415622,0.7330377891786228,0.1805923124338364,0.1805923124338364
gon,0.0,3.441841347996997,0.0,0.0,4.627095537914005,0.6192989549033274,3.441841347996997,3.441841347996997,4.627095537914005,4.007796583010677
govern,0.0,0.1525469957630008,0.0,0.1805923124338364,0.0,0.0,0.1525469957630008,0.1525469957630008,-0.1805923124338364,0.0
grab,1.787343900452935,1.7355662070667304,0.1525469957630008,0.0,0.9011602933253616,0.6192989549033274,-0.05177769338620464,1.5830192113037296,0.9011602933253616,0.2818613384220342
graduate,0.5497783418839671,0.9162972364732784,0.1525469957630008,0.0,0.1805923124338364,0.0,0.3665188945893113,0.7637502407102776,0.1805923124338364,0.1805923124338364
grant,0.1525469957630008,0.0,0.0,0.0,0.1805923124338364,0.0,-0.1525469957630008,0.0,0.1805923124338364,0.1805923124338364
grow,0.1525469957630008,4.229706734001369,0.0,0.6192989549033274,1.2045174494456143,0.4128659699355516,4.077159738238368,4.229706734001369,0.5852184945422869,0.7916514795100628
guarantee,0.0,1.787343900452935,0.0,0.0,0.1805923124338364,0.0,1.787343900452935,1.787343900452935,0.1805923124338364,0.1805923124338364
guess,0.0,2.0651048087981985,0.0,0.0,0.6758702199940212,0.0,2.0651048087981985,2.0651048087981985,0.6758702199940212,0.6758702199940212
hand,0.0,0.7330377891786228,0.3050939915260017,0.6758702199940212,0.6192989549033274,0.0,0.7330377891786228,0.42794379765262114,-0.05657126509069377,0.6192989549033274
hang,0.1525469957630008,0.3411682792858146,0.0,0.0,0.1805923124338364,0.1805923124338364,0.18862128352281382,0.3411682792858146,0.1805923124338364,0.0
happen,0.3411682792858146,4.418675548028527,0.0,0.0,1.2045174494456143,0.0,4.077507268742712,4.418675548028527,1.2045174494456143,1.2045174494456143
hasten,0.0,0.1525469957630008,0.0,0.0,0.1805923124338364,0.0,0.1525469957630008,0.1525469957630008,0.1805923124338364,0.1805923124338364
hat,0.1525469957630008,4.422115227984103,0.3050939915260017,0.0,0.4128659699355516,0.0,4.269568232221102,4.117021236458101,0.4128659699355516,0.4128659699355516
hate,0.0,6.092633654994862,0.0,0.0,3.5038107191289414,0.0,6.092633654994862,6.092633654994862,3.5038107191289414,3.5038107191289414
hear,2.886376616232212,31.69427436921462,0.1525469957630008,0.1805923124338364,24.247068355220804,0.1805923124338364,28.80789775298241,31.54172737345162,24.066476042786967,24.066476042786967
help,0.3411682792858146,5.538757868177147,0.3411682792858146,0.1805923124338364,4.586513344648016,0.1805923124338364,5.197589588891333,5.197589588891333,4.40592103221418,4.40592103221418
hide,0.0,0.3411682792858146,0.0,0.3611846248676728,0.4128659699355516,0.0,0.3411682792858146,0.3411682792858146,0.0516813450678788,0.4128659699355516
hit,0.5497783418839671,2.8216891400895605,0.1525469957630008,0.6758702199940212,1.2045174494456143,0.4128659699355516,2.2719107982055933,2.6691421443265595,0.5286472294515931,0.7916514795100628
hold,1.2595522811302278,5.551490088376798,0.5117524189287219,0.1805923124338364,2.993913652264251,0.9011602933253616,4.29193780724657,5.039737669448076,2.8133213398304147,2.0927533589388894
hop,0.1525469957630008,3.056829901763691,0.3411682792858146,0.0,0.1805923124338364,0.0,2.90428290600069,2.7156616224778762,0.1805923124338364,0.1805923124338364
hope,0.0,8.897015441046728,0.0,0.0,7.765924896951295,0.0,8.897015441046728,8.897015441046728,7.765924896951295,7.765924896951295
hug,0.1525469957630008,0.0,0.0,0.0,0.1805923124338364,0.1805923124338364,-0.1525469957630008,0.0,0.1805923124338364,0.0
hunch,0.0,0.3050939915260017,0.0,0.0,0.1805923124338364,0.0,0.3050939915260017,0.3050939915260017,0.1805923124338364,0.1805923124338364
identify,0.0,0.3411682792858146,0.0,0.0,0.9011602933253616,0.0,0.3411682792858146,0.3411682792858146,0.9011602933253616,0.9011602933253616
ignore,0.0,1.4694776613185991,0.1525469957630008,0.0,0.4128659699355516,0.0,1.4694776613185991,1.3169306655555983,0.4128659699355516,0.4128659699355516
imagine,0.7330377891786228,6.923447335221435,0.0,0.1805923124338364,3.5038107191289414,0.0,6.190409546042812,6.923447335221435,3.323218406695105,3.5038107191289414
imitate,0.0,0.0,0.1525469957630008,0.0,0.1805923124338364,0.0,0.0,-0.1525469957630008,0.1805923124338364,0.1805923124338364
immerse,0.0,0.1525469957630008,0.0,0.0,0.1805923124338364,0.0,0.1525469957630008,0.1525469957630008,0.1805923124338364,0.1805923124338364
impersonate,0.1525469957630008,0.0,0.0,0.0,0.1805923124338364,0.0,-0.1525469957630008,0.0,0.1805923124338364,0.1805923124338364
improve,0.0,0.3411682792858146,0.0,0.0,0.1805923124338364,0.0,0.3411682792858146,0.3411682792858146,0.1805923124338364,0.1805923124338364
improvise,0.3050939915260017,0.1525469957630008,0.0,0.0,0.1805923124338364,0.0,-0.1525469957630009,0.1525469957630008,0.1805923124338364,0.1805923124338364
include,0.4576409872890026,0.3411682792858146,0.0,0.1805923124338364,0.0,0.0,-0.11647270800318799,0.3411682792858146,-0.1805923124338364,0.0
influence,0.1525469957630008,0.3411682792858146,0.0,0.0,0.4128659699355516,0.0,0.18862128352281382,0.3411682792858146,0.4128659699355516,0.4128659699355516
inherit,0.0,0.1525469957630008,0.0,0.1805923124338364,0.0,0.0,0.1525469957630008,0.1525469957630008,-0.1805923124338364,0.0
inject,0.0,0.1525469957630008,0.1525469957630008,0.3611846248676728,0.0,0.0,0.1525469957630008,0.0,-0.3611846248676728,0.0
insert,0.0,0.1525469957630008,0.0,0.1805923124338364,0.0,0.0,0.1525469957630008,0.1525469957630008,-0.1805923124338364,0.0
inspire,0.1525469957630008,1.518620431183389,0.0,0.0,1.2729460119700613,0.0,1.3660734354203883,1.518620431183389,1.2729460119700613,1.2729460119700613
instal,0.1525469957630008,0.6823365585716292,0.0,0.0,0.0,0.1805923124338364,0.5297895628086284,0.6823365585716292,0.0,-0.1805923124338364
intend,0.7330377891786228,1.4694776613185991,0.0,0.0,0.4128659699355516,0.0,0.7364398721399763,1.4694776613185991,0.4128659699355516,0.4128659699355516
interpret,0.1525469957630008,0.1525469957630008,0.0,0.0,0.1805923124338364,0.0,0.0,0.1525469957630008,0.1805923124338364,0.1805923124338364
interview,0.1525469957630008,1.4153082630727511,0.0,0.0,2.135853755935994,0.0,1.2627612673097504,1.4153082630727511,2.135853755935994,2.135853755935994
introduce,0.7738347091470481,2.0651048087981985,0.0,0.0,0.6758702199940212,0.0,1.2912700996511504,2.0651048087981985,0.6758702199940212,0.6758702199940212
invent,1.2595522811302278,3.4394229550987467,0.3050939915260017,0.0,0.1805923124338364,0.1805923124338364,2.179870673968519,3.134328963572745,0.1805923124338364,0.0
invite,1.2595522811302278,6.742283969188302,0.0,0.4128659699355516,3.709715762928933,0.0,5.482731688058074,6.742283969188302,3.2968497929933815,3.709715762928933
issue,0.3050939915260017,0.1525469957630008,0.0,0.0,0.1805923124338364,0.0,-0.1525469957630009,0.1525469957630008,0.1805923124338364,0.1805923124338364
join,0.1525469957630008,4.494063404876455,0.3411682792858146,0.6758702199940212,3.709715762928933,0.0,4.341516409113454,4.15289512559064,3.0338455429349116,3.709715762928933
judge,0.0,0.1525469957630008,0.0,0.0,0.1805923124338364,0.0,0.1525469957630008,0.1525469957630008,0.1805923124338364,0.1805923124338364
jump,0.3411682792858146,0.7738347091470481,0.0,0.0,0.0,0.1805923124338364,0.4326664298612335,0.7738347091470481,0.0,-0.1805923124338364
keep,4.158753456968025,17.53659652129213,0.5497783418839671,0.9011602933253616,13.563457528244628,1.2045174494456143,13.377843064324104,16.98681817940816,12.662297234919267,12.358940078799014
kick,0.1525469957630008,0.5497783418839671,0.0,0.1805923124338364,0.1805923124338364,0.0,0.39723134612096633,0.5497783418839671,0.0,0.1805923124338364
kill,1.4694776613185991,0.7738347091470481,0.1525469957630008,1.5275352143640737,0.6758702199940212,0.0,-0.695642952171551,0.6212877133840473,-0.8516649943700525,0.6758702199940212
knock,0.1525469957630008,0.7330377891786228,0.0,0.0,0.1805923124338364,0.0,0.580490793415622,0.7330377891786228,0.1805923124338364,0.1805923124338364
land,0.5117524189287219,0.5497783418839671,0.0,0.0,0.1805923124338364,0.0,0.038025922955245206,0.5497783418839671,0.1805923124338364,0.1805923124338364
laugh,0.1525469957630008,0.0,0.0,0.1805923124338364,0.0,0.1805923124338364,-0.1525469957630008,0.0,-0.1805923124338364,-0.1805923124338364
launch,0.1525469957630008,0.7738347091470481,0.1525469957630008,0.0,0.4128659699355516,0.0,0.6212877133840473,0.6212877133840473,0.4128659699355516,0.4128659699355516
lay,0.3411682792858146,0.5497783418839671,0.1525469957630008,0.4128659699355516,0.6758702199940212,0.3611846248676728,0.2086100625981525,0.39723134612096633,0.2630042500584696,0.3146855951263484
lead,0.7738347091470481,2.524016988531131,0.0,0.6758702199940212,1.2045174494456143,0.0,1.750182279384083,2.524016988531131,0.5286472294515931,1.2045174494456143
lean,0.0,0.3411682792858146,0.1525469957630008,0.0,0.1805923124338364,0.0,0.3411682792858146,0.18862128352281382,0.1805923124338364,0.1805923124338364
learn,1.6794030415069705,51.775911579226864,0.1525469957630008,1.2729460119700613,25.266507604746558,0.8257319398711032,50.09650853771989,51.62336458346386,23.993561592776498,24.440775664875453
leave,2.5865483784154306,21.34527644984201,1.787343900452935,0.9011602933253616,12.939632410307706,1.6018903169519951,18.75872807142658,19.557932549389076,12.038472116982344,11.337742093355711
let,1.518620431183389,3.898831365907524,0.1525469957630008,0.4128659699355516,0.9011602933253616,0.0,2.3802109347241354,3.746284370144523,0.48829432338981005,0.9011602933253616
lift,0.3411682792858146,0.6823365585716292,0.1525469957630008,0.0,0.1805923124338364,0.0,0.3411682792858146,0.5297895628086284,0.1805923124338364,0.1805923124338364
link,0.0,0.1525469957630008,0.0,0.0,0.1805923124338364,0.0,0.1525469957630008,0.1525469957630008,0.1805923124338364,0.1805923124338364
listen,0.0,0.5497783418839671,0.0,0.0,0.9011602933253616,0.0,0.5497783418839671,0.5497783418839671,0.9011602933253616,0.9011602933253616
live,1.2595522811302278,5.981483967594151,0.7738347091470481,0.9636139595564917,1.949087540228988,0.9011602933253616,4.721931686463924,5.207649258447104,0.9854735806724964,1.0479272469036265
long,0.0,0.1525469957630008,0.0,0.1805923124338364,0.4128659699355516,0.0,0.1525469957630008,0.1525469957630008,0.2322736575017152,0.4128659699355516
look,5.104585504624777,22.320297978225994,1.4153082630727511,1.949087540228988,8.099054403926967,1.6018903169519951,17.21571247360122,20.904989715153242,6.149966863697979,6.497164086974972
lose,5.198441821210031,9.705026769641009,0.7738347091470481,0.1805923124338364,10.623221129597622,0.1805923124338364,4.5065849484309775,8.931192060493961,10.442628817163786,10.442628817163786
lower,0.0,0.0,0.5497783418839671,0.0,0.1805923124338364,0.0,0.0,-0.5497783418839671,0.1805923124338364,0.1805923124338364
maintain,0.1525469957630008,0.0,0.0,0.0,0.4128659699355516,0.0,-0.1525469957630008,0.0,0.4128659699355516,0.4128659699355516
manage,0.3411682792858146,3.5084135841988697,0.1525469957630008,0.1805923124338364,1.2045174494456143,0.1805923124338364,3.167245304913055,3.3558665884358687,1.023925137011778,1.023925137011778
marry,0.1525469957630008,1.0109344736233936,0.3411682792858146,0.1805923124338364,0.9011602933253616,0.4128659699355516,0.8583874778603928,0.669766194337579,0.7205679808915253,0.48829432338981005
master,0.1525469957630008,0.3411682792858146,0.0,0.0,0.1805923124338364,0.0,0.18862128352281382,0.3411682792858146,0.1805923124338364,0.1805923124338364
match,0.1525469957630008,0.1525469957630008,0.0,0.0,0.4128659699355516,0.0,0.0,0.1525469957630008,0.4128659699355516,0.4128659699355516
mean,1.8893284216953417,51.195230745024745,0.5497783418839671,0.1805923124338364,15.527558892369246,0.4128659699355516,49.305902323329406,50.64545240314078,15.34696657993541,15.114692922433694
measure,0.0,1.61749515779743,0.0,0.0,0.4128659699355516,0.0,1.61749515779743,1.61749515779743,0.4128659699355516,0.4128659699355516
meet,1.2131213683480724,47.02581034753082,0.5497783418839671,0.1805923124338364,30.953595624898,0.4128659699355516,45.81268897918275,46.47603200564686,30.773003312464162,30.540729654962448
memorize,0.0,0.3411682792858146,0.0,0.0,0.4128659699355516,0.0,0.3411682792858146,0.3411682792858146,0.4128659699355516,0.4128659699355516
mention,0.7330377891786228,7.698450369076244,0.0,0.0,2.0367136191520983,0.0,6.96541257989762,7.698450369076244,2.0367136191520983,2.0367136191520983
mentor,0.0,0.3050939915260017,0.0,0.0,0.1805923124338364,0.0,0.3050939915260017,0.3050939915260017,0.1805923124338364,0.1805923124338364
mind,0.0,0.3411682792858146,0.1525469957630008,0.0,0.4128659699355516,0.0,0.3411682792858146,0.18862128352281382,0.4128659699355516,0.4128659699355516
miss,0.0,5.022776746626627,0.1525469957630008,0.0,3.592696382717101,0.6192989549033274,5.022776746626627,4.870229750863626,3.592696382717101,2.973397427813773
mix,0.1525469957630008,1.2595522811302278,0.0,0.0,0.0,0.1805923124338364,1.107005285367227,1.2595522811302278,0.0,-0.1805923124338364
mock,0.0,0.1525469957630008,0.0,0.1805923124338364,0.0,0.0,0.1525469957630008,0.1525469957630008,-0.1805923124338364,0.0
model,0.1525469957630008,0.0,0.0,0.0,0.1805923124338364,0.0,-0.1525469957630008,0.0,0.1805923124338364,0.1805923124338364
mount,0.1525469957630008,0.1525469957630008,0.0,0.0,0.1805923124338364,0.1805923124338364,0.0,0.1525469957630008,0.1805923124338364,0.0
move,0.7738347091470481,11.169189581329451,0.0,0.4128659699355516,1.6018903169519951,0.1805923124338364,10.395354872182404,11.169189581329451,1.1890243470164434,1.4212980045181587
multiply,0.0,0.5497783418839671,0.0,0.0,0.1805923124338364,0.0,0.5497783418839671,0.5497783418839671,0.1805923124338364,0.1805923124338364
murder,0.3411682792858146,0.0,0.0,0.1805923124338364,0.0,0.0,-0.3411682792858146,0.0,-0.1805923124338364,0.0
n't,0.1525469957630008,1.2595522811302278,0.0,0.1805923124338364,0.1805923124338364,0.0,1.107005285367227,1.2595522811302278,0.0,0.1805923124338364
name,0.0,1.518620431183389,0.0,0.4128659699355516,1.782124416758086,0.1805923124338364,1.518620431183389,1.518620431183389,1.3692584468225344,1.6015321043242496
not,0.0,0.7738347091470481,0.0,0.1805923124338364,0.6758702199940212,0.0,0.7738347091470481,0.7738347091470481,0.4952779075601848,0.6758702199940212
notice,0.1525469957630008,5.022776746626627,0.1525469957630008,0.1805923124338364,1.2729460119700613,0.0,4.870229750863626,4.870229750863626,1.0923536995362249,1.2729460119700613
observe,0.0,0.7330377891786228,0.0,0.0,0.6758702199940212,0.0,0.7330377891786228,0.7330377891786228,0.6758702199940212,0.6758702199940212
offer,0.3411682792858146,5.457048055918957,0.3411682792858146,0.0,1.6018903169519951,0.0,5.115879776633142,5.115879776633142,1.6018903169519951,1.6018903169519951
open,1.787343900452935,6.923447335221435,0.1525469957630008,0.1805923124338364,2.3135477689570023,0.6758702199940212,5.1361034347685,6.770900339458434,2.132955456523166,1.6376775489629811
order,0.7738347091470481,0.5497783418839671,0.0,0.0,0.1805923124338364,0.0,-0.22405636726308098,0.5497783418839671,0.1805923124338364,0.1805923124338364
overhear,0.0,0.5497783418839671,0.0,0.0,0.1805923124338364,0.0,0.5497783418839671,0.5497783418839671,0.1805923124338364,0.1805923124338364
owe,0.0,0.1525469957630008,0.0,0.0,0.6758702199940212,0.0,0.1525469957630008,0.1525469957630008,0.6758702199940212,0.6758702199940212
own,0.3411682792858146,1.2595522811302278,0.0,0.1805923124338364,0.0,0.1805923124338364,0.9183840018444132,1.2595522811302278,-0.1805923124338364,-0.1805923124338364
paint,0.5117524189287219,1.7355662070667304,0.1525469957630008,0.1805923124338364,0.6758702199940212,0.0,1.2238137881380085,1.5830192113037296,0.4952779075601848,0.6758702199940212
panic,0.0,0.1525469957630008,0.0,0.0,0.1805923124338364,0.0,0.1525469957630008,0.1525469957630008,0.1805923124338364,0.1805923124338364
paralyze,0.0,0.3411682792858146,0.0,0.1805923124338364,0.0,0.0,0.3411682792858146,0.3411682792858146,-0.1805923124338364,0.0
pass,0.5497783418839671,1.6794030415069705,0.1525469957630008,0.4128659699355516,0.4128659699355516,0.1805923124338364,1.1296246996230033,1.5268560457439697,0.0,0.2322736575017152
paste,0.1525469957630008,0.8529206982145364,0.0,0.0,0.1805923124338364,0.0,0.7003737024515356,0.8529206982145364,0.1805923124338364,0.1805923124338364
pause,0.1525469957630008,0.0,0.0,0.0,0.1805923124338364,0.0,-0.1525469957630008,0.0,0.1805923124338364,0.1805923124338364
pay,1.0109344736233936,5.551490088376798,0.1525469957630008,0.6758702199940212,1.949087540228988,0.4128659699355516,4.540555614753404,5.398943092613797,1.2732173202349668,1.5362215702934363
perceive,0.0,0.4576409872890026,0.0,0.0,0.1805923124338364,0.1805923124338364,0.4576409872890026,0.4576409872890026,0.1805923124338364,0.0
perform,0.3050939915260017,0.3411682792858146,0.1525469957630008,0.0,0.9636139595564917,0.0,0.03607428775981292,0.18862128352281382,0.9636139595564917,0.9636139595564917
photograph,0.1525469957630008,2.169457758833413,0.0,0.1805923124338364,0.9636139595564917,0.0,2.0169107630704124,2.169457758833413,0.7830216471226552,0.9636139595564917
pick,1.4694776613185991,12.174142702256942,0.5497783418839671,0.6192989549033274,6.362033497039577,0.1805923124338364,10.704665040938343,11.624364360372976,5.742734542136249,6.181441184605741
picture,0.0,0.1525469957630008,0.0,0.0,0.4128659699355516,0.0,0.1525469957630008,0.1525469957630008,0.4128659699355516,0.4128659699355516
pile,0.0,0.3411682792858146,0.0,0.0,0.1805923124338364,0.1805923124338364,0.3411682792858146,0.3411682792858146,0.1805923124338364,0.0
pitch,0.0,1.0109344736233936,0.0,0.0,0.4128659699355516,0.0,1.0109344736233936,1.0109344736233936,0.4128659699355516,0.4128659699355516
place,0.7330377891786228,2.2945608986646646,0.0,0.0,0.6758702199940212,0.4128659699355516,1.5615231094860418,2.2945608986646646,0.6758702199940212,0.2630042500584696
plan,0.1525469957630008,2.3514076167413007,0.3050939915260017,0.0,0.9011602933253616,0.1805923124338364,2.1988606209782997,2.046313625215299,0.9011602933253616,0.7205679808915253
plant,0.0,1.1607520637205722,0.0,0.1805923124338364,0.1805923124338364,0.1805923124338364,1.1607520637205722,1.1607520637205722,0.0,0.0
play,2.010761888009552,13.917564695780154,0.5117524189287219,0.9011602933253616,9.444788097240188,0.1805923124338364,11.906802807770601,13.405812276851432,8.543627803914827,9.264195784806352
plot,0.1525469957630008,0.1525469957630008,0.0,0.0,0.1805923124338364,0.0,0.0,0.1525469957630008,0.1805923124338364,0.1805923124338364
plug,0.0,0.3411682792858146,0.0,0.0,0.3611846248676728,0.0,0.3411682792858146,0.3411682792858146,0.3611846248676728,0.3611846248676728
point,1.2595522811302278,0.3411682792858146,0.0,0.1805923124338364,0.1805923124338364,0.1805923124338364,-0.9183840018444132,0.3411682792858146,0.0,0.0
pop,0.3411682792858146,0.7738347091470481,0.0,0.0,0.1805923124338364,0.0,0.4326664298612335,0.7738347091470481,0.1805923124338364,0.1805923124338364
portray,0.0,0.1525469957630008,0.0,0.0,0.3611846248676728,0.1805923124338364,0.1525469957630008,0.1525469957630008,0.3611846248676728,0.1805923124338364
post,0.0,1.2131213683480724,0.0,0.1805923124338364,0.0,0.0,1.2131213683480724,1.2131213683480724,-0.1805923124338364,0.0
pour,0.0,0.5497783418839671,0.0,0.0,0.1805923124338364,0.0,0.5497783418839671,0.5497783418839671,0.1805923124338364,0.1805923124338364
practice,0.4576409872890026,1.2595522811302278,0.0,0.0,0.1805923124338364,0.0,0.8019112938412252,1.2595522811302278,0.1805923124338364,0.1805923124338364
pray,0.1525469957630008,0.3411682792858146,0.0,0.0,0.1805923124338364,0.0,0.18862128352281382,0.3411682792858146,0.1805923124338364,0.1805923124338364
predict,0.1525469957630008,1.0109344736233936,0.0,0.0,0.1805923124338364,0.0,0.8583874778603928,1.0109344736233936,0.1805923124338364,0.1805923124338364
prefer,0.0,1.787343900452935,0.0,0.0,1.2729460119700613,0.0,1.787343900452935,1.787343900452935,1.2729460119700613,1.2729460119700613
prepare,0.0,0.3411682792858146,0.0,0.0,0.6758702199940212,0.0,0.3411682792858146,0.3411682792858146,0.6758702199940212,0.6758702199940212
present,0.5497783418839671,2.3514076167413007,0.0,0.0,0.9636139595564917,0.0,1.8016292748573335,2.3514076167413007,0.9636139595564917,0.9636139595564917
press,0.1525469957630008,0.9672933864338102,0.0,0.0,0.0,0.1805923124338364,0.8147463906708095,0.9672933864338102,0.0,-0.1805923124338364
pretend,0.1525469957630008,0.1525469957630008,0.0,0.0,0.1805923124338364,0.0,0.0,0.1525469957630008,0.1805923124338364,0.1805923124338364
print,0.0,0.3411682792858146,0.0,0.0,0.1805923124338364,0.0,0.3411682792858146,0.3411682792858146,0.1805923124338364,0.1805923124338364
produce,0.1525469957630008,0.7330377891786228,0.0,0.0,0.1805923124338364,0.1805923124338364,0.580490793415622,0.7330377891786228,0.1805923124338364,0.0
program,0.0,0.0,0.1525469957630008,0.0,0.0,0.1805923124338364,0.0,-0.1525469957630008,0.0,-0.1805923124338364
project,0.1525469957630008,0.3411682792858146,0.0,0.0,0.4128659699355516,0.0,0.18862128352281382,0.3411682792858146,0.4128659699355516,0.4128659699355516
promise,0.0,4.085489310994047,0.0,0.1805923124338364,1.949087540228988,0.0,4.085489310994047,4.085489310994047,1.7684952277951516,1.949087540228988
propose,1.61749515779743,1.7355662070667304,0.0,0.0,0.9636139595564917,0.0,0.11807104926930045,1.7355662070667304,0.9636139595564917,0.9636139595564917
prove,0.5497783418839671,0.3411682792858146,0.0,0.0,0.1805923124338364,0.0,-0.2086100625981525,0.3411682792858146,0.1805923124338364,0.1805923124338364
provide,0.1525469957630008,0.3411682792858146,0.0,0.1805923124338364,0.4128659699355516,0.0,0.18862128352281382,0.3411682792858146,0.2322736575017152,0.4128659699355516
publish,0.7738347091470481,0.7738347091470481,0.0,0.0,0.6758702199940212,0.1805923124338364,0.0,0.7738347091470481,0.6758702199940212,0.4952779075601848
pull,4.085489310994047,5.815695761586005,0.3411682792858146,0.4128659699355516,1.949087540228988,0.9636139595564917,1.7302064505919574,5.47452748230019,1.5362215702934363,0.9854735806724964
purchase,0.0,0.0,0.1525469957630008,0.0,0.1805923124338364,0.0,0.0,-0.1525469957630008,0.1805923124338364,0.1805923124338364
pursue,0.0,0.3411682792858146,0.0,0.0,0.4128659699355516,0.0,0.3411682792858146,0.3411682792858146,0.4128659699355516,0.4128659699355516
push,0.7738347091470481,1.787343900452935,0.1525469957630008,0.1805923124338364,1.2729460119700613,0.0,1.013509191305887,1.6347969046899342,1.0923536995362249,1.2729460119700613
quit,0.0,2.457597863122785,0.0,0.0,0.4128659699355516,0.0,2.457597863122785,2.457597863122785,0.4128659699355516,0.4128659699355516
quote,0.3411682792858146,1.518620431183389,0.0,0.0,0.1805923124338364,0.0,1.1774521518975745,1.518620431183389,0.1805923124338364,0.1805923124338364
raise,0.1525469957630008,3.83014622905692,0.7330377891786228,0.4128659699355516,1.6018903169519951,0.1805923124338364,3.677599233293919,3.0971084398782973,1.1890243470164434,1.4212980045181587
re,0.0,0.0,0.1525469957630008,0.0,0.4128659699355516,0.0,0.0,-0.1525469957630008,0.4128659699355516,0.4128659699355516
reach,1.0109344736233936,1.0109344736233936,0.9672933864338102,0.0,0.4128659699355516,0.4128659699355516,0.0,0.04364108718958337,0.4128659699355516,0.0
read,2.645845231546194,23.251104704292192,1.2828161310625898,0.6758702199940212,16.390201053056426,0.4128659699355516,20.605259472746,21.968288573229604,15.714330833062405,15.977335083120874
realize,1.0109344736233936,16.04757092976176,0.0,0.0,9.627682169169754,0.1805923124338364,15.036636456138368,16.04757092976176,9.627682169169754,9.447089856735918
reassure,0.0,0.1525469957630008,0.0,0.0,0.1805923124338364,0.0,0.1525469957630008,0.1525469957630008,0.1805923124338364,0.1805923124338364
recall,0.1525469957630008,0.5497783418839671,0.0,0.0,0.0,0.1805923124338364,0.39723134612096633,0.5497783418839671,0.0,-0.1805923124338364
receive,0.5117524189287219,4.678597639089029,0.1525469957630008,0.1805923124338364,1.8688720364439944,0.0,4.166845220160306,4.526050643326028,1.688279724010158,1.8688720364439944
recite,0.3411682792858146,0.1525469957630008,0.0,0.0,0.3611846248676728,0.0,-0.18862128352281382,0.1525469957630008,0.3611846248676728,0.3611846248676728
recognize,0.3411682792858146,1.518620431183389,0.1525469957630008,0.0,0.6758702199940212,0.0,1.1774521518975745,1.3660734354203883,0.6758702199940212,0.6758702199940212
recommend,0.1525469957630008,2.0651048087981985,0.0,0.0,0.6758702199940212,0.0,1.9125578130351977,2.0651048087981985,0.6758702199940212,0.6758702199940212
record,0.1525469957630008,1.6794030415069705,0.0,0.1805923124338364,1.2729460119700613,0.1805923124338364,1.5268560457439697,1.6794030415069705,1.0923536995362249,1.0923536995362249
reduce,0.0,0.1525469957630008,0.0,0.0,0.1805923124338364,0.0,0.1525469957630008,0.1525469957630008,0.1805923124338364,0.1805923124338364
refuse,0.3411682792858146,0.7738347091470481,0.0,0.6758702199940212,0.0,0.4128659699355516,0.4326664298612335,0.7738347091470481,-0.6758702199940212,-0.4128659699355516
regain,0.0,0.1525469957630008,0.0,0.0,0.1805923124338364,0.0,0.1525469957630008,0.1525469957630008,0.1805923124338364,0.1805923124338364
regret,0.0,0.5497783418839671,0.0,0.0,0.1805923124338364,0.0,0.5497783418839671,0.5497783418839671,0.1805923124338364,0.1805923124338364
reject,0.1525469957630008,0.5497783418839671,0.0,0.1805923124338364,0.1805923124338364,0.0,0.39723134612096633,0.5497783418839671,0.0,0.1805923124338364
remember,0.1525469957630008,36.77555097455304,0.1525469957630008,0.4128659699355516,25.43583057148354,0.6192989549033274,36.62300397879004,36.62300397879004,25.022964601547987,24.81653161658021
remind,0.5497783418839671,2.5865483784154306,0.0,0.0,0.1805923124338364,0.1805923124338364,2.0367700365314634,2.5865483784154306,0.1805923124338364,0.0
remove,0.3050939915260017,0.3411682792858146,0.0,0.0,0.4128659699355516,0.0,0.03607428775981292,0.3411682792858146,0.4128659699355516,0.4128659699355516
rent,0.1525469957630008,0.5497783418839671,0.0,0.0,0.1805923124338364,0.0,0.39723134612096633,0.5497783418839671,0.1805923124338364,0.1805923124338364
repeat,0.1525469957630008,1.6794030415069705,0.0,0.1805923124338364,0.1805923124338364,0.1805923124338364,1.5268560457439697,1.6794030415069705,0.0,0.0
replace,0.0,0.0,0.1525469957630008,0.0,0.1805923124338364,0.0,0.0,-0.1525469957630008,0.1805923124338364,0.1805923124338364
report,0.0,0.3411682792858146,0.0,0.3611846248676728,0.6758702199940212,0.0,0.3411682792858146,0.3411682792858146,0.3146855951263484,0.6758702199940212
represent,0.0,0.6823365585716292,0.0,0.4128659699355516,0.1805923124338364,0.0,0.6823365585716292,0.6823365585716292,-0.2322736575017152,0.1805923124338364
require,0.1525469957630008,0.1525469957630008,0.0,0.1805923124338364,0.4128659699355516,0.0,0.0,0.1525469957630008,0.2322736575017152,0.4128659699355516
research,0.0,1.2595522811302278,0.0,0.0,0.1805923124338364,0.0,1.2595522811302278,1.2595522811302278,0.1805923124338364,0.1805923124338364
resemble,0.1525469957630008,0.3411682792858146,0.0,0.1805923124338364,0.0,0.0,0.18862128352281382,0.3411682792858146,-0.1805923124338364,0.0
resent,0.0,0.1525469957630008,0.0,0.0,0.4128659699355516,0.0,0.1525469957630008,0.1525469957630008,0.4128659699355516,0.4128659699355516
resist,0.0,0.1525469957630008,0.0,0.0,0.1805923124338364,0.0,0.1525469957630008,0.1525469957630008,0.1805923124338364,0.1805923124338364
respect,0.0,0.1525469957630008,0.0,0.0,0.0,0.1805923124338364,0.1525469957630008,0.1525469957630008,0.0,-0.1805923124338364
restart,0.1525469957630008,0.0,0.0,0.0,0.1805923124338364,0.0,-0.1525469957630008,0.0,0.1805923124338364,0.1805923124338364
reveal,0.3411682792858146,0.3411682792858146,0.0,0.0,0.1805923124338364,0.0,0.0,0.3411682792858146,0.1805923124338364,0.1805923124338364
ride,0.0,1.2131213683480724,0.0,0.0,0.1805923124338364,0.0,1.2131213683480724,1.2131213683480724,0.1805923124338364,0.1805923124338364
risk,0.0,0.1525469957630008,0.1525469957630008,0.1805923124338364,0.0,0.0,0.1525469957630008,0.0,-0.1805923124338364,0.0
roll,0.3050939915260017,1.0109344736233936,0.1525469957630008,0.1805923124338364,0.1805923124338364,0.0,0.7058404820973919,0.8583874778603928,0.0,0.1805923124338364
round,0.0,0.3411682792858146,0.0,0.0,0.1805923124338364,0.0,0.3411682792858146,0.3411682792858146,0.1805923124338364,0.1805923124338364
ruin,0.1525469957630008,0.1525469957630008,0.0,0.0,0.1805923124338364,0.0,0.0,0.1525469957630008,0.1805923124338364,0.1805923124338364
run,1.7355662070667304,7.698450369076244,0.7330377891786228,0.6758702199940212,5.241729536740589,1.032164924838879,5.962884162009513,6.96541257989762,4.565859316746568,4.20956461190171
rush,0.0,0.1525469957630008,0.0,0.0,0.1805923124338364,0.0,0.1525469957630008,0.1525469957630008,0.1805923124338364,0.1805923124338364
salute,0.0,0.3411682792858146,0.0,0.0,0.1805923124338364,0.0,0.3411682792858146,0.3411682792858146,0.1805923124338364,0.1805923124338364
save,0.7738347091470481,2.5865483784154306,0.3050939915260017,0.1805923124338364,1.4454209393347373,1.5275352143640737,1.8127136692683825,2.281454386889429,1.2648286269009008,-0.08211427502933644
seek,0.1525469957630008,0.5497783418839671,0.1525469957630008,0.0,0.4128659699355516,0.0,0.39723134612096633,0.39723134612096633,0.4128659699355516,0.4128659699355516
seem,1.0109344736233936,0.5497783418839671,0.3411682792858146,0.0,0.4128659699355516,0.0,-0.4611561317394265,0.2086100625981525,0.4128659699355516,0.4128659699355516
seize,0.0,0.1525469957630008,0.0,0.0,0.4128659699355516,0.0,0.1525469957630008,0.1525469957630008,0.4128659699355516,0.4128659699355516
select,0.0,0.1525469957630008,0.1525469957630008,0.0,0.1805923124338364,0.0,0.1525469957630008,0.0,0.1805923124338364,0.1805923124338364
sell,0.9672933864338102,3.759014554498789,0.3411682792858146,0.1805923124338364,0.9011602933253616,1.126450366656702,2.7917211680649787,3.4178462752129746,0.7205679808915253,-0.22529007333134043
send,2.2945608986646646,8.031198908856863,0.3411682792858146,0.1805923124338364,4.258905248601729,0.1805923124338364,5.736638010192198,7.690030629571049,4.078312936167893,4.078312936167893
sense,0.0,0.1525469957630008,0.0,0.0,0.1805923124338364,0.0,0.1525469957630008,0.1525469957630008,0.1805923124338364,0.1805923124338364
separate,0.0,0.1525469957630008,0.0,0.0,0.1805923124338364,0.0,0.1525469957630008,0.1525469957630008,0.1805923124338364,0.1805923124338364
serve,0.3411682792858146,0.7330377891786228,0.1525469957630008,0.1805923124338364,0.0,0.0,0.3918695098928082,0.580490793415622,-0.1805923124338364,0.0
set,1.0109344736233936,9.1789215938986,0.3411682792858146,0.4128659699355516,5.046452749699762,0.3611846248676728,8.167987120275207,8.837753314612787,4.633586779764211,4.685268124832089
sew,0.0,0.1525469957630008,0.0,0.0,0.1805923124338364,0.0,0.1525469957630008,0.1525469957630008,0.1805923124338364,0.1805923124338364
shake,0.3411682792858146,0.5497783418839671,0.1525469957630008,0.4128659699355516,0.1805923124338364,0.0,0.2086100625981525,0.39723134612096633,-0.2322736575017152,0.1805923124338364
shape,0.1525469957630008,0.0,0.0,0.0,0.1805923124338364,0.0,-0.1525469957630008,0.0,0.1805923124338364,0.1805923124338364
share,0.3411682792858146,7.975311956792201,0.0,0.4128659699355516,3.592696382717101,0.0,7.634143677506386,7.975311956792201,3.1798304127815493,3.592696382717101
shed,0.0,0.1525469957630008,0.0,0.0,0.1805923124338364,0.0,0.1525469957630008,0.1525469957630008,0.1805923124338364,0.1805923124338364
shift,0.0,1.2595522811302278,0.0,0.1805923124338364,0.0,0.0,1.2595522811302278,1.2595522811302278,-0.1805923124338364,0.0
shoot,1.518620431183389,2.524016988531131,0.0,0.4128659699355516,0.0,0.0,1.0053965573477421,2.524016988531131,-0.4128659699355516,0.0
shove,0.1525469957630008,0.0,0.0,0.0,0.1805923124338364,0.0,-0.1525469957630008,0.0,0.1805923124338364,0.1805923124338364
shut,0.0,0.3411682792858146,0.1525469957630008,0.1805923124338364,0.0,0.0,0.3411682792858146,0.18862128352281382,-0.1805923124338364,0.0
sign,0.0,0.3411682792858146,0.1525469957630008,0.1805923124338364,0.4128659699355516,0.0,0.3411682792858146,0.18862128352281382,0.2322736575017152,0.4128659699355516
sing,0.1525469957630008,0.5497783418839671,0.1525469957630008,0.0,0.4128659699355516,0.6758702199940212,0.39723134612096633,0.39723134612096633,0.4128659699355516,-0.2630042500584696
sit,2.010761888009552,4.835923109644526,1.0109344736233936,0.0,5.520521449663558,0.4128659699355516,2.8251612216349735,3.824988636021132,5.520521449663558,5.107655479728007
ski,0.0,0.4576409872890026,0.0,0.0,0.1805923124338364,0.0,0.4576409872890026,0.4576409872890026,0.1805923124338364,0.1805923124338364
sleep,0.0,1.0109344736233936,0.0,0.0,0.0,0.6758702199940212,1.0109344736233936,1.0109344736233936,0.0,-0.6758702199940212
smile,0.3411682792858146,0.3411682792858146,0.0,0.0,0.1805923124338364,0.0,0.0,0.3411682792858146,0.1805923124338364,0.1805923124338364
snap,0.0,0.3411682792858146,0.0,0.0,0.1805923124338364,0.0,0.3411682792858146,0.3411682792858146,0.1805923124338364,0.1805923124338364
solicit,0.0,0.1525469957630008,0.0,0.0,0.1805923124338364,0.0,0.1525469957630008,0.1525469957630008,0.1805923124338364,0.1805923124338364
solve,0.5117524189287219,2.2341798755661686,0.1525469957630008,0.0,0.4128659699355516,0.0,1.7224274566374467,2.081632879803168,0.4128659699355516,0.4128659699355516
spare,0.0,0.5497783418839671,0.0,0.0,0.0,0.1805923124338364,0.5497783418839671,0.5497783418839671,0.0,-0.1805923124338364
speak,2.010761888009552,4.158753456968025,0.3411682792858146,0.4128659699355516,1.8688720364439944,0.4128659699355516,2.147991568958473,3.8175851776822105,1.4560060665084427,1.4560060665084427
speed,0.0,0.5497783418839671,0.0,0.1805923124338364,0.0,0.0,0.5497783418839671,0.5497783418839671,-0.1805923124338364,0.0
spend,2.010761888009552,48.59069093762215,0.1525469957630008,0.9636139595564917,26.867537879421693,0.6192989549033274,46.579929049612595,48.438143941859146,25.9039239198652,26.248238924518365
spread,0.0,0.5117524189287219,0.1525469957630008,0.0,0.1805923124338364,0.0,0.5117524189287219,0.3592054231657211,0.1805923124338364,0.1805923124338364
squeeze,0.0,0.0,0.1525469957630008,0.0,0.3611846248676728,0.0,0.0,-0.1525469957630008,0.3611846248676728,0.3611846248676728
stand,0.1525469957630008,2.886376616232212,0.3411682792858146,0.4128659699355516,3.8223389663224814,0.1805923124338364,2.733829620469211,2.5452083369463976,3.40947299638693,3.641746653888645
stay,0.1525469957630008,0.7738347091470481,0.0,0.0,0.6758702199940212,0.0,0.6212877133840473,0.7738347091470481,0.6758702199940212,0.6758702199940212
steal,0.5497783418839671,0.7330377891786228,0.0,0.0,0.1805923124338364,0.0,0.1832594472946557,0.7330377891786228,0.1805923124338364,0.1805923124338364
step,0.3411682792858146,0.7738347091470481,0.1525469957630008,0.0,0.1805923124338364,0.0,0.4326664298612335,0.6212877133840473,0.1805923124338364,0.1805923124338364
stick,0.1525469957630008,3.3674393856042477,0.0,0.0,0.4128659699355516,0.0,3.214892389841247,3.3674393856042477,0.4128659699355516,0.4128659699355516
stop,1.0109344736233936,6.266316537479586,1.4694776613185991,1.2045174494456143,3.8223389663224814,0.4128659699355516,5.255382063856192,4.796838876160987,2.617821516876867,3.40947299638693
strike,0.0,1.0109344736233936,0.0,0.1805923124338364,0.6758702199940212,0.0,1.0109344736233936,1.0109344736233936,0.4952779075601848,0.6758702199940212
strive,0.0,0.7330377891786228,0.0,0.0,0.1805923124338364,0.0,0.7330377891786228,0.7330377891786228,0.1805923124338364,0.1805923124338364
struggle,0.1525469957630008,1.518620431183389,0.0,0.1805923124338364,0.1805923124338364,0.0,1.3660734354203883,1.518620431183389,0.0,0.1805923124338364
study,0.1525469957630008,13.999958791955455,0.3411682792858146,0.1805923124338364,9.64173143324639,0.1805923124338364,13.847411796192455,13.65879051266964,9.461139120812554,9.461139120812554
succeed,0.1525469957630008,0.0,0.0,0.0,0.1805923124338364,0.0,-0.1525469957630008,0.0,0.1805923124338364,0.1805923124338364
suck,0.0,0.1525469957630008,0.0,0.0,0.1805923124338364,0.0,0.1525469957630008,0.1525469957630008,0.1805923124338364,0.1805923124338364
suffer,0.5497783418839671,0.5497783418839671,0.0,0.1805923124338364,0.1805923124338364,0.0,0.0,0.5497783418839671,0.0,0.1805923124338364
suggest,0.0,1.787343900452935,0.1525469957630008,0.0,0.9636139595564917,0.0,1.787343900452935,1.6347969046899342,0.9636139595564917,0.9636139595564917
sum,0.0,0.3411682792858146,0.0,0.0,0.1805923124338364,0.0,0.3411682792858146,0.3411682792858146,0.1805923124338364,0.1805923124338364
support,0.1525469957630008,0.7738347091470481,0.0,0.0,1.2045174494456143,0.0,0.6212877133840473,0.7738347091470481,1.2045174494456143,1.2045174494456143
suppose,0.1525469957630008,6.180426971755943,0.3050939915260017,0.1805923124338364,2.602741240076628,0.0,6.027879975992942,5.875332980229941,2.4221489276427914,2.602741240076628
surprise,0.1525469957630008,0.0,0.0,0.4128659699355516,0.1805923124338364,0.0,-0.1525469957630008,0.0,-0.2322736575017152,0.1805923124338364
survive,0.1525469957630008,0.1525469957630008,0.0,0.1805923124338364,0.0,0.0,0.0,0.1525469957630008,-0.1805923124338364,0.0
suspect,0.0,0.9672933864338102,0.0,0.0,0.1805923124338364,0.0,0.9672933864338102,0.9672933864338102,0.1805923124338364,0.1805923124338364
swear,0.0,0.3411682792858146,0.0,0.0,0.1805923124338364,0.0,0.3411682792858146,0.3411682792858146,0.1805923124338364,0.1805923124338364
switch,0.0,0.5497783418839671,0.0,0.0,0.1805923124338364,0.0,0.5497783418839671,0.5497783418839671,0.1805923124338364,0.1805923124338364
talk,1.4694776613185991,7.310235050170813,0.1525469957630008,0.1805923124338364,1.949087540228988,0.1805923124338364,5.8407573888522135,7.157688054407812,1.7684952277951516,1.7684952277951516
tap,0.0,0.9672933864338102,0.0,0.0,0.8257319398711032,0.0,0.9672933864338102,0.9672933864338102,0.8257319398711032,0.8257319398711032
teach,2.5865483784154306,9.1789215938986,0.5497783418839671,0.6758702199940212,2.891934711196253,0.9636139595564917,6.592373215483169,8.629143252014634,2.216064491202232,1.9283207516397614
tear,0.1525469957630008,0.1525469957630008,0.0,0.0,0.4128659699355516,0.0,0.0,0.1525469957630008,0.4128659699355516,0.4128659699355516
tend,0.0,1.0109344736233936,0.1525469957630008,0.1805923124338364,0.9636139595564917,0.0,1.0109344736233936,0.8583874778603928,0.7830216471226552,0.9636139595564917
thank,0.3411682792858146,4.835923109644526,0.0,0.0,11.438626232652794,0.4128659699355516,4.494754830358711,4.835923109644526,11.438626232652794,11.025760262717242
throw,1.518620431183389,5.373247899605028,0.3411682792858146,0.0,2.227528617404557,0.4128659699355516,3.854627468421639,5.032079620319213,2.227528617404557,1.8146626474690057
title,0.1525469957630008,0.0,0.0,0.0,0.1805923124338364,0.0,-0.1525469957630008,0.0,0.1805923124338364,0.1805923124338364
toss,0.0,0.3050939915260017,0.0,0.1805923124338364,0.0,0.0,0.3050939915260017,0.3050939915260017,-0.1805923124338364,0.0
touch,0.9672933864338102,3.52711142511195,0.1525469957630008,0.0,0.6758702199940212,0.1805923124338364,2.5598180386781397,3.3745644293489496,0.6758702199940212,0.4952779075601848
track,0.1525469957630008,0.5497783418839671,0.0,0.0,0.9636139595564917,0.0,0.39723134612096633,0.5497783418839671,0.9636139595564917,0.9636139595564917
trade,0.1525469957630008,0.3411682792858146,0.0,0.0,0.1805923124338364,0.0,0.18862128352281382,0.3411682792858146,0.1805923124338364,0.1805923124338364
train,0.5497783418839671,0.7738347091470481,0.1525469957630008,0.0,1.6018903169519951,0.0,0.22405636726308098,0.6212877133840473,1.6018903169519951,1.6018903169519951
transform,0.0,0.1525469957630008,0.0,0.0,0.6758702199940212,0.1805923124338364,0.1525469957630008,0.1525469957630008,0.6758702199940212,0.4952779075601848
translate,0.1525469957630008,0.7738347091470481,0.1525469957630008,0.0,0.6758702199940212,0.0,0.6212877133840473,0.6212877133840473,0.6758702199940212,0.6758702199940212
transmit,0.0,0.3050939915260017,0.0,0.0,0.0,0.1805923124338364,0.3050939915260017,0.3050939915260017,0.0,-0.1805923124338364
travel,0.1525469957630008,1.2595522811302278,0.0,0.0,0.9636139595564917,0.1805923124338364,1.107005285367227,1.2595522811302278,0.9636139595564917,0.7830216471226552
treat,0.3411682792858146,1.7355662070667304,0.0,0.1805923124338364,0.6758702199940212,0.0,1.3943979277809158,1.7355662070667304,0.4952779075601848,0.6758702199940212
trust,0.0,1.0109344736233936,0.1525469957630008,0.0,1.2045174494456143,0.1805923124338364,1.0109344736233936,0.8583874778603928,1.2045174494456143,1.023925137011778
turn,5.815695761586005,18.252375971140783,0.5497783418839671,1.5275352143640737,5.86555404026753,0.9636139595564917,12.436680209554778,17.702597629256815,4.338018825903457,4.9019400807110385
type,0.3411682792858146,1.8893284216953417,0.0,0.1805923124338364,0.0,0.0,1.548160142409527,1.8893284216953417,-0.1805923124338364,0.0
understand,2.753473078397598,16.672936288189593,0.1525469957630008,0.1805923124338364,10.027400690576243,0.0,13.919463209791996,16.520389292426593,9.846808378142407,10.027400690576243
update,0.0,0.3411682792858146,0.0,0.0,0.1805923124338364,0.0,0.3411682792858146,0.3411682792858146,0.1805923124338364,0.1805923124338364
urge,0.0,1.4694776613185991,0.0,0.0,0.1805923124338364,0.0,1.4694776613185991,1.4694776613185991,0.1805923124338364,0.1805923124338364
visit,0.3411682792858146,3.4394229550987467,0.0,0.4128659699355516,1.8688720364439944,0.1805923124338364,3.098254675812932,3.4394229550987467,1.4560060665084427,1.688279724010158
visualize,0.0,0.1525469957630008,0.0,0.0,0.4128659699355516,0.0,0.1525469957630008,0.1525469957630008,0.4128659699355516,0.4128659699355516
volunteer,0.0,0.0,0.3411682792858146,0.0,0.0,0.1805923124338364,0.0,-0.3411682792858146,0.0,-0.1805923124338364
wait,0.3411682792858146,2.886376616232212,0.0,0.0,2.227528617404557,0.1805923124338364,2.5452083369463976,2.886376616232212,2.227528617404557,2.0469363049707208
wake,0.0,2.169457758833413,0.0,0.1805923124338364,0.6758702199940212,0.0,2.169457758833413,2.169457758833413,0.4952779075601848,0.6758702199940212
walk,1.2595522811302278,9.705026769641009,0.1525469957630008,0.4128659699355516,6.008587191648489,0.3611846248676728,8.445474488510781,9.552479773878009,5.595721221712938,5.6474025667808165
warn,0.1525469957630008,0.7738347091470481,0.0,0.0,0.1805923124338364,0.0,0.6212877133840473,0.7738347091470481,0.1805923124338364,0.1805923124338364
wash,0.0,0.0,0.1525469957630008,0.0,0.9011602933253616,0.0,0.0,-0.1525469957630008,0.9011602933253616,0.9011602933253616
waste,0.0,0.5497783418839671,0.0,0.0,0.6758702199940212,0.0,0.5497783418839671,0.5497783418839671,0.6758702199940212,0.6758702199940212
watch,0.5497783418839671,11.605800291299566,0.0,0.4128659699355516,8.87039291858668,0.1805923124338364,11.0560219494156,11.605800291299566,8.457526948651127,8.689800606152843
wave,0.1525469957630008,0.3411682792858146,0.1525469957630008,0.0,0.1805923124338364,0.0,0.18862128352281382,0.18862128352281382,0.1805923124338364,0.1805923124338364
wear,1.2131213683480724,4.761418435698467,0.5497783418839671,0.9636139595564917,4.586513344648016,0.1805923124338364,3.5482970673503944,4.211640093814499,3.6228993850915243,4.40592103221418
weave,0.0,0.5497783418839671,0.0,0.1805923124338364,0.4128659699355516,0.0,0.5497783418839671,0.5497783418839671,0.2322736575017152,0.4128659699355516
whisper,0.1525469957630008,0.0,0.0,0.0,0.1805923124338364,0.1805923124338364,-0.1525469957630008,0.0,0.1805923124338364,0.0
win,1.2131213683480724,2.010761888009552,0.0,1.2045174494456143,5.5645736443934,0.1805923124338364,0.7976405196614798,2.010761888009552,4.360056194947786,5.383981331959564
wind,0.0,0.7330377891786228,0.0,0.0,0.0,0.1805923124338364,0.7330377891786228,0.7330377891786228,0.0,-0.1805923124338364
wipe,0.1525469957630008,0.1525469957630008,0.0,0.1805923124338364,0.1805923124338364,0.0,0.0,0.1525469957630008,0.0,0.1805923124338364
wire,0.0,0.1525469957630008,0.0,0.1805923124338364,0.0,0.0,0.1525469957630008,0.1525469957630008,-0.1805923124338364,0.0
wish,0.1525469957630008,5.012019405998386,0.0,0.1805923124338364,2.402835475427993,0.0,4.859472410235385,5.012019405998386,2.2222431629941566,2.402835475427993
witness,0.0,2.9829291682640644,0.0,0.0,0.6758702199940212,0.1805923124338364,2.9829291682640644,2.9829291682640644,0.6758702199940212,0.4952779075601848
wonder,0.0,1.2595522811302278,0.0,0.0,0.6758702199940212,0.0,1.2595522811302278,1.2595522811302278,0.6758702199940212,0.6758702199940212
work,1.4694776613185991,13.245307603909236,0.7330377891786228,0.0,8.262505323020372,0.1805923124338364,11.775829942590637,12.512269814730614,8.262505323020372,8.081913010586536
wrap,0.0,0.1525469957630008,0.0,0.0,0.1805923124338364,0.0,0.1525469957630008,0.1525469957630008,0.1805923124338364,0.1805923124338364
yell,0.1525469957630008,0.1525469957630008,0.0,0.1805923124338364,0.0,0.0,0.0,0.1525469957630008,-0.1805923124338364,0.0
