,speaker_gender,subject,verb,term_freq,doc_freq,tfidf
27,man,i,learn,110,84,51.775911579226864
28,man,i,mean,110,82,51.195230745024745
30,man,i,spend,105,81,48.59069093762215
31,man,i,meet,104,77,47.02581034753082
32,man,i,decide,104,75,46.47278741705113
37,man,i,remember,87,66,36.775550974553035
39,man,i,hear,78,60,31.69427436921462
41,man,i,begin,73,54,28.444814686695093
43,man,i,leave,56,51,21.34527644984201
44,man,i,read,61,51,23.251104704292192
45,man,i,look,59,50,22.320297978225994
46,man,i,believe,65,50,24.59015878957101
47,man,i,bring,57,47,21.070458470102395
48,man,i,build,63,46,23.104720719156003
49,man,i,come,51,46,18.70382153455486
51,man,i,keep,49,43,17.53659652129213
52,man,i,turn,51,43,18.252375971140786
54,man,i,buy,53,42,18.80975241572938
56,man,i,realize,46,40,16.04757092976176
57,man,i,work,39,37,13.245307603909236
59,man,i,study,42,35,13.999958791955455
60,man,i,understand,51,33,16.672936288189593
61,man,i,play,43,32,13.917564695780154
64,man,i,pick,38,31,12.174142702256942
66,man,i,feel,45,30,14.26687517077449
67,man,i,choose,35,29,10.978459735013104
69,man,i,end,31,29,9.723778622440177
70,man,i,watch,37,29,11.605800291299566
72,man,i,move,36,28,11.169189581329453
73,man,i,create,36,27,11.04457089233387
74,man,i,hope,29,27,8.897015441046728
75,man,i,forget,30,26,9.098462596538445
76,man,i,walk,32,26,9.705026769641007
77,man,i,lose,32,26,9.705026769641007
79,man,i,explain,26,24,7.698450369076244
80,man,i,mention,26,24,7.698450369076244
82,man,i,felt,28,24,8.290638859005186
83,man,i,run,26,24,7.698450369076244
84,man,i,set,31,24,9.178921593898599
87,man,i,change,28,24,8.290638859005186
88,man,i,teach,31,24,9.178921593898599
89,man,i,add,26,23,7.602644452177645
90,man,i,talk,25,23,7.310235050170813
92,man,i,expect,28,22,8.082407211427594
93,man,i,share,28,21,7.975311956792201
94,man,i,stop,22,21,6.266316537479586
95,man,i,live,21,21,5.9814839675941505
96,man,i,design,25,21,7.120814247135893
99,man,he,come,23,20,6.461355470472123
100,man,i,invite,24,20,6.742283969188302
101,man,i,draw,21,20,5.899498473039764
103,man,i,suppose,22,20,6.180426971755943
104,man,i,drive,21,19,5.815695761586005
105,man,i,pull,21,19,5.815695761586005
106,man,he,turn,21,19,5.815695761586005
107,man,i,imagine,25,19,6.923447335221435
108,man,i,open,25,19,6.923447335221435
109,man,i,help,20,19,5.538757868177147
110,man,i,be,21,19,5.815695761586005
111,man,i,send,29,19,8.031198908856863
112,man,i,hate,22,19,6.092633654994862
113,man,i,offer,20,18,5.457048055918957
114,man,i,figure,18,18,4.911343250327061
116,man,i,sit,18,17,4.835923109644526
117,man,i,thank,18,17,4.835923109644526
118,man,i,throw,20,17,5.373247899605028
119,man,i,develop,26,17,6.9852222694865365
120,man,i,describe,23,17,6.179235084545782
121,man,he,look,19,17,5.104585504624777
122,man,i,miss,19,16,5.022776746626627
123,man,i,pay,21,16,5.551490088376798
124,man,i,notice,19,16,5.022776746626627
125,man,i,become,20,16,5.287133417501712
126,man,i,hold,21,16,5.551490088376798
127,man,i,consider,17,16,4.494063404876455
128,man,i,grow,16,16,4.229706734001369
129,man,i,experience,17,16,4.494063404876455
130,man,he,bring,20,16,5.287133417501712
131,man,i,join,17,16,4.494063404876455
134,man,i,enjoy,16,16,4.229706734001369
135,man,i,receive,18,15,4.678597639089029
137,man,i,let,15,15,3.8988313659075238
138,man,he,lose,20,15,5.198441821210031
139,man,i,speak,16,15,4.158753456968025
140,man,he,build,17,15,4.418675548028527
141,man,he,keep,16,15,4.158753456968025
142,man,i,finish,15,15,3.8988313659075238
143,man,i,happen,17,15,4.418675548028527
144,man,i,follow,17,15,4.418675548028527
145,man,i,promise,16,14,4.085489310994047
146,man,he,pull,16,14,4.085489310994047
147,man,i,encourage,20,14,5.10686163874256
149,man,i,raise,15,14,3.8301462290569197
150,man,i,cut,18,14,4.5961754748683035
152,man,i,wear,19,13,4.761418435698467
153,man,i,'s,14,13,3.5084135841988697
154,man,i,close,14,13,3.5084135841988697
155,man,i,manage,14,13,3.5084135841988697
156,man,i,discover,15,13,3.759014554498789
157,man,i,wish,20,13,5.012019405998386
158,man,i,appreciate,14,13,3.5084135841988697
159,man,i,sell,15,13,3.759014554498789
161,man,i,eat,13,12,3.1937498868774075
162,man,i,invent,14,12,3.4394229550987467
163,man,i,hat,18,12,4.4221152279841025
164,man,i,visit,14,12,3.4394229550987467
165,man,he,hear,12,11,2.886376616232212
166,man,he,read,11,11,2.645845231546194
167,man,i,wait,12,11,2.886376616232212
169,man,i,stand,12,11,2.886376616232212
170,man,i,stick,14,11,3.3674393856042473
171,man,he,begin,11,11,2.645845231546194
172,man,i,hit,12,10,2.8216891400895605
173,man,i,remind,11,10,2.5865483784154306
174,man,i,plan,10,10,2.3514076167413007
175,man,i,save,11,10,2.5865483784154306
176,man,he,leave,11,10,2.5865483784154306
177,man,i,touch,15,10,3.5271114251119506
178,man,i,catch,13,10,3.056829901763691
179,man,i,carry,10,10,2.3514076167413007
180,man,i,present,10,10,2.3514076167413007
181,man,i,blow,11,10,2.5865483784154306
182,man,i,approach,11,10,2.5865483784154306
184,man,he,teach,11,10,2.5865483784154306
185,man,i,hop,13,10,3.056829901763691
188,man,he,decide,10,9,2.2945608986646646
189,man,i,found,9,9,2.0651048087981985
190,man,i,force,9,9,2.0651048087981985
191,man,i,recommend,9,9,2.0651048087981985
193,man,i,shoot,11,9,2.524016988531131
194,man,he,send,10,9,2.2945608986646646
195,man,he,understand,12,9,2.753473078397598
196,man,i,witness,13,9,2.9829291682640644
197,man,i,gon,15,9,3.441841347996997
198,man,i,lead,11,9,2.524016988531131
199,man,i,fly,9,9,2.0651048087981985
200,man,i,place,10,9,2.2945608986646646
202,man,i,guess,9,9,2.0651048087981985
203,man,i,introduce,9,9,2.0651048087981985
204,man,i,guarantee,8,8,1.787343900452935
206,man,i,suggest,8,8,1.787343900452935
207,man,i,cover,16,8,3.57468780090587
208,man,i,convince,8,8,1.787343900452935
209,man,i,prefer,8,8,1.787343900452935
210,man,he,open,8,8,1.787343900452935
211,man,i,win,9,8,2.0107618880095517
212,man,i,solve,10,8,2.2341798755661686
213,man,i,argue,8,8,1.787343900452935
214,man,i,allow,9,8,2.0107618880095517
215,man,he,grab,8,8,1.787343900452935
216,man,he,spend,9,8,2.0107618880095517
219,man,he,sit,9,8,2.0107618880095517
220,man,he,speak,9,8,2.0107618880095517
221,man,he,play,9,8,2.0107618880095517
223,man,she,leave,8,8,1.787343900452935
224,man,i,quit,11,8,2.4575978631227855
225,man,i,push,8,8,1.787343900452935
226,man,i,continue,7,7,1.518620431183389
227,man,i,accept,7,7,1.518620431183389
228,man,he,shoot,7,7,1.518620431183389
229,man,he,change,7,7,1.518620431183389
230,man,he,run,8,7,1.7355662070667304
231,man,i,photograph,10,7,2.169457758833413
232,man,he,let,7,7,1.518620431183389
234,man,i,challenge,7,7,1.518620431183389
235,man,i,collect,9,7,1.9525119829500717
236,man,i,paint,8,7,1.7355662070667304
237,man,i,check,8,7,1.7355662070667304
239,man,i,name,7,7,1.518620431183389
240,man,i,wake,10,7,2.169457758833413
241,man,he,throw,7,7,1.518620431183389
242,man,i,inspire,7,7,1.518620431183389
243,man,i,apply,7,7,1.518620431183389
244,man,i,treat,8,7,1.7355662070667304
245,man,i,struggle,7,7,1.518620431183389
246,man,he,create,8,7,1.7355662070667304
247,man,he,design,10,7,2.169457758833413
248,man,i,recognize,7,7,1.518620431183389
249,man,i,explore,7,7,1.518620431183389
250,man,i,propose,8,7,1.7355662070667304
251,man,i,grab,8,7,1.7355662070667304
252,man,he,develop,8,7,1.7355662070667304
253,man,i,quote,7,7,1.518620431183389
254,man,i,fill,8,7,1.7355662070667304
255,man,he,learn,8,6,1.6794030415069705
256,man,i,fell,6,6,1.2595522811302278
257,man,he,describe,8,6,1.6794030415069705
258,man,i,wonder,6,6,1.2595522811302278
259,man,i,answer,6,6,1.2595522811302278
261,man,i,mix,6,6,1.2595522811302278
262,man,i,record,8,6,1.6794030415069705
263,man,he,become,6,6,1.2595522811302278
264,man,she,bring,11,6,2.3091791820720844
265,man,i,intend,7,6,1.4694776613185991
266,man,he,work,7,6,1.4694776613185991
267,man,he,pick,7,6,1.4694776613185991
268,man,he,walk,6,6,1.2595522811302278
269,man,he,invent,6,6,1.2595522811302278
270,man,i,fight,7,6,1.4694776613185991
271,man,he,point,6,6,1.2595522811302278
272,man,he,talk,7,6,1.4694776613185991
273,man,he,hold,6,6,1.2595522811302278
275,man,she,stop,7,6,1.4694776613185991
276,man,he,felt,6,6,1.2595522811302278
277,man,i,practice,6,6,1.2595522811302278
278,man,i,ignore,7,6,1.4694776613185991
279,man,i,fascinate,6,6,1.2595522811302278
280,man,i,bet,6,6,1.2595522811302278
281,man,i,repeat,8,6,1.6794030415069705
282,man,i,pass,8,6,1.6794030415069705
283,man,he,live,6,6,1.2595522811302278
284,man,i,shift,6,6,1.2595522811302278
285,man,i,dig,6,6,1.2595522811302278
286,man,i,n't,6,6,1.2595522811302278
287,man,he,kill,7,6,1.4694776613185991
288,man,i,travel,6,6,1.2595522811302278
289,man,i,research,6,6,1.2595522811302278
290,man,i,own,6,6,1.2595522811302278
291,man,he,mean,9,6,1.8893284216953419
292,man,he,draw,7,6,1.4694776613185991
293,man,i,type,9,6,1.8893284216953419
294,man,i,break,6,6,1.2595522811302278
295,man,i,urge,7,6,1.4694776613185991
296,man,he,invite,6,6,1.2595522811302278
297,man,i,sleep,5,5,1.0109344736233936
298,man,he,stop,5,5,1.0109344736233936
299,man,she,look,7,5,1.4153082630727511
300,man,i,post,6,5,1.2131213683480724
302,man,i,count,5,5,1.0109344736233936
303,man,i,pitch,5,5,1.0109344736233936
304,man,he,set,5,5,1.0109344736233936
305,man,he,seem,5,5,1.0109344736233936
306,man,i,marry,5,5,1.0109344736233936
307,man,i,tend,5,5,1.0109344736233936
308,man,he,reach,5,5,1.0109344736233936
309,man,she,sit,5,5,1.0109344736233936
310,man,i,strike,5,5,1.0109344736233936
312,man,i,enter,5,5,1.0109344736233936
313,man,he,realize,5,5,1.0109344736233936
315,man,i,cook,5,5,1.0109344736233936
316,man,i,measure,8,5,1.61749515779743
317,man,i,trust,5,5,1.0109344736233936
318,man,i,admire,6,5,1.2131213683480724
321,man,i,drop,8,5,1.61749515779743
323,man,he,win,6,5,1.2131213683480724
324,man,he,wear,6,5,1.2131213683480724
325,man,i,climb,5,5,1.0109344736233936
326,man,she,come,6,5,1.2131213683480724
327,man,i,ride,6,5,1.2131213683480724
328,man,i,interview,7,5,1.4153082630727511
329,man,i,assure,5,5,1.0109344736233936
330,man,i,roll,5,5,1.0109344736233936
332,man,i,attempt,6,5,1.2131213683480724
333,man,i,film,5,5,1.0109344736233936
334,man,i,reach,5,5,1.0109344736233936
335,man,i,predict,5,5,1.0109344736233936
337,man,he,feel,5,5,1.0109344736233936
338,man,he,propose,8,5,1.61749515779743
339,man,he,believe,5,5,1.0109344736233936
341,man,he,pay,5,5,1.0109344736233936
342,man,he,explain,5,5,1.0109344736233936
343,man,he,break,5,5,1.0109344736233936
344,man,he,meet,6,5,1.2131213683480724
345,man,he,die,5,5,1.0109344736233936
346,man,he,figure,5,5,1.0109344736233936
347,man,i,earn,4,4,0.7738347091470481
348,man,he,move,4,4,0.7738347091470481
349,man,i,stay,4,4,0.7738347091470481
350,man,he,be,4,4,0.7738347091470481
351,man,he,publish,4,4,0.7738347091470481
352,man,i,control,4,4,0.7738347091470481
353,man,i,connect,4,4,0.7738347091470481
355,man,i,kill,4,4,0.7738347091470481
357,man,she,begin,4,4,0.7738347091470481
358,man,he,beat,4,4,0.7738347091470481
359,man,i,jump,4,4,0.7738347091470481
360,man,he,sell,5,4,0.9672933864338102
361,man,i,launch,4,4,0.7738347091470481
362,man,i,deal,4,4,0.7738347091470481
363,man,he,answer,4,4,0.7738347091470481
364,man,i,step,4,4,0.7738347091470481
365,man,i,define,4,4,0.7738347091470481
366,man,she,reach,5,4,0.9672933864338102
368,man,he,introduce,4,4,0.7738347091470481
369,man,i,translate,4,4,0.7738347091470481
370,man,i,train,4,4,0.7738347091470481
371,man,i,download,5,4,0.9672933864338102
372,man,i,expose,4,4,0.7738347091470481
373,man,i,fail,4,4,0.7738347091470481
375,man,he,touch,5,4,0.9672933864338102
376,man,i,tap,5,4,0.9672933864338102
378,man,i,warn,4,4,0.7738347091470481
379,man,i,focus,4,4,0.7738347091470481
380,man,i,suspect,5,4,0.9672933864338102
382,man,i,support,4,4,0.7738347091470481
383,man,he,lead,4,4,0.7738347091470481
384,man,he,cover,5,4,0.9672933864338102
385,man,i,deliver,4,4,0.7738347091470481
386,man,she,build,5,4,0.9672933864338102
388,man,he,end,4,4,0.7738347091470481
389,man,i,press,5,4,0.9672933864338102
390,man,she,live,4,4,0.7738347091470481
392,man,he,enter,4,4,0.7738347091470481
393,man,i,not,4,4,0.7738347091470481
394,man,he,order,4,4,0.7738347091470481
398,man,i,pop,4,4,0.7738347091470481
399,man,i,plant,6,4,1.1607520637205722
400,man,he,eat,4,4,0.7738347091470481
401,man,he,drive,4,4,0.7738347091470481
402,man,i,beat,4,4,0.7738347091470481
403,man,he,experience,4,4,0.7738347091470481
405,man,i,capture,6,4,1.1607520637205722
406,man,i,care,4,4,0.7738347091470481
407,man,he,push,4,4,0.7738347091470481
408,man,she,lose,4,4,0.7738347091470481
409,man,i,afford,5,4,0.9672933864338102
410,man,he,save,4,4,0.7738347091470481
411,man,i,adore,5,4,0.9672933864338102
412,man,i,refuse,4,4,0.7738347091470481
414,man,i,publish,4,4,0.7738347091470481
416,man,i,die,3,3,0.5497783418839671
417,man,i,adopt,3,3,0.5497783418839671
419,man,i,dream,3,3,0.5497783418839671
420,man,i,attend,3,3,0.5497783418839671
421,man,i,doubt,3,3,0.5497783418839671
422,man,i,drag,4,3,0.7330377891786228
423,man,he,pass,3,3,0.5497783418839671
427,man,i,divide,3,3,0.5497783418839671
428,man,i,avoid,3,3,0.5497783418839671
431,man,i,bear,3,3,0.5497783418839671
434,man,i,burn,3,3,0.5497783418839671
435,man,he,mention,4,3,0.7330377891786228
436,man,she,decide,3,3,0.5497783418839671
437,man,she,blow,4,3,0.7330377891786228
439,man,i,combine,3,3,0.5497783418839671
440,man,i,breathe,3,3,0.5497783418839671
441,man,i,complete,3,3,0.5497783418839671
442,man,i,conduct,3,3,0.5497783418839671
445,man,i,borrow,3,3,0.5497783418839671
446,man,i,wind,4,3,0.7330377891786228
448,man,i,blame,3,3,0.5497783418839671
449,man,she,eat,6,3,1.0995566837679343
450,man,i,weave,3,3,0.5497783418839671
452,man,i,waste,3,3,0.5497783418839671
453,man,he,buy,3,3,0.5497783418839671
454,man,he,'s,3,3,0.5497783418839671
456,man,i,observe,4,3,0.7330377891786228
458,man,i,knock,4,3,0.7330377891786228
459,man,i,land,3,3,0.5497783418839671
460,man,i,lay,3,3,0.5497783418839671
461,man,i,shake,3,3,0.5497783418839671
462,man,i,serve,4,3,0.7330377891786228
463,man,i,listen,3,3,0.5497783418839671
465,man,i,seem,3,3,0.5497783418839671
466,man,he,face,3,3,0.5497783418839671
467,man,i,seek,3,3,0.5497783418839671
469,man,he,escape,3,3,0.5497783418839671
470,man,i,multiply,3,3,0.5497783418839671
472,man,i,sing,3,3,0.5497783418839671
473,man,i,order,3,3,0.5497783418839671
474,man,i,overhear,3,3,0.5497783418839671
479,man,i,rent,3,3,0.5497783418839671
480,man,i,pour,3,3,0.5497783418839671
481,man,i,reject,3,3,0.5497783418839671
482,man,i,regret,3,3,0.5497783418839671
484,man,i,produce,4,3,0.7330377891786228
487,man,i,kick,3,3,0.5497783418839671
489,man,i,email,5,3,0.9162972364732785
490,man,i,gather,4,3,0.7330377891786228
491,man,i,embrace,4,3,0.7330377891786228
492,man,he,carry,4,3,0.7330377891786228
493,man,i,track,3,3,0.5497783418839671
496,man,he,intend,4,3,0.7330377891786228
497,man,i,face,3,3,0.5497783418839671
499,man,i,fear,3,3,0.5497783418839671
500,man,he,imagine,4,3,0.7330377891786228
501,man,i,fix,3,3,0.5497783418839671
502,man,i,switch,3,3,0.5497783418839671
503,man,i,suffer,3,3,0.5497783418839671
504,man,i,gain,3,3,0.5497783418839671
505,man,he,hit,3,3,0.5497783418839671
507,man,i,strive,4,3,0.7330377891786228
508,man,i,graduate,5,3,0.9162972364732785
509,man,i,hand,4,3,0.7330377891786228
510,man,he,graduate,3,3,0.5497783418839671
512,man,i,steal,4,3,0.7330377891786228
514,man,he,fund,3,3,0.5497783418839671
517,man,i,speed,3,3,0.5497783418839671
519,man,i,spare,3,3,0.5497783418839671
521,man,i,admit,4,3,0.7330377891786228
522,man,i,recall,3,3,0.5497783418839671
524,man,he,prove,3,3,0.5497783418839671
525,man,she,wear,3,3,0.5497783418839671
526,man,she,lower,3,3,0.5497783418839671
527,man,he,train,3,3,0.5497783418839671
528,man,she,mean,3,3,0.5497783418839671
529,man,she,run,4,3,0.7330377891786228
530,man,he,steal,3,3,0.5497783418839671
531,man,she,teach,3,3,0.5497783418839671
532,man,she,meet,3,3,0.5497783418839671
534,man,she,pick,3,3,0.5497783418839671
535,man,she,work,4,3,0.7330377891786228
536,man,he,suffer,3,3,0.5497783418839671
538,man,he,watch,3,3,0.5497783418839671
539,man,she,turn,3,3,0.5497783418839671
540,man,he,present,3,3,0.5497783418839671
541,man,she,raise,4,3,0.7330377891786228
542,man,he,add,4,3,0.7330377891786228
543,man,she,keep,3,3,0.5497783418839671
544,man,he,place,4,3,0.7330377891786228
546,man,she,read,7,3,1.2828161310625898
547,man,he,remind,3,3,0.5497783418839671
549,man,he,calculate,2,2,0.3411682792858146
552,man,i,discount,2,2,0.3411682792858146
553,man,he,expect,2,2,0.3411682792858146
555,man,he,jump,2,2,0.3411682792858146
557,man,i,master,2,2,0.3411682792858146
558,man,he,thank,2,2,0.3411682792858146
559,man,i,update,2,2,0.3411682792858146
561,man,she,pull,2,2,0.3411682792858146
563,man,he,pop,2,2,0.3411682792858146
564,man,i,drink,3,2,0.5117524189287219
565,man,he,land,3,2,0.5117524189287219
575,man,i,salute,2,2,0.3411682792858146
576,man,i,date,3,2,0.5117524189287219
577,man,i,dare,2,2,0.3411682792858146
578,man,he,lift,2,2,0.3411682792858146
579,man,she,throw,2,2,0.3411682792858146
583,man,he,type,2,2,0.3411682792858146
585,man,i,round,2,2,0.3411682792858146
586,man,i,crack,2,2,0.3411682792858146
587,man,she,offer,2,2,0.3411682792858146
590,man,he,manage,2,2,0.3411682792858146
595,man,she,play,3,2,0.5117524189287219
596,man,i,memorize,2,2,0.3411682792858146
597,man,i,devote,2,2,0.3411682792858146
599,man,he,lay,2,2,0.3411682792858146
600,man,i,wave,2,2,0.3411682792858146
602,man,i,desire,2,2,0.3411682792858146
603,man,i,dedicate,2,2,0.3411682792858146
604,man,he,reveal,2,2,0.3411682792858146
605,man,i,deny,2,2,0.3411682792858146
609,man,i,mind,2,2,0.3411682792858146
610,man,he,treat,2,2,0.3411682792858146
615,man,he,happen,2,2,0.3411682792858146
617,man,she,seem,2,2,0.3411682792858146
618,man,i,snap,2,2,0.3411682792858146
619,man,he,follow,2,2,0.3411682792858146
620,man,he,close,3,2,0.5117524189287219
621,man,he,help,2,2,0.3411682792858146
622,man,he,climb,2,2,0.3411682792858146
623,man,he,care,3,2,0.5117524189287219
624,man,i,instal,4,2,0.6823365585716292
628,man,i,smile,2,2,0.3411682792858146
629,man,she,speak,2,2,0.3411682792858146
630,man,he,focus,2,2,0.3411682792858146
631,man,i,hang,2,2,0.3411682792858146
632,man,i,influence,2,2,0.3411682792858146
635,man,i,spread,3,2,0.5117524189287219
639,man,i,identify,2,2,0.3411682792858146
640,man,he,smile,2,2,0.3411682792858146
641,man,he,solve,3,2,0.5117524189287219
642,man,i,hide,2,2,0.3411682792858146
645,man,she,set,2,2,0.3411682792858146
646,man,i,improve,2,2,0.3411682792858146
647,man,she,send,2,2,0.3411682792858146
648,man,she,sell,2,2,0.3411682792858146
649,man,i,include,2,2,0.3411682792858146
650,man,he,step,2,2,0.3411682792858146
652,man,i,sum,2,2,0.3411682792858146
653,man,he,check,2,2,0.3411682792858146
655,man,he,serve,2,2,0.3411682792858146
657,man,i,lean,2,2,0.3411682792858146
660,man,she,stand,2,2,0.3411682792858146
662,man,i,lift,4,2,0.6823365585716292
663,man,i,trade,2,2,0.3411682792858146
665,man,i,envision,2,2,0.3411682792858146
666,man,she,study,2,2,0.3411682792858146
667,man,he,catch,2,2,0.3411682792858146
668,man,i,encounter,2,2,0.3411682792858146
670,man,he,shake,2,2,0.3411682792858146
673,man,he,flip,2,2,0.3411682792858146
676,man,i,swear,2,2,0.3411682792858146
678,man,i,flip,2,2,0.3411682792858146
681,man,he,finish,2,2,0.3411682792858146
682,man,i,fit,2,2,0.3411682792858146
683,man,he,share,2,2,0.3411682792858146
684,man,i,sign,2,2,0.3411682792858146
685,man,i,shut,2,2,0.3411682792858146
690,man,i,paste,5,2,0.8529206982145364
691,man,i,represent,4,2,0.6823365585716292
692,man,she,create,2,2,0.3411682792858146
693,man,i,project,2,2,0.3411682792858146
694,man,he,recite,2,2,0.3411682792858146
696,man,she,follow,2,2,0.3411682792858146
698,man,i,perform,2,2,0.3411682792858146
700,man,he,receive,3,2,0.5117524189287219
701,man,i,prove,2,2,0.3411682792858146
702,man,i,provide,2,2,0.3411682792858146
703,man,i,report,2,2,0.3411682792858146
705,man,he,murder,2,2,0.3411682792858146
706,man,i,assign,2,2,0.3411682792858146
707,man,she,clear,2,2,0.3411682792858146
708,man,i,chase,2,2,0.3411682792858146
709,man,i,assemble,2,2,0.3411682792858146
710,man,i,pursue,2,2,0.3411682792858146
711,man,he,discover,2,2,0.3411682792858146
713,man,i,paralyze,2,2,0.3411682792858146
715,man,she,challenge,2,2,0.3411682792858146
716,man,she,catch,2,2,0.3411682792858146
717,man,i,resemble,2,2,0.3411682792858146
718,man,he,recognize,2,2,0.3411682792858146
719,man,i,pile,2,2,0.3411682792858146
722,man,he,refuse,2,2,0.3411682792858146
723,man,he,accept,2,2,0.3411682792858146
724,man,i,pray,2,2,0.3411682792858146
725,man,she,drop,3,2,0.5117524189287219
727,man,i,block,2,2,0.3411682792858146
728,man,i,belong,2,2,0.3411682792858146
729,man,she,enter,3,2,0.5117524189287219
730,man,i,point,2,2,0.3411682792858146
731,man,i,prepare,2,2,0.3411682792858146
733,man,he,approach,2,2,0.3411682792858146
734,man,he,offer,2,2,0.3411682792858146
736,man,i,plug,2,2,0.3411682792858146
738,man,she,volunteer,2,2,0.3411682792858146
739,man,she,felt,2,2,0.3411682792858146
740,man,i,remove,2,2,0.3411682792858146
743,man,she,film,2,2,0.3411682792858146
745,man,she,describe,2,2,0.3411682792858146
746,man,he,drink,3,2,0.5117524189287219
747,man,i,print,2,2,0.3411682792858146
748,man,he,own,2,2,0.3411682792858146
750,man,he,quote,2,2,0.3411682792858146
751,man,she,bear,2,2,0.3411682792858146
752,man,i,compare,2,2,0.3411682792858146
754,man,she,assemble,2,2,0.3411682792858146
755,man,he,visit,2,2,0.3411682792858146
758,man,he,deliver,2,2,0.3411682792858146
760,man,i,reveal,2,2,0.3411682792858146
762,man,she,help,2,2,0.3411682792858146
763,man,he,paint,3,2,0.5117524189287219
766,man,she,hold,3,2,0.5117524189287219
767,man,she,hop,2,2,0.3411682792858146
768,man,she,answer,2,2,0.3411682792858146
770,man,i,aim,2,2,0.3411682792858146
771,man,she,be,2,2,0.3411682792858146
773,man,she,become,2,2,0.3411682792858146
774,man,she,join,2,2,0.3411682792858146
775,man,i,achieve,2,2,0.3411682792858146
776,man,she,marry,2,2,0.3411682792858146
777,man,he,emphasize,2,2,0.3411682792858146
779,man,he,dig,3,2,0.5117524189287219
780,man,she,book,2,2,0.3411682792858146
784,man,i,contact,2,2,0.3411682792858146
785,man,i,abuse,2,2,0.3411682792858146
786,man,he,wait,2,2,0.3411682792858146
788,man,she,shut,1,1,0.15254699576300085
789,man,i,recite,1,1,0.15254699576300085
790,man,he,convince,1,1,0.15254699576300085
793,man,she,spread,1,1,0.15254699576300085
796,man,she,wave,1,1,0.15254699576300085
798,man,she,wash,1,1,0.15254699576300085
799,man,she,sing,1,1,0.15254699576300085
801,man,she,squeeze,1,1,0.15254699576300085
803,man,she,sign,1,1,0.15254699576300085
806,man,i,ski,3,1,0.4576409872890026
811,man,i,solicit,1,1,0.15254699576300085
813,man,i,reduce,1,1,0.15254699576300085
814,man,he,continue,1,1,0.15254699576300085
823,man,i,regain,1,1,0.15254699576300085
827,man,she,solve,1,1,0.15254699576300085
831,man,he,control,2,1,0.3050939915260017
832,man,she,spend,1,1,0.15254699576300085
836,man,i,risk,1,1,0.15254699576300085
839,man,i,resist,1,1,0.15254699576300085
847,man,i,respect,1,1,0.15254699576300085
848,man,he,accomplish,1,1,0.15254699576300085
849,man,i,resent,1,1,0.15254699576300085
853,man,he,deal,1,1,0.15254699576300085
855,man,he,accuse,1,1,0.15254699576300085
856,man,i,require,1,1,0.15254699576300085
858,man,she,talk,1,1,0.15254699576300085
859,man,she,understand,1,1,0.15254699576300085
860,man,she,tend,1,1,0.15254699576300085
862,man,he,cook,1,1,0.15254699576300085
863,man,i,ruin,1,1,0.15254699576300085
866,man,she,train,1,1,0.15254699576300085
867,man,he,cut,1,1,0.15254699576300085
868,man,she,touch,1,1,0.15254699576300085
871,man,he,date,1,1,0.15254699576300085
875,man,she,translate,1,1,0.15254699576300085
879,man,i,rush,1,1,0.15254699576300085
883,man,she,trust,1,1,0.15254699576300085
888,man,i,sense,1,1,0.15254699576300085
889,man,i,separate,1,1,0.15254699576300085
893,man,he,dedicate,1,1,0.15254699576300085
895,man,she,step,1,1,0.15254699576300085
896,man,i,sew,1,1,0.15254699576300085
899,man,he,count,1,1,0.15254699576300085
903,man,i,shed,1,1,0.15254699576300085
906,man,she,walk,1,1,0.15254699576300085
917,man,he,accompany,1,1,0.15254699576300085
924,man,he,cross,1,1,0.15254699576300085
927,man,she,suppose,2,1,0.3050939915260017
928,man,she,suggest,1,1,0.15254699576300085
929,man,i,seize,1,1,0.15254699576300085
930,man,i,select,1,1,0.15254699576300085
931,man,she,invent,2,1,0.3050939915260017
934,man,she,change,1,1,0.15254699576300085
936,man,she,miss,1,1,0.15254699576300085
937,man,she,blame,1,1,0.15254699576300085
938,man,she,mind,1,1,0.15254699576300085
939,man,she,break,1,1,0.15254699576300085
940,man,she,breathe,1,1,0.15254699576300085
942,man,she,buy,1,1,0.15254699576300085
945,man,she,care,1,1,0.15254699576300085
947,man,she,chase,1,1,0.15254699576300085
952,man,she,collect,1,1,0.15254699576300085
955,man,she,complete,1,1,0.15254699576300085
959,man,she,contact,1,1,0.15254699576300085
960,man,she,manage,1,1,0.15254699576300085
963,man,i,wipe,1,1,0.15254699576300085
964,man,i,yell,1,1,0.15254699576300085
965,man,i,wire,1,1,0.15254699576300085
966,man,he,bear,1,1,0.15254699576300085
971,man,i,wrap,1,1,0.15254699576300085
974,man,she,open,1,1,0.15254699576300085
978,man,she,approach,1,1,0.15254699576300085
979,man,she,'s,1,1,0.15254699576300085
980,man,she,accept,1,1,0.15254699576300085
981,man,she,accomplish,1,1,0.15254699576300085
982,man,she,achieve,1,1,0.15254699576300085
983,man,she,acknowledge,2,1,0.3050939915260017
987,man,she,notice,1,1,0.15254699576300085
989,man,she,allow,1,1,0.15254699576300085
990,man,she,animate,1,1,0.15254699576300085
991,man,she,contain,1,1,0.15254699576300085
992,man,she,cook,2,1,0.3050939915260017
994,man,she,grab,1,1,0.15254699576300085
995,man,he,attend,1,1,0.15254699576300085
996,man,she,flip,1,1,0.15254699576300085
999,man,she,kill,1,1,0.15254699576300085
1002,man,she,found,1,1,0.15254699576300085
1003,man,she,fund,1,1,0.15254699576300085
1005,man,he,assure,1,1,0.15254699576300085
1006,man,he,assume,1,1,0.15254699576300085
1007,man,she,graduate,1,1,0.15254699576300085
1008,man,she,cut,1,1,0.15254699576300085
1011,man,she,hand,2,1,0.3050939915260017
1012,man,she,hat,2,1,0.3050939915260017
1013,man,he,assemble,1,1,0.15254699576300085
1014,man,she,hear,1,1,0.15254699576300085
1016,man,she,hit,1,1,0.15254699576300085
1017,man,she,ignore,1,1,0.15254699576300085
1018,man,she,imitate,1,1,0.15254699576300085
1020,man,she,inject,1,1,0.15254699576300085
1022,man,she,launch,1,1,0.15254699576300085
1023,man,she,lay,1,1,0.15254699576300085
1024,man,she,fell,1,1,0.15254699576300085
1028,man,she,design,1,1,0.15254699576300085
1030,man,she,discover,1,1,0.15254699576300085
1031,man,he,apply,1,1,0.15254699576300085
1034,man,he,avoid,1,1,0.15254699576300085
1037,man,she,lift,1,1,0.15254699576300085
1039,man,she,dump,1,1,0.15254699576300085
1040,man,she,let,1,1,0.15254699576300085
1044,man,he,arrest,1,1,0.15254699576300085
1045,man,she,expect,1,1,0.15254699576300085
1046,man,she,explore,1,1,0.15254699576300085
1047,man,she,learn,1,1,0.15254699576300085
1048,man,she,lean,1,1,0.15254699576300085
1049,man,she,face,1,1,0.15254699576300085
1050,man,she,paint,1,1,0.15254699576300085
1053,man,she,save,2,1,0.3050939915260017
1054,man,i,suck,1,1,0.15254699576300085
1063,man,i,survive,1,1,0.15254699576300085
1071,man,she,roll,1,1,0.15254699576300085
1072,man,she,risk,1,1,0.15254699576300085
1074,man,he,choose,1,1,0.15254699576300085
1077,man,i,tear,1,1,0.15254699576300085
1083,man,she,select,1,1,0.15254699576300085
1088,man,she,shake,1,1,0.15254699576300085
1090,man,he,compose,1,1,0.15254699576300085
1092,man,he,complete,1,1,0.15254699576300085
1094,man,she,serve,1,1,0.15254699576300085
1096,man,he,commit,1,1,0.15254699576300085
1098,man,he,combine,1,1,0.15254699576300085
1104,man,he,collect,1,1,0.15254699576300085
1105,man,she,seek,1,1,0.15254699576300085
1109,man,he,allow,1,1,0.15254699576300085
1118,man,she,push,1,1,0.15254699576300085
1120,man,she,purchase,1,1,0.15254699576300085
1125,man,i,visualize,1,1,0.15254699576300085
1128,man,he,blame,1,1,0.15254699576300085
1129,man,she,program,1,1,0.15254699576300085
1134,man,she,plan,2,1,0.3050939915260017
1135,man,she,perform,1,1,0.15254699576300085
1136,man,she,pay,1,1,0.15254699576300085
1138,man,she,pass,1,1,0.15254699576300085
1141,man,she,re,1,1,0.15254699576300085
1144,man,she,replace,1,1,0.15254699576300085
1145,man,he,channel,1,1,0.15254699576300085
1146,man,he,challenge,1,1,0.15254699576300085
1148,man,she,remember,1,1,0.15254699576300085
1152,man,i,toss,2,1,0.3050939915260017
1158,man,i,transform,1,1,0.15254699576300085
1160,man,i,transmit,2,1,0.3050939915260017
1162,man,she,recognize,1,1,0.15254699576300085
1166,man,he,capture,1,1,0.15254699576300085
1168,man,she,receive,1,1,0.15254699576300085
1169,man,he,bind,1,1,0.15254699576300085
1171,man,i,reassure,1,1,0.15254699576300085
1172,man,i,bid,1,1,0.15254699576300085
1179,man,he,notice,1,1,0.15254699576300085
1180,man,i,accomplish,1,1,0.15254699576300085
1183,man,i,bend,1,1,0.15254699576300085
1189,man,i,brush,1,1,0.15254699576300085
1191,man,he,n't,1,1,0.15254699576300085
1193,man,i,bury,1,1,0.15254699576300085
1194,man,i,bust,1,1,0.15254699576300085
1198,man,i,cancel,1,1,0.15254699576300085
1200,man,i,carve,1,1,0.15254699576300085
1201,man,he,mount,1,1,0.15254699576300085
1209,man,he,pause,1,1,0.15254699576300085
1210,man,i,advise,1,1,0.15254699576300085
1218,man,he,paste,1,1,0.15254699576300085
1220,man,i,appear,1,1,0.15254699576300085
1225,man,i,arrest,1,1,0.15254699576300085
1229,man,i,assume,1,1,0.15254699576300085
1231,man,i,attach,2,1,0.3050939915260017
1240,man,i,channel,1,1,0.15254699576300085
1243,man,he,marry,1,1,0.15254699576300085
1247,man,i,copy,1,1,0.15254699576300085
1249,man,he,maintain,1,1,0.15254699576300085
1254,man,i,cross,1,1,0.15254699576300085
1263,man,i,deceive,1,1,0.15254699576300085
1265,man,i,declare,1,1,0.15254699576300085
1272,man,i,contain,1,1,0.15254699576300085
1273,man,he,master,1,1,0.15254699576300085
1280,man,he,model,1,1,0.15254699576300085
1286,man,he,mix,1,1,0.15254699576300085
1289,man,i,coach,1,1,0.15254699576300085
1291,man,i,confront,1,1,0.15254699576300085
1292,man,i,coin,2,1,0.3050939915260017
1293,man,i,color,1,1,0.15254699576300085
1294,man,he,match,1,1,0.15254699576300085
1296,man,i,commission,1,1,0.15254699576300085
1297,man,i,communicate,1,1,0.15254699576300085
1302,man,i,concentrate,1,1,0.15254699576300085
1309,man,he,shove,1,1,0.15254699576300085
1311,man,he,produce,1,1,0.15254699576300085
1313,man,he,sing,1,1,0.15254699576300085
1315,man,he,project,1,1,0.15254699576300085
1316,man,he,shape,1,1,0.15254699576300085
1318,man,he,provide,1,1,0.15254699576300085
1319,man,he,seek,1,1,0.15254699576300085
1336,man,he,stand,1,1,0.15254699576300085
1337,man,he,pretend,1,1,0.15254699576300085
1338,man,he,stay,1,1,0.15254699576300085
1339,man,he,stick,1,1,0.15254699576300085
1344,man,he,repeat,1,1,0.15254699576300085
1345,man,he,recall,1,1,0.15254699576300085
1347,man,he,recommend,1,1,0.15254699576300085
1348,man,he,record,1,1,0.15254699576300085
1354,man,he,reject,1,1,0.15254699576300085
1355,man,he,remember,1,1,0.15254699576300085
1356,man,he,remove,2,1,0.3050939915260017
1357,man,he,rent,1,1,0.15254699576300085
1362,man,he,require,1,1,0.15254699576300085
1364,man,he,resemble,1,1,0.15254699576300085
1365,man,he,restart,1,1,0.15254699576300085
1371,man,he,roll,2,1,0.3050939915260017
1374,man,he,ruin,1,1,0.15254699576300085
1375,man,he,press,1,1,0.15254699576300085
1388,man,he,warn,1,1,0.15254699576300085
1389,man,he,wave,1,1,0.15254699576300085
1390,man,he,photograph,1,1,0.15254699576300085
1393,man,he,whisper,1,1,0.15254699576300085
1395,man,he,wipe,1,1,0.15254699576300085
1396,man,he,wish,1,1,0.15254699576300085
1401,man,he,yell,1,1,0.15254699576300085
1406,man,he,perform,2,1,0.3050939915260017
1408,man,i,absorb,1,1,0.15254699576300085
1409,man,he,plan,1,1,0.15254699576300085
1410,man,he,plot,1,1,0.15254699576300085
1411,man,he,struggle,1,1,0.15254699576300085
1413,man,he,study,1,1,0.15254699576300085
1415,man,he,succeed,1,1,0.15254699576300085
1417,man,he,support,1,1,0.15254699576300085
1418,man,he,suppose,1,1,0.15254699576300085
1420,man,he,surprise,1,1,0.15254699576300085
1423,man,he,survive,1,1,0.15254699576300085
1426,man,he,predict,1,1,0.15254699576300085
1427,man,he,pray,1,1,0.15254699576300085
1429,man,he,tear,1,1,0.15254699576300085
1430,man,he,practice,3,1,0.4576409872890026
1436,man,he,title,1,1,0.15254699576300085
1438,man,he,track,1,1,0.15254699576300085
1439,man,he,trade,1,1,0.15254699576300085
1440,man,he,translate,1,1,0.15254699576300085
1442,man,he,travel,1,1,0.15254699576300085
1443,man,i,determine,1,1,0.15254699576300085
1444,man,i,devise,1,1,0.15254699576300085
1446,man,he,fail,1,1,0.15254699576300085
1447,man,he,raise,1,1,0.15254699576300085
1454,man,i,inherit,1,1,0.15254699576300085
1456,man,i,long,1,1,0.15254699576300085
1459,man,he,fake,2,1,0.3050939915260017
1460,man,i,link,1,1,0.15254699576300085
1464,man,he,expose,1,1,0.15254699576300085
1466,man,i,match,1,1,0.15254699576300085
1471,man,i,mentor,2,1,0.3050939915260017
1476,man,he,envision,1,1,0.15254699576300085
1477,man,i,mock,1,1,0.15254699576300085
1484,man,i,insert,1,1,0.15254699576300085
1488,man,i,interpret,1,1,0.15254699576300085
1491,man,he,fly,1,1,0.15254699576300085
1495,man,i,issue,1,1,0.15254699576300085
1499,man,i,judge,1,1,0.15254699576300085
1508,man,he,film,1,1,0.15254699576300085
1510,man,he,fill,1,1,0.15254699576300085
1513,man,i,mount,1,1,0.15254699576300085
1515,man,he,document,1,1,0.15254699576300085
1518,man,he,drop,1,1,0.15254699576300085
1519,man,i,picture,1,1,0.15254699576300085
1521,man,he,dream,1,1,0.15254699576300085
1523,man,i,plot,1,1,0.15254699576300085
1524,man,i,portray,1,1,0.15254699576300085
1526,man,he,drag,1,1,0.15254699576300085
1527,man,he,download,1,1,0.15254699576300085
1528,man,he,doubt,1,1,0.15254699576300085
1532,man,i,pretend,1,1,0.15254699576300085
1533,man,he,divide,1,1,0.15254699576300085
1538,man,he,discourage,1,1,0.15254699576300085
1541,man,he,devise,1,1,0.15254699576300085
1546,man,i,perceive,3,1,0.4576409872890026
1548,man,he,entertain,1,1,0.15254699576300085
1551,man,he,enjoy,1,1,0.15254699576300085
1556,man,he,encourage,1,1,0.15254699576300085
1562,man,he,email,1,1,0.15254699576300085
1568,man,i,owe,1,1,0.15254699576300085
1569,man,he,elect,1,1,0.15254699576300085
1574,man,i,panic,1,1,0.15254699576300085
1577,man,he,earn,1,1,0.15254699576300085
1580,man,i,inject,1,1,0.15254699576300085
1582,man,i,dial,4,1,0.6101879830520034
1583,man,i,entrance,1,1,0.15254699576300085
1585,man,i,examine,1,1,0.15254699576300085
1586,man,i,escape,1,1,0.15254699576300085
1591,man,i,improvise,1,1,0.15254699576300085
1592,man,he,interview,1,1,0.15254699576300085
1595,man,i,engineer,1,1,0.15254699576300085
1596,man,i,engage,1,1,0.15254699576300085
1602,man,he,interpret,1,1,0.15254699576300085
1603,man,he,instal,1,1,0.15254699576300085
1604,man,he,inspire,1,1,0.15254699576300085
1606,man,i,express,1,1,0.15254699576300085
1611,man,he,influence,1,1,0.15254699576300085
1615,man,he,issue,2,1,0.3050939915260017
1616,man,he,join,1,1,0.15254699576300085
1618,man,i,document,1,1,0.15254699576300085
1621,man,he,launch,1,1,0.15254699576300085
1626,man,he,laugh,1,1,0.15254699576300085
1627,man,i,discuss,1,1,0.15254699576300085
1628,man,i,dislike,1,1,0.15254699576300085
1632,man,i,distribute,1,1,0.15254699576300085
1635,man,i,domesticate,1,1,0.15254699576300085
1636,man,he,knock,1,1,0.15254699576300085
1639,man,he,kick,1,1,0.15254699576300085
1650,man,he,include,3,1,0.4576409872890026
1655,man,he,hang,1,1,0.15254699576300085
1659,man,i,hasten,1,1,0.15254699576300085
1660,man,he,grow,1,1,0.15254699576300085
1661,man,he,grant,1,1,0.15254699576300085
1662,man,he,gather,1,1,0.15254699576300085
1668,man,he,hat,1,1,0.15254699576300085
1677,man,i,hunch,2,1,0.3050939915260017
1679,man,he,forget,1,1,0.15254699576300085
1680,man,he,force,1,1,0.15254699576300085
1681,man,i,immerse,1,1,0.15254699576300085
1684,man,i,govern,1,1,0.15254699576300085
1685,man,he,improvise,2,1,0.3050939915260017
1687,man,he,impersonate,1,1,0.15254699576300085
1700,man,he,hug,1,1,0.15254699576300085
1701,man,he,hop,1,1,0.15254699576300085
1704,man,i,frame,1,1,0.15254699576300085
23,woman,i,spend,49,41,26.867537879421693
25,woman,i,meet,58,39,30.953595624897996
28,woman,i,learn,48,38,25.266507604746554
29,woman,i,remember,49,37,25.43583057148354
31,woman,i,decide,39,34,19.393589870253265
33,woman,i,hear,51,31,24.247068355220804
34,woman,i,begin,39,30,18.257256951720798
36,woman,i,bring,30,26,13.162295278957613
37,woman,i,leave,30,25,12.939632410307706
38,woman,i,mean,36,25,15.527558892369246
39,woman,i,read,38,25,16.390201053056426
40,woman,i,keep,32,24,13.563457528244628
45,woman,i,realize,24,21,9.627682169169754
46,woman,i,lose,27,20,10.623221129597622
47,woman,i,work,21,20,8.262505323020372
48,woman,i,watch,23,19,8.87039291858668
49,woman,i,study,25,19,9.64173143324639
51,woman,i,look,21,19,8.099054403926967
52,woman,i,understand,26,19,10.027400690576245
53,woman,i,come,22,18,8.311413525571364
55,woman,i,play,25,18,9.444788097240187
56,woman,i,believe,22,17,8.135730844425167
57,woman,i,hope,21,17,7.7659248969512955
59,woman,i,feel,24,17,8.87534273937291
61,woman,i,pick,18,15,6.362033497039577
62,woman,i,create,22,15,7.775818718603928
63,woman,i,discover,20,15,7.068926107821753
64,woman,i,felt,25,15,8.83615763477719
65,woman,i,walk,17,15,6.008587191648489
66,woman,i,turn,17,14,5.86555404026753
67,woman,i,sit,16,14,5.520521449663558
71,woman,i,set,15,13,5.046452749699762
72,woman,i,thank,34,13,11.438626232652794
73,woman,i,help,14,12,4.586513344648016
74,woman,i,choose,16,12,5.241729536740589
77,woman,i,send,13,12,4.258905248601729
78,woman,i,run,16,12,5.241729536740589
79,woman,i,wear,14,12,4.586513344648016
80,woman,i,hate,11,11,3.5038107191289414
81,woman,i,stand,12,11,3.8223389663224814
82,woman,i,stop,12,11,3.8223389663224814
83,woman,i,imagine,11,11,3.5038107191289414
90,woman,i,win,18,10,5.5645736443934
91,woman,i,join,12,10,3.709715762928933
92,woman,i,invite,12,10,3.709715762928933
93,woman,i,share,12,9,3.5926963827171012
94,woman,i,hold,10,9,2.993913652264251
95,woman,i,forget,10,9,2.993913652264251
96,woman,i,be,9,9,2.694522287037826
98,woman,i,miss,12,9,3.5926963827171012
101,woman,i,open,8,8,2.3135477689570023
103,woman,i,buy,11,8,3.181128182315878
104,woman,i,change,10,8,2.891934711196253
106,woman,i,teach,10,8,2.891934711196253
108,woman,i,suppose,9,8,2.602741240076628
109,woman,i,design,9,8,2.602741240076628
110,woman,i,enjoy,8,8,2.3135477689570023
111,woman,i,gon,16,8,4.627095537914005
112,woman,i,live,7,7,1.9490875402289876
113,woman,i,promise,7,7,1.9490875402289876
114,woman,i,pull,7,7,1.9490875402289876
115,woman,i,pay,7,7,1.9490875402289876
116,woman,i,answer,9,7,2.505969694580127
117,woman,i,wait,8,7,2.227528617404557
118,woman,i,assure,7,7,1.9490875402289876
119,woman,i,accept,7,7,1.9490875402289876
120,woman,i,talk,7,7,1.9490875402289876
122,woman,i,end,7,7,1.9490875402289876
123,woman,i,throw,8,7,2.227528617404557
124,woman,he,look,7,7,1.9490875402289876
127,woman,she,look,6,6,1.6018903169519951
128,woman,she,leave,6,6,1.6018903169519951
129,woman,i,continue,6,6,1.6018903169519951
131,woman,i,describe,9,6,2.402835475427993
133,woman,i,add,10,6,2.669817194919992
134,woman,i,'s,7,6,1.8688720364439944
136,woman,i,finish,6,6,1.6018903169519951
137,woman,i,move,6,6,1.6018903169519951
138,woman,i,speak,7,6,1.8688720364439944
140,woman,i,train,6,6,1.6018903169519951
141,woman,i,encounter,6,6,1.6018903169519951
142,woman,i,visit,7,6,1.8688720364439944
143,woman,i,wish,9,6,2.402835475427993
144,woman,i,receive,7,6,1.8688720364439944
145,woman,i,follow,7,6,1.8688720364439944
146,woman,i,interview,8,6,2.135853755935994
147,woman,she,bring,9,6,2.402835475427993
149,woman,i,raise,6,6,1.6018903169519951
150,woman,i,offer,6,6,1.6018903169519951
151,woman,i,name,7,5,1.7821244167580859
152,woman,i,appreciate,6,5,1.5275352143640737
153,woman,i,mention,8,5,2.0367136191520983
155,woman,he,turn,6,5,1.5275352143640737
156,woman,i,record,5,5,1.2729460119700613
157,woman,i,notice,5,5,1.2729460119700613
158,woman,i,push,5,5,1.2729460119700613
159,woman,i,draw,7,5,1.7821244167580859
160,woman,i,blame,9,5,2.2913028215461106
161,woman,she,save,6,5,1.5275352143640737
162,woman,i,inspire,5,5,1.2729460119700613
163,woman,i,blow,7,5,1.7821244167580859
164,woman,i,found,6,5,1.5275352143640737
165,woman,i,carry,7,5,1.7821244167580859
167,woman,i,figure,6,5,1.5275352143640737
168,woman,i,convince,5,5,1.2729460119700613
170,woman,i,explore,5,5,1.2729460119700613
171,woman,i,experience,7,5,1.7821244167580859
172,woman,i,develop,5,5,1.2729460119700613
173,woman,i,expect,6,5,1.5275352143640737
174,woman,i,prefer,5,5,1.2729460119700613
176,woman,he,learn,5,5,1.2729460119700613
179,woman,he,kill,6,5,1.5275352143640737
180,woman,he,win,5,4,1.2045174494456143
181,woman,i,happen,5,4,1.2045174494456143
182,woman,i,hit,5,4,1.2045174494456143
183,woman,he,live,4,4,0.9636139595564915
184,woman,i,break,4,4,0.9636139595564915
185,woman,he,wear,4,4,0.9636139595564915
186,woman,he,create,4,4,0.9636139595564915
187,woman,she,change,4,4,0.9636139595564915
188,woman,i,lead,5,4,1.2045174494456143
189,woman,she,teach,4,4,0.9636139595564915
190,woman,i,manage,5,4,1.2045174494456143
191,woman,i,trust,5,4,1.2045174494456143
192,woman,i,grow,5,4,1.2045174494456143
193,woman,i,fell,4,4,0.9636139595564915
194,woman,i,track,4,4,0.9636139595564915
195,woman,i,fascinate,4,4,0.9636139595564915
196,woman,i,fail,5,4,1.2045174494456143
198,woman,she,come,4,4,0.9636139595564915
199,woman,i,apply,4,4,0.9636139595564915
200,woman,i,eat,4,4,0.9636139595564915
201,woman,i,drive,6,4,1.4454209393347373
202,woman,i,devote,4,4,0.9636139595564915
203,woman,he,bring,4,4,0.9636139595564915
204,woman,i,cut,4,4,0.9636139595564915
205,woman,i,cross,4,4,0.9636139595564915
206,woman,she,keep,5,4,1.2045174494456143
207,woman,i,compare,4,4,0.9636139595564915
208,woman,i,travel,4,4,0.9636139595564915
209,woman,i,save,6,4,1.4454209393347373
210,woman,she,pull,4,4,0.9636139595564915
211,woman,he,develop,4,4,0.9636139595564915
212,woman,he,spend,4,4,0.9636139595564915
213,woman,i,present,4,4,0.9636139595564915
214,woman,he,stop,5,4,1.2045174494456143
215,woman,i,photograph,4,4,0.9636139595564915
216,woman,i,perform,4,4,0.9636139595564915
217,woman,he,follow,4,4,0.9636139595564915
218,woman,i,propose,4,4,0.9636139595564915
219,woman,i,suggest,4,4,0.9636139595564915
221,woman,she,turn,4,4,0.9636139595564915
222,woman,i,support,5,4,1.2045174494456143
223,woman,i,tend,4,4,0.9636139595564915
224,woman,i,consider,3,3,0.6758702199940212
225,woman,i,drop,3,3,0.6758702199940212
226,woman,i,build,5,3,1.126450366656702
227,woman,i,strike,3,3,0.6758702199940212
228,woman,i,prepare,3,3,0.6758702199940212
229,woman,he,read,3,3,0.6758702199940212
230,woman,i,stay,3,3,0.6758702199940212
231,woman,i,check,3,3,0.6758702199940212
232,woman,i,explain,3,3,0.6758702199940212
233,woman,she,create,4,3,0.9011602933253616
234,woman,she,open,3,3,0.6758702199940212
235,woman,i,enter,3,3,0.6758702199940212
236,woman,i,encourage,3,3,0.6758702199940212
237,woman,i,coach,3,3,0.6758702199940212
238,woman,i,commission,3,3,0.6758702199940212
239,woman,i,sell,4,3,0.9011602933253616
240,woman,i,count,3,3,0.6758702199940212
241,woman,i,dream,3,3,0.6758702199940212
242,woman,he,pay,3,3,0.6758702199940212
243,woman,i,divide,3,3,0.6758702199940212
244,woman,i,publish,3,3,0.6758702199940212
245,woman,he,play,4,3,0.9011602933253616
246,woman,she,live,4,3,0.9011602933253616
247,woman,i,connect,3,3,0.6758702199940212
248,woman,i,define,3,3,0.6758702199940212
249,woman,she,hold,4,3,0.9011602933253616
250,woman,i,recognize,3,3,0.6758702199940212
251,woman,i,recommend,3,3,0.6758702199940212
252,woman,i,report,3,3,0.6758702199940212
253,woman,he,build,3,3,0.6758702199940212
254,woman,i,transform,3,3,0.6758702199940212
255,woman,i,place,3,3,0.6758702199940212
256,woman,she,buy,3,3,0.6758702199940212
257,woman,he,lead,3,3,0.6758702199940212
259,woman,i,kill,3,3,0.6758702199940212
260,woman,i,owe,3,3,0.6758702199940212
261,woman,i,lay,3,3,0.6758702199940212
262,woman,i,observe,3,3,0.6758702199940212
263,woman,i,let,4,3,0.9011602933253616
264,woman,i,listen,4,3,0.9011602933253616
265,woman,he,keep,4,3,0.9011602933253616
266,woman,he,join,3,3,0.6758702199940212
267,woman,i,not,3,3,0.6758702199940212
268,woman,i,marry,4,3,0.9011602933253616
269,woman,he,hit,3,3,0.6758702199940212
270,woman,i,treat,3,3,0.6758702199940212
271,woman,i,touch,3,3,0.6758702199940212
272,woman,i,wake,3,3,0.6758702199940212
273,woman,i,wash,4,3,0.9011602933253616
274,woman,i,introduce,3,3,0.6758702199940212
275,woman,he,change,4,3,0.9011602933253616
276,woman,i,translate,3,3,0.6758702199940212
277,woman,she,begin,5,3,1.126450366656702
278,woman,i,grab,4,3,0.9011602933253616
279,woman,i,guess,3,3,0.6758702199940212
282,woman,i,wonder,3,3,0.6758702199940212
283,woman,i,paint,3,3,0.6758702199940212
284,woman,i,witness,3,3,0.6758702199940212
285,woman,he,hand,3,3,0.6758702199940212
286,woman,he,choose,3,3,0.6758702199940212
287,woman,i,identify,4,3,0.9011602933253616
288,woman,he,leave,4,3,0.9011602933253616
289,woman,i,waste,3,3,0.6758702199940212
290,woman,he,carry,3,3,0.6758702199940212
291,woman,i,plan,4,3,0.9011602933253616
292,woman,he,run,3,3,0.6758702199940212
295,woman,she,sell,5,3,1.126450366656702
296,woman,i,admire,3,3,0.6758702199940212
297,woman,i,allow,4,3,0.9011602933253616
298,woman,i,become,3,3,0.6758702199940212
300,woman,she,sing,3,3,0.6758702199940212
301,woman,she,sleep,3,3,0.6758702199940212
302,woman,he,teach,3,3,0.6758702199940212
303,woman,i,bear,3,3,0.6758702199940212
304,woman,i,approach,3,3,0.6758702199940212
305,woman,he,refuse,3,3,0.6758702199940212
306,woman,i,assign,5,3,1.126450366656702
307,woman,i,engage,2,2,0.4128659699355516
308,woman,i,stick,2,2,0.4128659699355516
309,woman,i,assemble,2,2,0.4128659699355516
310,woman,she,chase,2,2,0.4128659699355516
311,woman,he,speak,2,2,0.4128659699355516
313,woman,i,doubt,2,2,0.4128659699355516
314,woman,she,catch,3,2,0.6192989549033274
315,woman,he,name,2,2,0.4128659699355516
316,woman,i,fix,2,2,0.4128659699355516
317,woman,she,dig,2,2,0.4128659699355516
318,woman,she,brush,3,2,0.6192989549033274
319,woman,i,afford,2,2,0.4128659699355516
320,woman,i,fly,2,2,0.4128659699355516
321,woman,i,focus,2,2,0.4128659699355516
322,woman,i,pass,2,2,0.4128659699355516
323,woman,i,force,2,2,0.4128659699355516
324,woman,he,pick,3,2,0.6192989549033274
325,woman,she,belong,2,2,0.4128659699355516
327,woman,she,choose,2,2,0.4128659699355516
328,woman,i,fear,3,2,0.6192989549033274
329,woman,i,dump,2,2,0.4128659699355516
330,woman,he,pass,2,2,0.4128659699355516
331,woman,she,die,2,2,0.4128659699355516
333,woman,she,decide,2,2,0.4128659699355516
334,woman,i,examine,2,2,0.4128659699355516
335,woman,he,set,2,2,0.4128659699355516
336,woman,i,argue,2,2,0.4128659699355516
337,woman,he,stand,2,2,0.4128659699355516
338,woman,i,pitch,2,2,0.4128659699355516
339,woman,she,run,5,2,1.032164924838879
340,woman,i,picture,2,2,0.4128659699355516
341,woman,i,express,2,2,0.4128659699355516
342,woman,i,advise,2,2,0.4128659699355516
343,woman,he,represent,2,2,0.4128659699355516
344,woman,she,collect,2,2,0.4128659699355516
345,woman,i,email,3,2,0.6192989549033274
346,woman,i,earn,2,2,0.4128659699355516
347,woman,he,grow,3,2,0.6192989549033274
349,woman,she,become,2,2,0.4128659699355516
350,woman,she,thank,2,2,0.4128659699355516
351,woman,she,spend,3,2,0.6192989549033274
352,woman,i,memorize,2,2,0.4128659699355516
353,woman,i,measure,2,2,0.4128659699355516
354,woman,i,match,2,2,0.4128659699355516
355,woman,she,stop,2,2,0.4128659699355516
356,woman,she,throw,2,2,0.4128659699355516
358,woman,he,lay,2,2,0.4128659699355516
360,woman,i,visualize,2,2,0.4128659699355516
361,woman,she,speak,2,2,0.4128659699355516
362,woman,i,maintain,2,2,0.4128659699355516
363,woman,he,decide,2,2,0.4128659699355516
364,woman,i,launch,2,2,0.4128659699355516
365,woman,he,watch,2,2,0.4128659699355516
366,woman,he,invite,2,2,0.4128659699355516
368,woman,he,walk,2,2,0.4128659699355516
369,woman,he,visit,2,2,0.4128659699355516
370,woman,i,long,2,2,0.4128659699355516
371,woman,i,intend,2,2,0.4128659699355516
372,woman,i,influence,2,2,0.4128659699355516
373,woman,i,discount,3,2,0.6192989549033274
374,woman,she,'s,2,2,0.4128659699355516
375,woman,i,gain,4,2,0.8257319398711032
376,woman,he,move,2,2,0.4128659699355516
377,woman,i,tap,4,2,0.8257319398711032
378,woman,i,tear,2,2,0.4128659699355516
379,woman,i,adore,2,2,0.4128659699355516
380,woman,she,allow,2,2,0.4128659699355516
382,woman,he,surprise,2,2,0.4128659699355516
383,woman,i,hand,3,2,0.6192989549033274
387,woman,i,hide,2,2,0.4128659699355516
388,woman,i,achieve,2,2,0.4128659699355516
389,woman,she,sit,2,2,0.4128659699355516
390,woman,i,ignore,2,2,0.4128659699355516
391,woman,he,let,2,2,0.4128659699355516
392,woman,i,weave,2,2,0.4128659699355516
393,woman,i,mind,2,2,0.4128659699355516
395,woman,i,project,2,2,0.4128659699355516
396,woman,i,hat,2,2,0.4128659699355516
398,woman,i,quit,2,2,0.4128659699355516
399,woman,i,sign,2,2,0.4128659699355516
400,woman,she,marry,2,2,0.4128659699355516
401,woman,i,sing,2,2,0.4128659699355516
402,woman,she,refuse,2,2,0.4128659699355516
403,woman,he,share,2,2,0.4128659699355516
405,woman,he,believe,2,2,0.4128659699355516
407,woman,i,control,3,2,0.6192989549033274
408,woman,he,blow,2,2,0.4128659699355516
409,woman,she,learn,4,2,0.8257319398711032
410,woman,she,remember,3,2,0.6192989549033274
411,woman,i,crack,2,2,0.4128659699355516
412,woman,i,solve,2,2,0.4128659699355516
413,woman,i,beat,2,2,0.4128659699355516
414,woman,i,reach,2,2,0.4128659699355516
415,woman,i,re,2,2,0.4128659699355516
416,woman,he,remember,2,2,0.4128659699355516
417,woman,she,hit,2,2,0.4128659699355516
418,woman,she,mean,2,2,0.4128659699355516
419,woman,she,meet,2,2,0.4128659699355516
420,woman,he,pull,2,2,0.4128659699355516
421,woman,i,catch,2,2,0.4128659699355516
422,woman,he,expect,2,2,0.4128659699355516
423,woman,i,seek,2,2,0.4128659699355516
424,woman,she,reach,2,2,0.4128659699355516
425,woman,i,seem,2,2,0.4128659699355516
426,woman,i,seize,2,2,0.4128659699355516
427,woman,i,care,2,2,0.4128659699355516
428,woman,he,raise,2,2,0.4128659699355516
429,woman,i,carve,2,2,0.4128659699355516
430,woman,he,shake,2,2,0.4128659699355516
431,woman,she,miss,3,2,0.6192989549033274
432,woman,i,resent,2,2,0.4128659699355516
433,woman,she,place,2,2,0.4128659699355516
434,woman,i,require,2,2,0.4128659699355516
435,woman,she,pay,2,2,0.4128659699355516
436,woman,she,read,2,2,0.4128659699355516
437,woman,he,end,2,2,0.4128659699355516
438,woman,i,remove,2,2,0.4128659699355516
439,woman,i,close,2,2,0.4128659699355516
440,woman,he,drink,2,2,0.4128659699355516
441,woman,i,contact,2,2,0.4128659699355516
443,woman,i,provide,2,2,0.4128659699355516
444,woman,he,shoot,2,2,0.4128659699355516
445,woman,i,deny,2,2,0.4128659699355516
447,woman,she,grow,2,2,0.4128659699355516
448,woman,she,grab,3,2,0.6192989549033274
449,woman,she,gon,3,2,0.6192989549033274
450,woman,i,pursue,2,2,0.4128659699355516
451,woman,she,force,2,2,0.4128659699355516
452,woman,i,determine,2,2,0.4128659699355516
453,woman,he,download,1,1,0.1805923124338364
454,woman,she,work,1,1,0.1805923124338364
455,woman,she,wear,1,1,0.1805923124338364
456,woman,he,engineer,1,1,0.1805923124338364
457,woman,i,sense,1,1,0.1805923124338364
458,woman,she,wind,1,1,0.1805923124338364
459,woman,she,touch,1,1,0.1805923124338364
460,woman,i,separate,1,1,0.1805923124338364
462,woman,he,deliver,1,1,0.1805923124338364
463,woman,i,sew,1,1,0.1805923124338364
465,woman,i,trade,1,1,0.1805923124338364
466,woman,she,transform,1,1,0.1805923124338364
467,woman,she,transmit,1,1,0.1805923124338364
468,woman,i,title,1,1,0.1805923124338364
469,woman,i,strive,1,1,0.1805923124338364
470,woman,i,shape,1,1,0.1805923124338364
471,woman,he,elect,1,1,0.1805923124338364
472,woman,i,shed,1,1,0.1805923124338364
474,woman,i,shake,1,1,0.1805923124338364
476,woman,he,dream,1,1,0.1805923124338364
483,woman,he,afford,1,1,0.1805923124338364
486,woman,he,entertain,1,1,0.1805923124338364
490,woman,he,dedicate,1,1,0.1805923124338364
491,woman,i,steal,1,1,0.1805923124338364
492,woman,i,step,1,1,0.1805923124338364
494,woman,i,select,1,1,0.1805923124338364
496,woman,he,draw,1,1,0.1805923124338364
498,woman,she,win,1,1,0.1805923124338364
499,woman,she,whisper,1,1,0.1805923124338364
501,woman,he,design,1,1,0.1805923124338364
502,woman,i,shove,1,1,0.1805923124338364
504,woman,i,switch,1,1,0.1805923124338364
505,woman,she,witness,1,1,0.1805923124338364
507,woman,i,suck,1,1,0.1805923124338364
508,woman,i,suffer,1,1,0.1805923124338364
509,woman,i,smile,1,1,0.1805923124338364
510,woman,i,swear,1,1,0.1805923124338364
511,woman,i,snap,1,1,0.1805923124338364
513,woman,i,squeeze,2,1,0.3611846248676728
514,woman,she,volunteer,1,1,0.1805923124338364
515,woman,he,deny,1,1,0.1805923124338364
516,woman,i,solicit,1,1,0.1805923124338364
517,woman,she,watch,1,1,0.1805923124338364
518,woman,i,spread,1,1,0.1805923124338364
519,woman,he,drive,1,1,0.1805923124338364
520,woman,i,sum,1,1,0.1805923124338364
521,woman,i,suspect,1,1,0.1805923124338364
522,woman,she,wait,1,1,0.1805923124338364
523,woman,she,walk,2,1,0.3611846248676728
524,woman,he,adopt,1,1,0.1805923124338364
527,woman,she,visit,1,1,0.1805923124338364
530,woman,he,describe,1,1,0.1805923124338364
531,woman,i,surprise,1,1,0.1805923124338364
532,woman,she,travel,1,1,0.1805923124338364
535,woman,he,earn,2,1,0.3611846248676728
538,woman,i,struggle,1,1,0.1805923124338364
539,woman,she,trust,1,1,0.1805923124338364
540,woman,he,dislike,1,1,0.1805923124338364
543,woman,i,succeed,1,1,0.1805923124338364
544,woman,he,drop,1,1,0.1805923124338364
545,woman,he,devise,1,1,0.1805923124338364
547,woman,he,die,2,1,0.3611846248676728
548,woman,i,ski,1,1,0.1805923124338364
549,woman,he,discover,1,1,0.1805923124338364
553,woman,he,cut,1,1,0.1805923124338364
556,woman,she,remind,1,1,0.1805923124338364
557,woman,she,hang,1,1,0.1805923124338364
558,woman,he,breathe,1,1,0.1805923124338364
559,woman,she,hear,1,1,0.1805923124338364
560,woman,she,help,1,1,0.1805923124338364
561,woman,she,hug,1,1,0.1805923124338364
562,woman,she,instal,1,1,0.1805923124338364
563,woman,she,invent,1,1,0.1805923124338364
564,woman,she,jump,1,1,0.1805923124338364
566,woman,he,break,1,1,0.1805923124338364
567,woman,she,laugh,1,1,0.1805923124338364
568,woman,she,lay,2,1,0.3611846248676728
570,woman,she,repeat,1,1,0.1805923124338364
571,woman,she,found,1,1,0.1805923124338364
573,woman,she,respect,1,1,0.1805923124338364
574,woman,she,end,1,1,0.1805923124338364
575,woman,she,engineer,1,1,0.1805923124338364
576,woman,she,explore,1,1,0.1805923124338364
580,woman,she,fascinate,1,1,0.1805923124338364
581,woman,she,fear,1,1,0.1805923124338364
582,woman,she,feel,1,1,0.1805923124338364
583,woman,she,felt,1,1,0.1805923124338364
584,woman,she,figure,1,1,0.1805923124338364
586,woman,she,fill,1,1,0.1805923124338364
587,woman,he,burn,1,1,0.1805923124338364
588,woman,she,fit,1,1,0.1805923124338364
590,woman,he,become,1,1,0.1805923124338364
592,woman,she,perceive,1,1,0.1805923124338364
593,woman,she,pile,1,1,0.1805923124338364
594,woman,she,plan,1,1,0.1805923124338364
595,woman,she,plant,1,1,0.1805923124338364
596,woman,she,play,1,1,0.1805923124338364
597,woman,she,point,1,1,0.1805923124338364
598,woman,she,portray,1,1,0.1805923124338364
600,woman,she,press,1,1,0.1805923124338364
602,woman,she,produce,1,1,0.1805923124338364
604,woman,she,program,1,1,0.1805923124338364
606,woman,she,publish,1,1,0.1805923124338364
607,woman,she,raise,1,1,0.1805923124338364
608,woman,she,pick,1,1,0.1805923124338364
609,woman,she,pass,1,1,0.1805923124338364
610,woman,she,lose,1,1,0.1805923124338364
612,woman,he,beat,1,1,0.1805923124338364
613,woman,he,attempt,1,1,0.1805923124338364
614,woman,she,manage,1,1,0.1805923124338364
616,woman,she,record,1,1,0.1805923124338364
617,woman,she,mix,1,1,0.1805923124338364
618,woman,she,mount,1,1,0.1805923124338364
619,woman,she,move,1,1,0.1805923124338364
621,woman,she,name,1,1,0.1805923124338364
622,woman,she,recall,1,1,0.1805923124338364
624,woman,she,realize,1,1,0.1805923124338364
625,woman,she,own,1,1,0.1805923124338364
628,woman,she,encourage,1,1,0.1805923124338364
630,woman,he,coach,2,1,0.3611846248676728
632,woman,i,whisper,1,1,0.1805923124338364
633,woman,she,spare,1,1,0.1805923124338364
635,woman,i,wipe,1,1,0.1805923124338364
636,woman,he,chase,1,1,0.1805923124338364
638,woman,i,wrap,1,1,0.1805923124338364
639,woman,he,challenge,1,1,0.1805923124338364
640,woman,he,attach,1,1,0.1805923124338364
644,woman,she,set,2,1,0.3611846248676728
645,woman,she,adopt,1,1,0.1805923124338364
646,woman,i,wave,1,1,0.1805923124338364
648,woman,she,aim,1,1,0.1805923124338364
649,woman,she,stand,1,1,0.1805923124338364
651,woman,i,update,1,1,0.1805923124338364
654,woman,i,urge,1,1,0.1805923124338364
655,woman,she,talk,1,1,0.1805923124338364
657,woman,he,appear,1,1,0.1805923124338364
659,woman,he,connect,1,1,0.1805923124338364
660,woman,she,study,1,1,0.1805923124338364
661,woman,he,conduct,1,1,0.1805923124338364
662,woman,he,compare,1,1,0.1805923124338364
663,woman,i,warn,1,1,0.1805923124338364
664,woman,he,apply,1,1,0.1805923124338364
665,woman,she,send,1,1,0.1805923124338364
666,woman,she,apply,1,1,0.1805923124338364
668,woman,she,compare,2,1,0.3611846248676728
669,woman,she,consider,1,1,0.1805923124338364
671,woman,she,cook,1,1,0.1805923124338364
672,woman,she,cover,2,1,0.3611846248676728
674,woman,she,cut,1,1,0.1805923124338364
675,woman,she,date,1,1,0.1805923124338364
678,woman,she,distribute,1,1,0.1805923124338364
679,woman,he,bury,2,1,0.3611846248676728
680,woman,she,draw,1,1,0.1805923124338364
681,woman,she,drive,1,1,0.1805923124338364
682,woman,she,drop,1,1,0.1805923124338364
683,woman,she,eat,1,1,0.1805923124338364
684,woman,she,concentrate,1,1,0.1805923124338364
685,woman,she,communicate,1,1,0.1805923124338364
686,woman,he,catch,1,1,0.1805923124338364
687,woman,he,assume,1,1,0.1805923124338364
688,woman,she,assign,1,1,0.1805923124338364
689,woman,she,attempt,1,1,0.1805923124338364
690,woman,she,be,1,1,0.1805923124338364
691,woman,she,bear,1,1,0.1805923124338364
692,woman,she,beat,1,1,0.1805923124338364
693,woman,she,believe,1,1,0.1805923124338364
694,woman,she,bend,1,1,0.1805923124338364
696,woman,she,break,1,1,0.1805923124338364
697,woman,she,build,1,1,0.1805923124338364
698,woman,he,buy,1,1,0.1805923124338364
699,woman,she,carry,2,1,0.3611846248676728
700,woman,he,appreciate,1,1,0.1805923124338364
703,woman,she,convince,1,1,0.1805923124338364
704,woman,he,serve,1,1,0.1805923124338364
705,woman,i,salute,1,1,0.1805923124338364
706,woman,i,rush,1,1,0.1805923124338364
707,woman,i,complete,1,1,0.1805923124338364
709,woman,i,compose,1,1,0.1805923124338364
713,woman,i,confront,1,1,0.1805923124338364
715,woman,i,contain,1,1,0.1805923124338364
716,woman,he,provide,1,1,0.1805923124338364
717,woman,he,promise,1,1,0.1805923124338364
718,woman,i,copy,1,1,0.1805923124338364
722,woman,i,cover,1,1,0.1805923124338364
724,woman,he,post,1,1,0.1805923124338364
726,woman,i,communicate,1,1,0.1805923124338364
727,woman,i,commit,1,1,0.1805923124338364
728,woman,i,combine,1,1,0.1805923124338364
729,woman,he,push,1,1,0.1805923124338364
730,woman,i,capture,1,1,0.1805923124338364
732,woman,i,challenge,1,1,0.1805923124338364
734,woman,i,channel,1,1,0.1805923124338364
737,woman,i,chase,2,1,0.3611846248676728
739,woman,i,color,1,1,0.1805923124338364
740,woman,i,clear,1,1,0.1805923124338364
741,woman,i,climb,1,1,0.1805923124338364
745,woman,i,coin,1,1,0.1805923124338364
747,woman,i,collect,1,1,0.1805923124338364
749,woman,i,dare,1,1,0.1805923124338364
750,woman,i,date,1,1,0.1805923124338364
752,woman,i,document,1,1,0.1805923124338364
753,woman,i,domesticate,1,1,0.1805923124338364
755,woman,i,drag,1,1,0.1805923124338364
758,woman,i,elect,1,1,0.1805923124338364
760,woman,i,embrace,1,1,0.1805923124338364
761,woman,i,discuss,1,1,0.1805923124338364
762,woman,i,emphasize,1,1,0.1805923124338364
764,woman,i,engineer,1,1,0.1805923124338364
765,woman,he,paralyze,1,1,0.1805923124338364
766,woman,i,entrance,1,1,0.1805923124338364
767,woman,i,envision,1,1,0.1805923124338364
768,woman,i,escape,1,1,0.1805923124338364
770,woman,he,photograph,1,1,0.1805923124338364
771,woman,i,discourage,1,1,0.1805923124338364
773,woman,i,deliver,1,1,0.1805923124338364
775,woman,i,deal,1,1,0.1805923124338364
776,woman,i,deceive,1,1,0.1805923124338364
778,woman,i,declare,1,1,0.1805923124338364
779,woman,i,dedicate,1,1,0.1805923124338364
784,woman,he,point,1,1,0.1805923124338364
785,woman,i,desire,1,1,0.1805923124338364
787,woman,he,plant,1,1,0.1805923124338364
788,woman,i,devise,1,1,0.1805923124338364
789,woman,i,dial,2,1,0.3611846248676728
790,woman,i,die,1,1,0.1805923124338364
791,woman,i,dig,1,1,0.1805923124338364
793,woman,i,cancel,1,1,0.1805923124338364
794,woman,i,calculate,1,1,0.1805923124338364
795,woman,he,roll,1,1,0.1805923124338364
797,woman,he,toss,1,1,0.1805923124338364
798,woman,he,treat,1,1,0.1805923124338364
799,woman,he,save,1,1,0.1805923124338364
800,woman,he,type,1,1,0.1805923124338364
801,woman,he,understand,1,1,0.1805923124338364
803,woman,he,wake,1,1,0.1805923124338364
804,woman,he,weave,1,1,0.1805923124338364
807,woman,he,wipe,1,1,0.1805923124338364
808,woman,he,wire,1,1,0.1805923124338364
809,woman,he,wish,1,1,0.1805923124338364
810,woman,he,risk,1,1,0.1805923124338364
811,woman,he,yell,1,1,0.1805923124338364
814,woman,he,tend,1,1,0.1805923124338364
815,woman,he,talk,1,1,0.1805923124338364
816,woman,i,absorb,1,1,0.1805923124338364
819,woman,he,shift,1,1,0.1805923124338364
820,woman,he,send,1,1,0.1805923124338364
821,woman,he,shut,1,1,0.1805923124338364
822,woman,he,sign,1,1,0.1805923124338364
825,woman,he,speed,1,1,0.1805923124338364
826,woman,he,sell,1,1,0.1805923124338364
827,woman,he,survive,1,1,0.1805923124338364
828,woman,he,strike,1,1,0.1805923124338364
830,woman,he,struggle,1,1,0.1805923124338364
831,woman,he,study,1,1,0.1805923124338364
833,woman,he,suffer,1,1,0.1805923124338364
834,woman,he,suppose,1,1,0.1805923124338364
837,woman,he,resemble,1,1,0.1805923124338364
838,woman,he,receive,1,1,0.1805923124338364
839,woman,i,book,1,1,0.1805923124338364
840,woman,i,bend,1,1,0.1805923124338364
841,woman,i,bet,1,1,0.1805923124338364
842,woman,i,bid,1,1,0.1805923124338364
843,woman,i,bind,3,1,0.5417769373015092
845,woman,i,block,1,1,0.1805923124338364
848,woman,i,borrow,1,1,0.1805923124338364
851,woman,i,breathe,1,1,0.1805923124338364
853,woman,he,record,1,1,0.1805923124338364
854,woman,i,brush,1,1,0.1805923124338364
856,woman,i,burn,1,1,0.1805923124338364
857,woman,i,bust,1,1,0.1805923124338364
858,woman,he,reject,1,1,0.1805923124338364
860,woman,i,accomplish,1,1,0.1805923124338364
862,woman,i,accuse,1,1,0.1805923124338364
863,woman,i,acknowledge,1,1,0.1805923124338364
864,woman,he,require,1,1,0.1805923124338364
865,woman,i,admit,1,1,0.1805923124338364
866,woman,i,adopt,1,1,0.1805923124338364
869,woman,i,animate,1,1,0.1805923124338364
871,woman,i,avoid,1,1,0.1805923124338364
872,woman,i,appear,1,1,0.1805923124338364
873,woman,he,report,2,1,0.3611846248676728
874,woman,i,arrest,1,1,0.1805923124338364
875,woman,he,repeat,1,1,0.1805923124338364
878,woman,i,attempt,1,1,0.1805923124338364
879,woman,i,attend,1,1,0.1805923124338364
883,woman,he,found,1,1,0.1805923124338364
884,woman,i,point,1,1,0.1805923124338364
885,woman,i,pop,1,1,0.1805923124338364
886,woman,i,portray,2,1,0.3611846248676728
888,woman,i,pour,1,1,0.1805923124338364
889,woman,i,practice,1,1,0.1805923124338364
890,woman,i,pray,1,1,0.1805923124338364
891,woman,i,predict,1,1,0.1805923124338364
893,woman,i,plot,1,1,0.1805923124338364
894,woman,i,pretend,1,1,0.1805923124338364
896,woman,i,print,1,1,0.1805923124338364
898,woman,i,produce,1,1,0.1805923124338364
901,woman,i,prove,1,1,0.1805923124338364
902,woman,i,plug,2,1,0.3611846248676728
903,woman,he,govern,1,1,0.1805923124338364
904,woman,i,purchase,1,1,0.1805923124338364
905,woman,i,overhear,1,1,0.1805923124338364
907,woman,he,hear,1,1,0.1805923124338364
911,woman,i,order,1,1,0.1805923124338364
914,woman,i,panic,1,1,0.1805923124338364
915,woman,i,plant,1,1,0.1805923124338364
917,woman,i,paste,1,1,0.1805923124338364
918,woman,i,pause,1,1,0.1805923124338364
920,woman,i,perceive,1,1,0.1805923124338364
921,woman,i,pile,1,1,0.1805923124338364
924,woman,he,fly,1,1,0.1805923124338364
925,woman,he,fill,1,1,0.1805923124338364
926,woman,he,hide,2,1,0.3611846248676728
927,woman,i,restart,1,1,0.1805923124338364
928,woman,i,remind,1,1,0.1805923124338364
929,woman,i,rent,1,1,0.1805923124338364
931,woman,i,repeat,1,1,0.1805923124338364
932,woman,i,replace,1,1,0.1805923124338364
933,woman,i,represent,1,1,0.1805923124338364
934,woman,i,research,1,1,0.1805923124338364
935,woman,i,resist,1,1,0.1805923124338364
938,woman,i,reveal,1,1,0.1805923124338364
941,woman,i,ride,1,1,0.1805923124338364
943,woman,i,roll,1,1,0.1805923124338364
944,woman,i,round,1,1,0.1805923124338364
945,woman,i,ruin,1,1,0.1805923124338364
946,woman,he,experience,1,1,0.1805923124338364
947,woman,i,reject,1,1,0.1805923124338364
948,woman,he,feel,1,1,0.1805923124338364
951,woman,i,quote,1,1,0.1805923124338364
953,woman,he,fail,1,1,0.1805923124338364
954,woman,he,face,1,1,0.1805923124338364
955,woman,i,reassure,1,1,0.1805923124338364
956,woman,he,express,1,1,0.1805923124338364
957,woman,i,recite,2,1,0.3611846248676728
959,woman,i,regret,1,1,0.1805923124338364
961,woman,he,explain,2,1,0.3611846248676728
965,woman,i,reduce,1,1,0.1805923124338364
967,woman,i,regain,1,1,0.1805923124338364
968,woman,he,help,1,1,0.1805923124338364
969,woman,i,n't,1,1,0.1805923124338364
971,woman,he,meet,1,1,0.1805923124338364
973,woman,i,frame,1,1,0.1805923124338364
977,woman,i,fund,1,1,0.1805923124338364
978,woman,i,gather,1,1,0.1805923124338364
979,woman,he,mock,1,1,0.1805923124338364
980,woman,he,mean,1,1,0.1805923124338364
981,woman,he,murder,1,1,0.1805923124338364
983,woman,i,graduate,1,1,0.1805923124338364
984,woman,i,grant,1,1,0.1805923124338364
985,woman,i,guarantee,1,1,0.1805923124338364
987,woman,i,hang,1,1,0.1805923124338364
989,woman,i,hasten,1,1,0.1805923124338364
992,woman,he,manage,1,1,0.1805923124338364
994,woman,he,paint,1,1,0.1805923124338364
995,woman,he,own,1,1,0.1805923124338364
998,woman,i,expose,1,1,0.1805923124338364
1000,woman,i,face,1,1,0.1805923124338364
1001,woman,i,fake,1,1,0.1805923124338364
1002,woman,he,open,1,1,0.1805923124338364
1004,woman,he,notice,1,1,0.1805923124338364
1005,woman,i,fight,1,1,0.1805923124338364
1006,woman,he,not,1,1,0.1805923124338364
1007,woman,i,fill,1,1,0.1805923124338364
1008,woman,i,film,1,1,0.1805923124338364
1009,woman,he,n't,1,1,0.1805923124338364
1011,woman,i,flip,1,1,0.1805923124338364
1012,woman,he,marry,1,1,0.1805923124338364
1013,woman,he,lose,1,1,0.1805923124338364
1014,woman,i,multiply,1,1,0.1805923124338364
1016,woman,i,lean,1,1,0.1805923124338364
1018,woman,i,lift,1,1,0.1805923124338364
1019,woman,he,kick,1,1,0.1805923124338364
1020,woman,i,link,1,1,0.1805923124338364
1021,woman,he,insert,1,1,0.1805923124338364
1022,woman,i,lower,1,1,0.1805923124338364
1023,woman,he,inject,2,1,0.3611846248676728
1024,woman,i,master,1,1,0.1805923124338364
1026,woman,he,inherit,1,1,0.1805923124338364
1027,woman,he,include,1,1,0.1805923124338364
1028,woman,he,imagine,1,1,0.1805923124338364
1029,woman,i,mentor,1,1,0.1805923124338364
1030,woman,he,hold,1,1,0.1805923124338364
1032,woman,i,model,1,1,0.1805923124338364
1033,woman,i,mount,1,1,0.1805923124338364
1034,woman,i,land,1,1,0.1805923124338364
1035,woman,he,laugh,1,1,0.1805923124338364
1036,woman,he,long,1,1,0.1805923124338364
1037,woman,i,improvise,1,1,0.1805923124338364
1038,woman,i,hop,1,1,0.1805923124338364
1040,woman,i,hug,1,1,0.1805923124338364
1041,woman,i,hunch,1,1,0.1805923124338364
1042,woman,i,imitate,1,1,0.1805923124338364
1043,woman,i,immerse,1,1,0.1805923124338364
1044,woman,i,impersonate,1,1,0.1805923124338364
1045,woman,i,improve,1,1,0.1805923124338364
1046,woman,i,interpret,1,1,0.1805923124338364
1047,woman,i,knock,1,1,0.1805923124338364
1048,woman,i,invent,1,1,0.1805923124338364
1050,woman,he,accompany,1,1,0.1805923124338364
1051,woman,i,issue,1,1,0.1805923124338364
1053,woman,i,judge,1,1,0.1805923124338364
1054,woman,i,kick,1,1,0.1805923124338364
1056,woman,he,abuse,1,1,0.1805923124338364
