,subject,verb,term_freq,doc_freq,tfidf
0,i,have,1891,599,4035.9259875838975
1,i,want,1634,576,3218.4631483180306
2,i,go,1389,508,2193.197335785521
3,i,get,787,390,876.7271962591404
4,i,do,864,375,922.2124814115799
5,i,like,618,350,614.393365352893
6,i,tell,499,290,417.95008736073635
7,i,think,411,268,322.9059560096268
8,i,start,514,265,400.2885923542647
9,i,know,413,257,314.13358339786157
10,i,take,378,252,283.27883629312083
11,i,try,411,239,296.25041269035603
12,i,say,408,237,292.3173727740362
13,i,see,362,229,253.1324462112632
14,i,ask,309,228,215.4124074464132
15,i,love,405,217,272.92833215352323
16,i,use,311,208,203.76535953836049
17,i,make,328,194,205.52083702075544
18,i,find,268,194,167.92556195598308
19,i,show,278,183,168.0451569454267
20,i,put,275,182,165.68294133549313
21,he,have,309,182,186.16737771879048
22,i,give,242,177,143.39435033176602
23,i,call,233,174,136.67708505487082
24,i,need,206,145,109.16396228704609
25,i,saw,183,128,90.96453148490896
26,i,learn,158,122,76.70713376664413
27,i,spend,154,122,74.7651810130582
28,he,say,169,121,81.72096239084503
29,i,write,183,117,87.0752926594632
30,i,meet,162,116,76.76949417878369
31,i,decide,143,109,65.82413282704786
32,i,mean,146,107,66.63701298316653
33,she,have,156,105,70.59324897054739
34,i,remember,136,103,61.011871027427034
35,he,do,134,96,58.27467306206586
36,i,hear,129,91,54.82493689113333
37,he,go,114,88,47.76936794334425
38,he,get,106,88,44.41713159644289
39,i,begin,112,84,46.03395692364581
40,he,take,101,84,41.51276472578774
41,i,leave,86,76,33.95089684171667
42,i,read,99,76,39.083009154999424
43,i,bring,87,73,33.808150670921115
44,i,look,80,69,30.421757123367662
45,he,want,88,69,33.46393283570443
46,i,keep,81,67,30.461310920563545
47,i,believe,87,67,32.71770432208677
48,i,come,73,64,26.987856086399166
49,he,make,81,63,29.77209280946063
50,i,realize,70,61,25.427458024750734
51,he,tell,75,59,26.917746335744766
52,i,turn,68,57,24.107045575054276
53,i,work,60,57,21.27092256622436
54,i,study,67,54,23.305812283169537
55,he,write,63,53,21.772852978521748
56,she,say,80,53,27.64806727431333
57,i,understand,77,52,26.437226580180173
58,i,play,68,50,23.03694418526043
59,i,buy,64,50,21.681829821421584
60,he,put,63,50,21.34305123046187
61,i,build,68,49,22.880345501402697
62,he,start,54,49,18.16968613346685
63,she,do,72,48,24.059327249110236
64,i,watch,60,48,20.04943937425853
65,i,feel,69,47,22.89578001404288
66,i,lose,59,46,19.438830644920003
67,i,pick,56,46,18.450415527381697
68,i,hope,50,44,16.2358022585359
69,she,go,54,43,17.404738924212918
70,he,give,55,43,17.727048904290935
71,i,create,58,42,18.553268736543483
72,i,walk,49,41,15.55441329500133
73,i,choose,51,41,16.1892873070422
74,i,felt,53,39,16.56124887360521
75,i,set,46,37,14.141290955267845
76,she,get,43,37,13.219032849489507
77,she,want,45,37,13.833871586675066
78,i,run,42,36,12.803767661560297
79,i,end,38,36,11.584361217602174
80,he,find,51,35,15.415048689976427
81,i,forget,40,35,12.090234266648178
82,he,ask,38,35,11.48572255331577
83,he,call,36,34,10.786701506630006
84,i,move,42,34,12.584485091068341
85,i,change,38,32,11.182826746934541
86,i,stop,34,32,10.005687089362484
87,i,teach,41,32,12.065681490113583
88,i,send,42,31,12.245554196048877
89,i,help,34,31,9.913067682515758
90,i,sit,34,31,9.913067682515758
91,she,take,36,31,10.496189310899037
92,i,invite,36,30,10.396793599447088
93,she,tell,39,30,11.263193066067679
94,i,share,40,30,11.551992888274542
95,i,hate,33,30,9.530394132826498
96,i,imagine,36,30,10.396793599447088
97,i,talk,32,30,9.241594310619634
98,he,use,33,30,9.530394132826498
99,i,thank,52,30,15.017590754756906
100,i,design,34,29,9.723988695090927
101,i,mention,34,29,9.723988695090927
102,i,add,36,29,10.295988030096277
103,i,discover,35,28,9.910525282343736
104,i,suppose,31,28,8.77789382150445
105,i,be,30,28,8.494735956294631
106,i,live,28,28,7.928420225874989
107,i,expect,34,27,9.52923738423385
108,i,explain,29,27,8.127878945375931
109,i,open,33,27,9.248965696462268
110,he,know,29,26,8.042805801697755
111,i,join,29,26,8.042805801697755
112,i,pull,28,26,7.765467670604728
113,i,wear,33,25,9.053677857011722
114,i,hold,31,25,8.50497010810192
115,i,draw,28,25,7.681908484737218
116,i,miss,31,25,8.50497010810192
117,he,see,27,25,7.407554610282318
118,he,saw,28,25,7.681908484737218
119,he,look,26,24,7.054196051292496
120,i,throw,28,24,7.596826516776534
121,i,enjoy,24,24,6.511565585808457
122,he,turn,27,24,7.325511284034515
123,i,offer,26,24,7.054196051292496
124,he,try,25,23,6.705452478062701
125,she,start,26,23,6.973670577185208
126,i,describe,32,23,8.582979171920257
127,i,figure,24,23,6.437234378940192
128,i,pay,28,23,7.510106775430224
129,i,drive,27,23,7.241888676307717
130,she,make,28,22,7.4216205212676085
131,i,develop,31,22,8.216794148546281
132,i,stand,24,22,6.361389018229379
133,i,speak,23,21,6.022075955826313
134,i,receive,25,21,6.545734734593818
135,i,promise,23,21,6.022075955826313
136,i,notice,24,21,6.283905345210066
137,i,experience,24,21,6.283905345210066
138,i,follow,24,21,6.283905345210066
139,i,finish,21,21,5.4984171770588075
140,i,grow,21,20,5.429062537869433
141,he,bring,24,20,6.204642900422209
142,he,come,23,20,5.946116112904616
143,i,raise,21,20,5.429062537869433
144,i,wish,29,19,7.399158881243635
145,i,become,23,19,5.868298423055297
146,she,give,30,19,7.6543022909416925
147,he,like,21,19,5.358011603659184
148,he,show,21,19,5.358011603659184
149,i,'s,21,19,5.358011603659184
150,i,consider,20,19,5.102868193961128
151,i,happen,22,19,5.6131550133572405
152,he,build,20,18,5.033432519914062
153,i,let,19,18,4.781760893918359
154,i,win,27,18,6.795133901883984
155,i,wait,20,18,5.033432519914062
156,he,keep,20,18,5.033432519914062
157,i,cut,22,18,5.536775771905469
158,i,appreciate,20,18,5.033432519914062
159,i,visit,21,18,5.285104145909766
160,i,manage,19,17,4.713950011431117
161,i,gon,31,17,7.691181597598138
162,i,encourage,23,17,5.706360540153457
163,he,lose,21,16,5.132949917790245
164,she,find,25,16,6.110654664036006
165,i,sell,19,16,4.644097544667365
166,she,ask,16,16,3.910818984983044
167,he,pull,18,16,4.399671358105924
168,i,eat,17,16,4.155245171544484
169,i,blow,18,15,4.331344806952024
170,i,carry,17,15,4.090714539899134
171,i,close,16,15,3.8500842728462437
172,he,need,18,15,4.331344806952024
173,i,accept,14,14,3.313808639639332
174,i,save,17,14,4.023910490990618
175,i,hit,17,14,4.023910490990618
176,she,leave,14,14,3.313808639639332
177,i,present,14,14,3.313808639639332
178,i,hat,20,14,4.734012342341903
179,he,read,14,14,3.313808639639332
180,i,found,15,14,3.5505092567564276
181,i,lead,16,13,3.721922138664535
182,i,prefer,13,13,3.024061737664935
183,i,plan,14,13,3.2566818713314682
184,i,push,13,13,3.024061737664935
185,he,leave,15,13,3.489302004998002
186,i,stick,16,13,3.721922138664535
187,i,invent,15,13,3.489302004998002
188,he,teach,14,13,3.2566818713314682
189,i,touch,18,13,4.1871624059976025
190,i,answer,15,13,3.489302004998002
191,i,approach,14,13,3.2566818713314682
192,i,convince,13,13,3.024061737664935
193,i,continue,13,13,3.024061737664935
194,she,know,15,13,3.489302004998002
195,i,guess,12,12,2.7404162984298495
196,she,call,13,12,2.9687843232990034
197,she,see,16,12,3.653888397906466
198,i,place,13,12,2.9687843232990034
199,i,recommend,12,12,2.7404162984298495
200,he,hear,13,12,2.9687843232990034
201,i,suggest,12,12,2.7404162984298495
202,she,bring,20,12,4.567360497383082
203,i,witness,16,12,3.653888397906466
204,he,spend,13,12,2.9687843232990034
205,i,catch,15,12,3.4255203730373114
206,i,inspire,12,12,2.7404162984298495
207,she,saw,13,12,2.9687843232990034
208,i,assure,12,12,2.7404162984298495
209,i,name,14,12,3.1971523481681574
210,she,try,18,12,4.110624447644774
211,i,explore,12,12,2.7404162984298495
212,i,introduce,12,12,2.7404162984298495
213,she,use,13,12,2.9687843232990034
214,i,remind,12,11,2.6870234857440742
215,i,force,11,11,2.463104861932068
216,he,kill,13,11,2.9109421095560806
217,i,allow,13,11,2.9109421095560806
218,i,photograph,14,11,3.1348607333680865
219,he,begin,11,11,2.463104861932068
220,he,decide,12,11,2.6870234857440742
221,i,hop,14,11,3.1348607333680865
222,i,fly,11,11,2.463104861932068
223,i,interview,15,11,3.358779357180093
224,he,play,13,11,2.9109421095560806
225,he,create,12,11,2.6870234857440742
226,i,record,13,11,2.9109421095560806
227,i,propose,12,11,2.6870234857440742
228,she,look,13,11,2.9109421095560806
229,he,develop,12,11,2.6870234857440742
230,he,learn,13,11,2.9109421095560806
231,i,apply,11,11,2.463104861932068
232,he,live,10,10,2.1923967119439745
233,i,recognize,10,10,2.1923967119439745
234,she,love,13,10,2.8501157255271665
235,i,wake,13,10,2.8501157255271665
236,he,speak,11,10,2.411636383138372
237,i,quit,13,10,2.8501157255271665
238,i,grab,12,10,2.630876054332769
239,she,like,11,10,2.411636383138372
240,i,check,11,10,2.411636383138372
241,he,run,11,10,2.411636383138372
242,i,paint,11,10,2.411636383138372
243,he,send,11,10,2.411636383138372
244,she,write,11,10,2.411636383138372
245,he,change,11,10,2.411636383138372
246,she,put,10,10,2.1923967119439745
247,i,fascinate,10,10,2.1923967119439745
248,i,treat,11,10,2.411636383138372
249,i,train,10,10,2.1923967119439745
250,he,understand,13,10,2.8501157255271665
251,i,break,10,10,2.1923967119439745
252,i,fell,10,10,2.1923967119439745
253,i,argue,10,10,2.1923967119439745
254,i,travel,10,10,2.1923967119439745
255,i,solve,12,10,2.630876054332769
256,he,think,11,10,2.411636383138372
257,i,tend,9,9,1.9286077356658704
258,i,shoot,11,9,2.3571872324805083
259,i,hire,15,9,3.214346226109784
260,i,cover,17,9,3.642925722924422
261,he,open,9,9,1.9286077356658704
262,she,come,10,9,2.1428974840731896
263,i,guarantee,9,9,1.9286077356658704
264,i,wonder,9,9,1.9286077356658704
265,he,shoot,9,9,1.9286077356658704
266,he,let,9,9,1.9286077356658704
267,he,win,11,9,2.3571872324805083
268,he,stop,10,9,2.1428974840731896
269,he,wear,10,9,2.1428974840731896
270,i,trust,10,9,2.1428974840731896
271,i,ignore,9,8,1.8811286191546723
272,i,fail,9,8,1.8811286191546723
273,i,marry,9,8,1.8811286191546723
274,she,stop,9,8,1.8811286191546723
275,i,quote,8,8,1.6721143281374866
276,i,encounter,8,8,1.6721143281374866
277,i,support,9,8,1.8811286191546723
278,he,pay,8,8,1.6721143281374866
279,i,collect,10,8,2.090142910171858
280,i,blame,12,8,2.50817149220623
281,he,sit,9,8,1.8811286191546723
282,i,drop,11,8,2.299157201189044
283,i,struggle,8,8,1.6721143281374866
284,he,design,11,8,2.299157201189044
285,i,strike,8,8,1.6721143281374866
286,he,love,8,8,1.6721143281374866
287,i,admire,9,8,1.8811286191546723
288,i,fill,9,8,1.8811286191546723
289,he,walk,8,8,1.6721143281374866
290,i,intend,9,8,1.8811286191546723
291,i,challenge,8,8,1.6721143281374866
292,he,invite,8,8,1.6721143281374866
293,he,pick,10,8,2.090142910171858
294,i,pass,10,8,2.090142910171858
295,he,grab,8,8,1.6721143281374866
296,i,enter,8,8,1.6721143281374866
297,i,count,8,8,1.6721143281374866
298,she,live,8,7,1.6267128230908336
299,i,pitch,7,7,1.4233737202044794
300,she,turn,7,7,1.4233737202044794
301,i,n't,7,7,1.4233737202044794
302,i,organize,7,7,1.4233737202044794
303,she,keep,8,7,1.6267128230908336
304,i,practice,7,7,1.4233737202044794
305,i,not,7,7,1.4233737202044794
306,she,sit,7,7,1.4233737202044794
307,he,point,7,7,1.4233737202044794
308,he,set,7,7,1.4233737202044794
309,she,teach,7,7,1.4233737202044794
310,i,kill,7,7,1.4233737202044794
311,he,become,7,7,1.4233737202044794
312,i,bet,7,7,1.4233737202044794
313,i,measure,10,7,2.033391028863542
314,he,believe,7,7,1.4233737202044794
315,i,connect,7,7,1.4233737202044794
316,he,describe,9,7,1.830051925977188
317,he,throw,7,7,1.4233737202044794
318,i,define,7,7,1.4233737202044794
319,i,urge,8,7,1.6267128230908336
320,he,hold,7,7,1.4233737202044794
321,i,research,7,7,1.4233737202044794
322,i,translate,7,7,1.4233737202044794
323,he,draw,8,7,1.6267128230908336
324,i,track,7,7,1.4233737202044794
325,i,repeat,9,7,1.830051925977188
326,i,test,7,7,1.4233737202044794
327,i,dig,7,7,1.4233737202044794
328,he,talk,8,7,1.6267128230908336
329,she,begin,9,7,1.830051925977188
330,he,lead,7,7,1.4233737202044794
331,i,fight,8,7,1.6267128230908336
332,i,reach,7,7,1.4233737202044794
333,i,publish,7,7,1.4233737202044794
334,he,mean,10,7,2.033391028863542
335,i,stay,7,7,1.4233737202044794
336,i,shift,6,6,1.1829550555958208
337,i,observe,7,6,1.3801142315284576
338,i,attempt,7,6,1.3801142315284576
339,she,reach,7,6,1.3801142315284576
340,i,bear,6,6,1.1829550555958208
341,he,hit,6,6,1.1829550555958208
342,i,mix,6,6,1.1829550555958208
343,he,feel,6,6,1.1829550555958208
344,i,type,9,6,1.774432583393731
345,i,listen,7,6,1.3801142315284576
346,i,dream,6,6,1.1829550555958208
347,she,save,8,6,1.5772734074610943
348,he,follow,6,6,1.1829550555958208
349,i,launch,6,6,1.1829550555958208
350,i,devote,6,6,1.1829550555958208
351,he,end,6,6,1.1829550555958208
352,i,beat,6,6,1.1829550555958208
353,i,divide,6,6,1.1829550555958208
354,he,die,7,6,1.3801142315284576
355,i,tap,9,6,1.774432583393731
356,she,think,7,6,1.3801142315284576
357,he,explain,7,6,1.3801142315284576
358,i,lay,6,6,1.1829550555958208
359,he,felt,6,6,1.1829550555958208
360,he,carry,7,6,1.3801142315284576
361,he,invent,6,6,1.1829550555958208
362,i,afford,7,6,1.3801142315284576
363,he,work,7,6,1.3801142315284576
364,i,film,6,6,1.1829550555958208
365,he,break,6,6,1.1829550555958208
366,i,earn,6,6,1.1829550555958208
367,i,care,6,6,1.1829550555958208
368,he,meet,7,6,1.3801142315284576
369,i,compare,6,6,1.1829550555958208
370,i,perform,6,6,1.1829550555958208
371,i,adore,7,6,1.3801142315284576
372,i,control,7,6,1.3801142315284576
373,i,focus,6,6,1.1829550555958208
374,i,waste,6,6,1.1829550555958208
375,i,predict,6,6,1.1829550555958208
376,she,pull,6,6,1.1829550555958208
377,i,ride,7,6,1.3801142315284576
378,i,own,6,6,1.1829550555958208
379,he,move,6,6,1.1829550555958208
380,i,climb,6,6,1.1829550555958208
381,i,roll,6,6,1.1829550555958208
382,i,email,8,5,1.5225434987240054
383,i,abandon,5,5,0.9515896867025033
384,he,sell,6,5,1.141907624043004
385,he,seem,5,5,0.9515896867025033
386,i,assign,7,5,1.3322255613835046
387,i,hand,7,5,1.3322255613835046
388,i,gain,7,5,1.3322255613835046
389,i,doubt,5,5,0.9515896867025033
390,i,cook,5,5,0.9515896867025033
391,i,involve,5,5,0.9515896867025033
392,i,cross,5,5,0.9515896867025033
393,i,forgive,6,5,1.141907624043004
394,he,watch,5,5,0.9515896867025033
395,he,save,5,5,0.9515896867025033
396,i,expose,5,5,0.9515896867025033
397,i,capture,7,5,1.3322255613835046
398,i,fear,6,5,1.141907624043004
399,i,fix,5,5,0.9515896867025033
400,i,deliver,5,5,0.9515896867025033
401,i,identify,6,5,1.141907624043004
402,i,deal,5,5,0.9515896867025033
403,i,click,6,5,1.141907624043004
404,i,post,6,5,1.141907624043004
405,he,experience,5,5,0.9515896867025033
406,he,propose,8,5,1.5225434987240054
407,he,drive,5,5,0.9515896867025033
408,she,meet,5,5,0.9515896867025033
409,i,sing,5,5,0.9515896867025033
410,i,sleep,5,5,0.9515896867025033
411,she,read,9,5,1.712861436064506
412,she,mean,5,5,0.9515896867025033
413,he,pass,5,5,0.9515896867025033
414,i,plant,7,5,1.3322255613835046
415,he,beat,5,5,0.9515896867025033
416,i,suspect,6,5,1.141907624043004
417,she,run,9,5,1.712861436064506
418,i,pop,5,5,0.9515896867025033
419,she,sell,7,5,1.3322255613835046
420,he,figure,5,5,0.9515896867025033
421,she,lose,5,5,0.9515896867025033
422,i,step,5,5,0.9515896867025033
423,i,prepare,5,5,0.9515896867025033
424,she,decide,5,5,0.9515896867025033
425,she,hold,7,5,1.3322255613835046
426,i,seem,5,5,0.9515896867025033
427,she,change,5,5,0.9515896867025033
428,he,realize,5,5,0.9515896867025033
429,i,rotate,5,5,0.9515896867025033
430,i,warn,5,5,0.9515896867025033
431,i,weave,5,5,0.9515896867025033
432,she,create,6,5,1.141907624043004
433,he,push,5,5,0.9515896867025033
434,she,build,6,5,1.141907624043004
435,i,report,5,5,0.9515896867025033
436,i,return,5,5,0.9515896867025033
437,i,seek,5,5,0.9515896867025033
438,he,refuse,5,5,0.9515896867025033
439,he,reach,5,5,0.9515896867025033
440,she,open,4,4,0.7302589512585025
441,he,imagine,5,4,0.9128236890731282
442,i,sneak,4,4,0.7302589512585025
443,i,adopt,4,4,0.7302589512585025
444,i,admit,5,4,0.9128236890731282
445,i,shake,4,4,0.7302589512585025
446,he,buy,4,4,0.7302589512585025
447,she,marry,4,4,0.7302589512585025
448,i,scan,4,4,0.7302589512585025
449,i,scream,4,4,0.7302589512585025
450,i,sign,4,4,0.7302589512585025
451,he,summon,4,4,0.7302589512585025
452,i,achieve,4,4,0.7302589512585025
453,i,face,4,4,0.7302589512585025
454,he,suffer,4,4,0.7302589512585025
455,i,suffer,4,4,0.7302589512585025
456,i,steal,5,4,0.9128236890731282
457,i,embrace,5,4,0.9128236890731282
458,i,crack,4,4,0.7302589512585025
459,she,become,4,4,0.7302589512585025
460,she,buy,4,4,0.7302589512585025
461,i,contact,4,4,0.7302589512585025
462,she,catch,5,4,0.9128236890731282
463,he,visit,4,4,0.7302589512585025
464,i,deny,4,4,0.7302589512585025
465,i,complete,4,4,0.7302589512585025
466,i,transform,4,4,0.7302589512585025
467,i,commission,4,4,0.7302589512585025
468,he,drink,5,4,0.9128236890731282
469,she,eat,7,4,1.2779531647023794
470,i,combine,4,4,0.7302589512585025
471,he,eat,4,4,0.7302589512585025
472,i,die,4,4,0.7302589512585025
473,he,choose,4,4,0.7302589512585025
474,i,discount,5,4,0.9128236890731282
475,he,enter,4,4,0.7302589512585025
476,i,coach,4,4,0.7302589512585025
477,i,switch,4,4,0.7302589512585025
478,he,expect,4,4,0.7302589512585025
479,he,touch,5,4,0.9128236890731282
480,i,download,5,4,0.9128236890731282
481,i,drag,5,4,0.9128236890731282
482,he,face,4,4,0.7302589512585025
483,i,light,4,4,0.7302589512585025
484,i,strive,5,4,0.9128236890731282
485,she,pick,4,4,0.7302589512585025
486,i,fire,4,4,0.7302589512585025
487,he,cover,5,4,0.9128236890731282
488,i,borrow,4,4,0.7302589512585025
489,i,impose,4,4,0.7302589512585025
490,i,press,5,4,0.9128236890731282
491,i,jump,4,4,0.7302589512585025
492,he,share,4,4,0.7302589512585025
493,he,shake,4,4,0.7302589512585025
494,i,pour,4,4,0.7302589512585025
495,he,order,4,4,0.7302589512585025
496,i,avoid,4,4,0.7302589512585025
497,i,pose,4,4,0.7302589512585025
498,i,burn,4,4,0.7302589512585025
499,she,throw,4,4,0.7302589512585025
500,he,publish,4,4,0.7302589512585025
501,i,hide,4,4,0.7302589512585025
502,she,show,5,4,0.9128236890731282
503,she,sing,4,4,0.7302589512585025
504,i,memorize,4,4,0.7302589512585025
505,she,speak,4,4,0.7302589512585025
506,i,mind,4,4,0.7302589512585025
507,i,multiply,4,4,0.7302589512585025
508,i,assemble,4,4,0.7302589512585025
509,i,influence,4,4,0.7302589512585025
510,he,agree,4,4,0.7302589512585025
511,i,owe,4,4,0.7302589512585025
512,i,overhear,4,4,0.7302589512585025
513,he,answer,4,4,0.7302589512585025
514,i,kick,4,4,0.7302589512585025
515,i,produce,5,4,0.9128236890731282
516,i,knock,5,4,0.9128236890731282
517,i,land,4,4,0.7302589512585025
518,he,be,4,4,0.7302589512585025
519,he,introduce,4,4,0.7302589512585025
520,he,join,4,4,0.7302589512585025
521,i,list,4,4,0.7302589512585025
522,i,rent,4,4,0.7302589512585025
523,i,remove,4,4,0.7302589512585025
524,i,form,5,4,0.9128236890731282
525,i,reject,4,4,0.7302589512585025
526,i,regret,4,4,0.7302589512585025
527,i,attend,4,4,0.7302589512585025
528,she,work,5,4,0.9128236890731282
529,i,project,4,4,0.7302589512585025
530,i,gather,5,4,0.9128236890731282
531,he,lay,4,4,0.7302589512585025
532,i,question,4,4,0.7302589512585025
533,i,breathe,4,4,0.7302589512585025
534,i,provide,4,4,0.7302589512585025
535,i,pursue,4,4,0.7302589512585025
536,i,graduate,6,4,1.0953884268877538
537,she,raise,5,4,0.9128236890731282
538,she,wear,4,4,0.7302589512585025
539,i,refuse,4,4,0.7302589512585025
540,i,order,4,4,0.7302589512585025
541,she,collect,3,3,0.5203643637330367
542,she,chase,3,3,0.5203643637330367
543,she,volunteer,3,3,0.5203643637330367
544,she,blow,4,3,0.693819151644049
545,she,drop,4,3,0.693819151644049
546,i,conduct,3,3,0.5203643637330367
547,i,construct,3,3,0.5203643637330367
548,she,bear,3,3,0.5203643637330367
549,i,bang,4,3,0.693819151644049
550,she,play,4,3,0.693819151644049
551,she,felt,3,3,0.5203643637330367
552,i,chase,4,3,0.693819151644049
553,she,be,3,3,0.5203643637330367
554,she,pay,3,3,0.5203643637330367
555,she,need,3,3,0.5203643637330367
556,i,carve,3,3,0.5203643637330367
557,i,cast,3,3,0.5203643637330367
558,she,miss,4,3,0.693819151644049
559,i,browse,3,3,0.5203643637330367
560,i,cease,3,3,0.5203643637330367
561,she,remember,4,3,0.693819151644049
562,she,lower,3,3,0.5203643637330367
563,she,learn,5,3,0.8672739395550613
564,she,study,3,3,0.5203643637330367
565,she,send,3,3,0.5203643637330367
566,she,set,4,3,0.693819151644049
567,she,hit,3,3,0.5203643637330367
568,i,block,3,3,0.5203643637330367
569,i,bless,3,3,0.5203643637330367
570,she,grab,4,3,0.693819151644049
571,she,sleep,3,3,0.5203643637330367
572,she,spend,4,3,0.693819151644049
573,i,beg,4,3,0.693819151644049
574,she,stand,3,3,0.5203643637330367
575,she,help,3,3,0.5203643637330367
576,i,lift,5,3,0.8672739395550613
577,she,allow,3,3,0.5203643637330367
578,i,recall,3,3,0.5203643637330367
579,i,pray,3,3,0.5203643637330367
580,i,presume,3,3,0.5203643637330367
581,i,print,3,3,0.5203643637330367
582,i,hang,3,3,0.5203643637330367
583,i,handle,3,3,0.5203643637330367
584,i,prove,3,3,0.5203643637330367
585,i,punch,3,3,0.5203643637330367
586,i,regard,3,3,0.5203643637330367
587,i,point,3,3,0.5203643637330367
588,i,represent,5,3,0.8672739395550613
589,i,request,3,3,0.5203643637330367
590,i,require,3,3,0.5203643637330367
591,i,flip,3,3,0.5203643637330367
592,i,resent,3,3,0.5203643637330367
593,i,reveal,3,3,0.5203643637330367
594,i,ring,3,3,0.5203643637330367
595,i,head,3,3,0.5203643637330367
596,i,plug,4,3,0.693819151644049
597,i,salute,3,3,0.5203643637330367
598,i,illustrate,3,3,0.5203643637330367
599,i,lean,3,3,0.5203643637330367
600,i,lock,3,3,0.5203643637330367
601,i,long,3,3,0.5203643637330367
602,i,manipulate,3,3,0.5203643637330367
603,i,master,3,3,0.5203643637330367
604,i,match,3,3,0.5203643637330367
605,i,improve,3,3,0.5203643637330367
606,i,pack,3,3,0.5203643637330367
607,i,highlight,3,3,0.5203643637330367
608,i,pan,3,3,0.5203643637330367
609,i,paste,6,3,1.0407287274660735
610,i,honor,3,3,0.5203643637330367
611,i,persuade,3,3,0.5203643637330367
612,i,phone,3,3,0.5203643637330367
613,i,picture,3,3,0.5203643637330367
614,i,pile,3,3,0.5203643637330367
615,i,round,3,3,0.5203643637330367
616,i,seize,3,3,0.5203643637330367
617,i,criticize,3,3,0.5203643637330367
618,i,dedicate,3,3,0.5203643637330367
619,i,trace,3,3,0.5203643637330367
620,i,determine,3,3,0.5203643637330367
621,i,desire,3,3,0.5203643637330367
622,i,trade,3,3,0.5203643637330367
623,i,update,3,3,0.5203643637330367
624,i,value,3,3,0.5203643637330367
625,i,view,3,3,0.5203643637330367
626,i,visualize,3,3,0.5203643637330367
627,i,tempt,3,3,0.5203643637330367
628,i,wash,4,3,0.693819151644049
629,i,date,4,3,0.693819151644049
630,i,wave,3,3,0.5203643637330367
631,i,dare,3,3,0.5203643637330367
632,i,weigh,3,3,0.5203643637330367
633,i,wind,4,3,0.693819151644049
634,she,'s,3,3,0.5203643637330367
635,i,tilt,4,3,0.693819151644049
636,i,dip,3,3,0.5203643637330367
637,i,serve,4,3,0.693819151644049
638,i,engage,3,3,0.5203643637330367
639,i,express,3,3,0.5203643637330367
640,i,simplify,3,3,0.5203643637330367
641,i,slow,3,3,0.5203643637330367
642,i,examine,3,3,0.5203643637330367
643,i,envision,3,3,0.5203643637330367
644,i,smile,3,3,0.5203643637330367
645,i,snap,3,3,0.5203643637330367
646,i,sort,3,3,0.5203643637330367
647,i,tear,3,3,0.5203643637330367
648,i,spare,3,3,0.5203643637330367
649,i,speed,3,3,0.5203643637330367
650,i,split,8,3,1.387638303288098
651,i,spread,4,3,0.693819151644049
652,i,edit,3,3,0.5203643637330367
653,i,sum,3,3,0.5203643637330367
654,i,swear,3,3,0.5203643637330367
655,i,back,3,3,0.5203643637330367
656,he,'s,3,3,0.5203643637330367
657,he,spin,3,3,0.5203643637330367
658,he,prove,3,3,0.5203643637330367
659,he,graduate,3,3,0.5203643637330367
660,he,help,3,3,0.5203643637330367
661,he,fund,3,3,0.5203643637330367
662,he,release,3,3,0.5203643637330367
663,he,add,4,3,0.693819151644049
664,he,raise,3,3,0.5203643637330367
665,he,stand,3,3,0.5203643637330367
666,he,grow,4,3,0.693819151644049
667,he,own,3,3,0.5203643637330367
668,he,paint,4,3,0.693819151644049
669,he,hand,3,3,0.5203643637330367
670,he,present,3,3,0.5203643637330367
671,he,murder,3,3,0.5203643637330367
672,he,remind,3,3,0.5203643637330367
673,i,announce,3,3,0.5203643637330367
674,he,discover,3,3,0.5203643637330367
675,he,serve,3,3,0.5203643637330367
676,he,remember,3,3,0.5203643637330367
677,he,type,3,3,0.5203643637330367
678,he,catch,3,3,0.5203643637330367
679,i,advise,3,3,0.5203643637330367
680,he,treat,3,3,0.5203643637330367
681,he,fire,3,3,0.5203643637330367
682,he,sue,3,3,0.5203643637330367
683,he,place,4,3,0.693819151644049
684,he,mention,4,3,0.693819151644049
685,he,escape,3,3,0.5203643637330367
686,he,receive,4,3,0.693819151644049
687,he,deliver,3,3,0.5203643637330367
688,he,train,3,3,0.5203643637330367
689,he,intend,4,3,0.693819151644049
690,he,manage,3,3,0.5203643637330367
691,i,adapt,3,3,0.5203643637330367
692,he,steal,3,3,0.5203643637330367
693,he,surprise,3,3,0.5203643637330367
694,i,prime,3,2,0.4861719560237572
695,i,suck,2,2,0.32411463734917145
696,she,explore,2,2,0.32411463734917145
697,she,offer,2,2,0.32411463734917145
698,i,pretend,2,2,0.32411463734917145
699,he,offer,2,2,0.32411463734917145
700,i,dial,6,2,0.9723439120475144
701,he,blow,2,2,0.32411463734917145
702,i,submit,3,2,0.4861719560237572
703,i,din,2,2,0.32411463734917145
704,i,preach,3,2,0.4861719560237572
705,i,narrate,2,2,0.32411463734917145
706,i,discuss,2,2,0.32411463734917145
707,i,direct,2,2,0.32411463734917145
708,i,disable,3,2,0.4861719560237572
709,he,name,2,2,0.32411463734917145
710,he,notice,2,2,0.32411463734917145
711,she,challenge,2,2,0.32411463734917145
712,i,hasten,2,2,0.32411463734917145
713,he,earn,3,2,0.4861719560237572
714,i,haunt,2,2,0.32411463734917145
715,i,deserve,2,2,0.32411463734917145
716,i,devise,2,2,0.32411463734917145
717,he,quote,2,2,0.32411463734917145
718,he,step,2,2,0.32411463734917145
719,i,declare,2,2,0.32411463734917145
720,he,wait,2,2,0.32411463734917145
721,i,deceive,2,2,0.32411463734917145
722,i,debate,2,2,0.32411463734917145
723,she,brush,3,2,0.4861719560237572
724,he,solve,3,2,0.4861719560237572
725,i,fit,2,2,0.32411463734917145
726,she,program,2,2,0.32411463734917145
727,she,break,2,2,0.32411463734917145
728,he,dig,3,2,0.4861719560237572
729,he,finish,2,2,0.32411463734917145
730,she,book,2,2,0.32411463734917145
731,i,race,2,2,0.32411463734917145
732,she,enter,3,2,0.4861719560237572
733,he,motivate,2,2,0.32411463734917145
734,i,utilize,2,2,0.32411463734917145
735,i,hesitate,2,2,0.32411463734917145
736,she,describe,2,2,0.32411463734917145
737,i,destroy,2,2,0.32411463734917145
738,he,n't,2,2,0.32411463734917145
739,she,pass,2,2,0.32411463734917145
740,she,march,2,2,0.32411463734917145
741,i,depict,2,2,0.32411463734917145
742,i,heat,3,2,0.4861719560237572
743,i,demonstrate,5,2,0.8102865933729286
744,he,fill,2,2,0.32411463734917145
745,he,view,2,2,0.32411463734917145
746,i,delight,2,2,0.32411463734917145
747,i,pronounce,2,2,0.32411463734917145
748,she,place,2,2,0.32411463734917145
749,she,plan,3,2,0.4861719560237572
750,i,defend,2,2,0.32411463734917145
751,i,distract,2,2,0.32411463734917145
752,he,fail,2,2,0.32411463734917145
753,i,dive,2,2,0.32411463734917145
754,she,grow,2,2,0.32411463734917145
755,i,mount,2,2,0.32411463734917145
756,she,cook,3,2,0.4861719560237572
757,he,photograph,2,2,0.32411463734917145
758,i,text,3,2,0.4861719560237572
759,i,entrance,2,2,0.32411463734917145
760,she,hear,2,2,0.32411463734917145
761,he,check,2,2,0.32411463734917145
762,he,climb,2,2,0.32411463734917145
763,i,nail,2,2,0.32411463734917145
764,he,survive,2,2,0.32411463734917145
765,i,engineer,2,2,0.32411463734917145
766,she,hop,2,2,0.32411463734917145
767,i,perceive,4,2,0.6482292746983429
768,he,phone,2,2,0.32411463734917145
769,he,emphasize,2,2,0.32411463734917145
770,i,escape,2,2,0.32411463734917145
771,i,tuck,2,2,0.32411463734917145
772,she,feed,3,2,0.4861719560237572
773,i,taste,2,2,0.32411463734917145
774,she,cut,2,2,0.32411463734917145
775,she,follow,2,2,0.32411463734917145
776,he,supply,2,2,0.32411463734917145
777,she,film,2,2,0.32411463734917145
778,she,force,2,2,0.32411463734917145
779,i,explode,2,2,0.32411463734917145
780,he,suppose,2,2,0.32411463734917145
781,he,smile,2,2,0.32411463734917145
782,she,found,2,2,0.32411463734917145
783,i,expand,2,2,0.32411463734917145
784,i,panic,2,2,0.32411463734917145
785,he,entertain,2,2,0.32411463734917145
786,i,paralyze,2,2,0.32411463734917145
787,i,team,2,2,0.32411463734917145
788,she,gon,3,2,0.4861719560237572
789,i,swim,2,2,0.32411463734917145
790,he,study,2,2,0.32411463734917145
791,he,pop,2,2,0.32411463734917145
792,i,mentor,3,2,0.4861719560237572
793,i,drink,3,2,0.4861719560237572
794,i,drill,2,2,0.32411463734917145
795,i,portray,3,2,0.4861719560237572
796,i,dress,2,2,0.32411463734917145
797,he,catalog,2,2,0.32411463734917145
798,he,care,3,2,0.4861719560237572
799,he,repeat,2,2,0.32411463734917145
800,i,re,2,2,0.32411463734917145
801,she,choose,2,2,0.32411463734917145
802,he,calculate,2,2,0.32411463734917145
803,i,donate,2,2,0.32411463734917145
804,i,domesticate,2,2,0.32411463734917145
805,he,provide,2,2,0.32411463734917145
806,i,document,2,2,0.32411463734917145
807,she,manage,2,2,0.32411463734917145
808,he,threaten,2,2,0.32411463734917145
809,i,dump,2,2,0.32411463734917145
810,he,struggle,2,2,0.32411463734917145
811,i,plot,2,2,0.32411463734917145
812,she,invent,3,2,0.4861719560237572
813,she,join,2,2,0.32411463734917145
814,i,grasp,2,2,0.32411463734917145
815,i,swallow,2,2,0.32411463734917145
816,he,protect,2,2,0.32411463734917145
817,i,milk,2,2,0.32411463734917145
818,i,surround,2,2,0.32411463734917145
819,i,eliminate,2,2,0.32411463734917145
820,he,challenge,2,2,0.32411463734917145
821,i,fetch,3,2,0.4861719560237572
822,i,mess,2,2,0.32411463734917145
823,she,lay,3,2,0.4861719560237572
824,he,elect,2,2,0.32411463734917145
825,he,thank,2,2,0.32411463734917145
826,she,clear,2,2,0.32411463734917145
827,he,flip,2,2,0.32411463734917145
828,he,fly,2,2,0.32411463734917145
829,he,marry,2,2,0.32411463734917145
830,he,dream,2,2,0.32411463734917145
831,i,cancel,2,2,0.32411463734917145
832,he,analyze,2,2,0.32411463734917145
833,she,talk,2,2,0.32411463734917145
834,he,respond,2,2,0.32411463734917145
835,he,resemble,2,2,0.32411463734917145
836,i,bust,2,2,0.32411463734917145
837,i,issue,2,2,0.32411463734917145
838,she,thank,2,2,0.32411463734917145
839,i,shed,2,2,0.32411463734917145
840,i,yield,2,2,0.32411463734917145
841,he,happen,2,2,0.32411463734917145
842,i,brush,2,2,0.32411463734917145
843,i,bruise,2,2,0.32411463734917145
844,she,touch,2,2,0.32411463734917145
845,i,sew,2,2,0.32411463734917145
846,i,alter,2,2,0.32411463734917145
847,i,shut,2,2,0.32411463734917145
848,i,ruin,2,2,0.32411463734917145
849,he,appeal,3,2,0.4861719560237572
850,he,approach,2,2,0.32411463734917145
851,i,cherish,2,2,0.32411463734917145
852,i,resemble,2,2,0.32411463734917145
853,i,fold,2,2,0.32411463734917145
854,i,resist,2,2,0.32411463734917145
855,i,ski,4,2,0.6482292746983429
856,i,interpret,2,2,0.32411463734917145
857,i,channel,2,2,0.32411463734917145
858,i,affect,3,2,0.4861719560237572
859,he,close,3,2,0.4861719560237572
860,he,drop,2,2,0.32411463734917145
861,he,apply,2,2,0.32411463734917145
862,he,postulate,2,2,0.32411463734917145
863,he,reject,2,2,0.32411463734917145
864,i,aim,2,2,0.32411463734917145
865,i,whip,2,2,0.32411463734917145
866,i,judge,2,2,0.32411463734917145
867,i,slam,2,2,0.32411463734917145
868,i,arrest,2,2,0.32411463734917145
869,she,walk,3,2,0.4861719560237572
870,he,accompany,2,2,0.32411463734917145
871,i,juxtapose,2,2,0.32411463734917145
872,i,frame,2,2,0.32411463734917145
873,i,scare,2,2,0.32411463734917145
874,he,accept,2,2,0.32411463734917145
875,i,scatter,2,2,0.32411463734917145
876,i,schedule,2,2,0.32411463734917145
877,he,represent,2,2,0.32411463734917145
878,he,cut,2,2,0.32411463734917145
879,i,wrap,2,2,0.32411463734917145
880,i,worship,2,2,0.32411463734917145
881,i,wipe,2,2,0.32411463734917145
882,he,download,2,2,0.32411463734917145
883,i,award,2,2,0.32411463734917145
884,i,justify,2,2,0.32411463734917145
885,i,belong,2,2,0.32411463734917145
886,i,bother,2,2,0.32411463734917145
887,i,bend,2,2,0.32411463734917145
888,i,appear,2,2,0.32411463734917145
889,i,bore,2,2,0.32411463734917145
890,i,obsess,2,2,0.32411463734917145
891,he,include,4,2,0.6482292746983429
892,she,trust,2,2,0.32411463734917145
893,i,rush,2,2,0.32411463734917145
894,i,separate,2,2,0.32411463734917145
895,i,approve,2,2,0.32411463734917145
896,i,sense,2,2,0.32411463734917145
897,i,bite,2,2,0.32411463734917145
898,he,require,2,2,0.32411463734917145
899,i,bid,2,2,0.32411463734917145
900,i,arrange,4,2,0.6482292746983429
901,i,select,2,2,0.32411463734917145
902,he,hire,2,2,0.32411463734917145
903,i,hook,2,2,0.32411463734917145
904,i,instruct,2,2,0.32411463734917145
905,he,dedicate,2,2,0.32411463734917145
906,i,hunch,3,2,0.4861719560237572
907,i,contain,2,2,0.32411463734917145
908,he,recite,2,2,0.32411463734917145
909,i,consume,2,2,0.32411463734917145
910,he,recognize,2,2,0.32411463734917145
911,he,yell,2,2,0.32411463734917145
912,he,roll,3,2,0.4861719560237572
913,i,wander,2,2,0.32411463734917145
914,he,focus,2,2,0.32411463734917145
915,i,congratulate,2,2,0.32411463734917145
916,i,confront,2,2,0.32411463734917145
917,i,reduce,2,2,0.32411463734917145
918,she,assemble,2,2,0.32411463734917145
919,i,immerse,2,2,0.32411463734917145
920,i,wanna,2,2,0.32411463734917145
921,i,regain,2,2,0.32411463734917145
922,i,hurt,2,2,0.32411463734917145
923,i,contribute,2,2,0.32411463734917145
924,i,register,2,2,0.32411463734917145
925,he,wish,2,2,0.32411463734917145
926,he,mark,2,2,0.32411463734917145
927,he,devise,2,2,0.32411463734917145
928,she,belong,2,2,0.32411463734917145
929,i,reassure,2,2,0.32411463734917145
930,i,rebuild,2,2,0.32411463734917145
931,she,refuse,2,2,0.32411463734917145
932,i,navigate,2,2,0.32411463734917145
933,i,recite,3,2,0.4861719560237572
934,i,maintain,2,2,0.32411463734917145
935,i,copy,2,2,0.32411463734917145
936,he,destroy,2,2,0.32411463734917145
937,i,cool,2,2,0.32411463734917145
938,he,wipe,2,2,0.32411463734917145
939,he,lift,2,2,0.32411463734917145
940,she,endure,2,2,0.32411463734917145
941,i,instal,4,2,0.6482292746983429
942,he,record,2,2,0.32411463734917145
943,he,form,2,2,0.32411463734917145
944,i,conceive,2,2,0.32411463734917145
945,i,coin,3,2,0.4861719560237572
946,he,jump,2,2,0.32411463734917145
947,i,cofounded,2,2,0.32411463734917145
948,she,answer,2,2,0.32411463734917145
949,i,tour,2,2,0.32411463734917145
950,i,accomplish,2,2,0.32411463734917145
951,i,co,2,2,0.32411463734917145
952,she,dig,2,2,0.32411463734917145
953,i,link,2,2,0.32411463734917145
954,he,assume,2,2,0.32411463734917145
955,i,accumulate,2,2,0.32411463734917145
956,i,line,2,2,0.32411463734917145
957,he,reveal,2,2,0.32411463734917145
958,i,slice,2,2,0.32411463734917145
959,i,claim,2,2,0.32411463734917145
960,i,abuse,2,2,0.32411463734917145
961,i,color,2,2,0.32411463734917145
962,he,kick,2,2,0.32411463734917145
963,i,incorporate,2,2,0.32411463734917145
964,he,laugh,2,2,0.32411463734917145
965,she,die,2,2,0.32411463734917145
966,i,warm,2,2,0.32411463734917145
967,he,land,3,2,0.4861719560237572
968,i,improvise,2,2,0.32411463734917145
969,i,complain,2,2,0.32411463734917145
970,i,include,2,2,0.32411463734917145
971,i,inflate,3,2,0.4861719560237572
972,i,communicate,2,2,0.32411463734917145
973,i,solicit,2,2,0.32411463734917145
974,she,seem,2,2,0.32411463734917145
975,i,absorb,2,2,0.32411463734917145
976,i,generate,2,2,0.32411463734917145
977,he,doubt,1,1,0.14569181880198298
978,i,trigger,1,1,0.14569181880198298
979,he,donate,1,1,0.14569181880198298
980,i,trawl,1,1,0.14569181880198298
981,i,triple,3,1,0.4370754564059489
982,i,verify,1,1,0.14569181880198298
983,i,troll,1,1,0.14569181880198298
984,he,debunk,1,1,0.14569181880198298
985,i,wager,1,1,0.14569181880198298
986,he,deride,1,1,0.14569181880198298
987,he,deny,1,1,0.14569181880198298
988,he,democratize,1,1,0.14569181880198298
989,he,demand,1,1,0.14569181880198298
990,i,warp,1,1,0.14569181880198298
991,i,warrant,1,1,0.14569181880198298
992,he,decrease,1,1,0.14569181880198298
993,he,deal,1,1,0.14569181880198298
994,he,document,1,1,0.14569181880198298
995,he,daunt,1,1,0.14569181880198298
996,i,weed,1,1,0.14569181880198298
997,he,date,1,1,0.14569181880198298
998,i,weld,1,1,0.14569181880198298
999,i,whiled,1,1,0.14569181880198298
1000,i,whisper,1,1,0.14569181880198298
1001,he,dandle,1,1,0.14569181880198298
1002,i,wire,1,1,0.14569181880198298
1003,he,detail,1,1,0.14569181880198298
1004,i,violate,1,1,0.14569181880198298
1005,i,videotape,2,1,0.29138363760396596
1006,he,disclose,1,1,0.14569181880198298
1007,he,divide,1,1,0.14569181880198298
1008,i,tune,1,1,0.14569181880198298
1009,he,ditch,1,1,0.14569181880198298
1010,i,tutor,1,1,0.14569181880198298
1011,i,tweet,2,1,0.29138363760396596
1012,he,disobey,1,1,0.14569181880198298
1013,i,uncover,1,1,0.14569181880198298
1014,he,dislike,1,1,0.14569181880198298
1015,i,unfold,1,1,0.14569181880198298
1016,i,unload,1,1,0.14569181880198298
1017,i,unlock,1,1,0.14569181880198298
1018,i,unveil,1,1,0.14569181880198298
1019,he,discriminate,1,1,0.14569181880198298
1020,i,upgrade,1,1,0.14569181880198298
1021,i,upload,1,1,0.14569181880198298
1022,he,discourage,1,1,0.14569181880198298
1023,i,utter,1,1,0.14569181880198298
1024,i,trap,1,1,0.14569181880198298
1025,i,average,1,1,0.14569181880198298
1026,i,transmit,2,1,0.29138363760396596
1027,he,force,1,1,0.14569181880198298
1028,i,slit,1,1,0.14569181880198298
1029,he,gather,1,1,0.14569181880198298
1030,he,gamble,1,1,0.14569181880198298
1031,i,smoke,1,1,0.14569181880198298
1032,i,smuggle,1,1,0.14569181880198298
1033,he,futzes,1,1,0.14569181880198298
1034,i,socialize,1,1,0.14569181880198298
1035,i,solidify,1,1,0.14569181880198298
1036,he,function,1,1,0.14569181880198298
1037,i,sophiline,1,1,0.14569181880198298
1038,he,free,1,1,0.14569181880198298
1039,i,source,1,1,0.14569181880198298
1040,he,found,1,1,0.14569181880198298
1041,he,forget,1,1,0.14569181880198298
1042,i,spill,1,1,0.14569181880198298
1043,he,govern,1,1,0.14569181880198298
1044,he,fold,1,1,0.14569181880198298
1045,i,spy,1,1,0.14569181880198298
1046,i,squander,1,1,0.14569181880198298
1047,i,square,1,1,0.14569181880198298
1048,i,squash,1,1,0.14569181880198298
1049,i,squeeze,2,1,0.29138363760396596
1050,i,squint,1,1,0.14569181880198298
1051,i,stab,1,1,0.14569181880198298
1052,i,stabilize,1,1,0.14569181880198298
1053,i,stack,1,1,0.14569181880198298
1054,i,stag,1,1,0.14569181880198298
1055,i,stagger,1,1,0.14569181880198298
1056,i,stake,1,1,0.14569181880198298
1057,i,star,1,1,0.14569181880198298
1058,i,slip,1,1,0.14569181880198298
1059,i,slather,1,1,0.14569181880198298
1060,he,drag,1,1,0.14569181880198298
1061,i,shape,1,1,0.14569181880198298
1062,i,seal,1,1,0.14569181880198298
1063,i,search,1,1,0.14569181880198298
1064,i,secret,1,1,0.14569181880198298
1065,i,secure,1,1,0.14569181880198298
1066,i,seduce,1,1,0.14569181880198298
1067,he,hug,1,1,0.14569181880198298
1068,i,seed,1,1,0.14569181880198298
1069,he,hop,1,1,0.14569181880198298
1070,he,hook,1,1,0.14569181880198298
1071,he,hide,2,1,0.29138363760396596
1072,i,sequence,1,1,0.14569181880198298
1073,he,haunt,1,1,0.14569181880198298
1074,he,hat,1,1,0.14569181880198298
1075,he,harness,1,1,0.14569181880198298
1076,i,shazam,1,1,0.14569181880198298
1077,i,slag,1,1,0.14569181880198298
1078,i,shelve,1,1,0.14569181880198298
1079,he,hang,1,1,0.14569181880198298
1080,i,ship,1,1,0.14569181880198298
1081,i,shiver,1,1,0.14569181880198298
1082,i,shock,1,1,0.14569181880198298
1083,he,handcuff,1,1,0.14569181880198298
1084,i,shove,1,1,0.14569181880198298
1085,he,guide,1,1,0.14569181880198298
1086,he,grant,1,1,0.14569181880198298
1087,i,sink,1,1,0.14569181880198298
1088,i,sip,1,1,0.14569181880198298
1089,i,sketch,1,1,0.14569181880198298
1090,i,skip,1,1,0.14569181880198298
1091,i,skype,1,1,0.14569181880198298
1092,he,float,1,1,0.14569181880198298
1093,i,startle,1,1,0.14569181880198298
1094,i,state,1,1,0.14569181880198298
1095,he,enjoy,1,1,0.14569181880198298
1096,i,suspend,1,1,0.14569181880198298
1097,i,swap,1,1,0.14569181880198298
1098,i,sway,1,1,0.14569181880198298
1099,he,expose,1,1,0.14569181880198298
1100,i,sweat,1,1,0.14569181880198298
1101,he,excite,1,1,0.14569181880198298
1102,i,tack,1,1,0.14569181880198298
1103,i,tackle,1,1,0.14569181880198298
1104,i,tag,1,1,0.14569181880198298
1105,he,espouse,1,1,0.14569181880198298
1106,he,eschew,1,1,0.14569181880198298
1107,i,target,1,1,0.14569181880198298
1108,he,envision,1,1,0.14569181880198298
1109,i,tease,1,1,0.14569181880198298
1110,he,engineer,1,1,0.14569181880198298
1111,he,flick,1,1,0.14569181880198298
1112,he,endorse,2,1,0.29138363760396596
1113,he,encourage,1,1,0.14569181880198298
1114,i,testify,1,1,0.14569181880198298
1115,i,texted,2,1,0.29138363760396596
1116,he,email,1,1,0.14569181880198298
1117,i,tie,1,1,0.14569181880198298
1118,i,tint,1,1,0.14569181880198298
1119,i,title,1,1,0.14569181880198298
1120,i,toast,1,1,0.14569181880198298
1121,i,toss,2,1,0.29138363760396596
1122,he,dunk,1,1,0.14569181880198298
1123,he,drown,1,1,0.14569181880198298
1124,he,drain,1,1,0.14569181880198298
1125,i,transfer,1,1,0.14569181880198298
1126,he,express,1,1,0.14569181880198298
1127,i,survive,1,1,0.14569181880198298
1128,i,surprise,1,1,0.14569181880198298
1129,i,surf,1,1,0.14569181880198298
1130,i,steer,1,1,0.14569181880198298
1131,i,stitch,1,1,0.14569181880198298
1132,i,stockpile,2,1,0.29138363760396596
1133,he,filter,1,1,0.14569181880198298
1134,i,store,1,1,0.14569181880198298
1135,i,strain,1,1,0.14569181880198298
1136,i,strap,1,1,0.14569181880198298
1137,i,street,1,1,0.14569181880198298
1138,i,stretch,1,1,0.14569181880198298
1139,he,film,1,1,0.14569181880198298
1140,i,stroke,3,1,0.4370754564059489
1141,i,stroll,1,1,0.14569181880198298
1142,i,structure,1,1,0.14569181880198298
1143,he,fax,1,1,0.14569181880198298
1144,he,fall,1,1,0.14569181880198298
1145,i,stumble,1,1,0.14569181880198298
1146,i,stun,1,1,0.14569181880198298
1147,i,stylize,1,1,0.14569181880198298
1148,i,submerge,1,1,0.14569181880198298
1149,i,subscribe,1,1,0.14569181880198298
1150,i,substitute,1,1,0.14569181880198298
1151,i,succeed,1,1,0.14569181880198298
1152,he,fake,2,1,0.29138363760396596
1153,i,suffice,1,1,0.14569181880198298
1154,he,faint,1,1,0.14569181880198298
1155,i,summon,1,1,0.14569181880198298
1156,i,supervise,1,1,0.14569181880198298
1157,he,extract,1,1,0.14569181880198298
1158,he,extend,1,1,0.14569181880198298
1159,he,cure,1,1,0.14569181880198298
1160,she,circumcise,1,1,0.14569181880198298
1161,he,cup,1,1,0.14569181880198298
1162,she,realize,1,1,0.14569181880198298
1163,she,reinterpret,1,1,0.14569181880198298
1164,she,regrew,1,1,0.14569181880198298
1165,she,refer,1,1,0.14569181880198298
1166,she,record,1,1,0.14569181880198298
1167,she,recognize,1,1,0.14569181880198298
1168,she,receive,1,1,0.14569181880198298
1169,she,recall,1,1,0.14569181880198298
1170,he,bang,1,1,0.14569181880198298
1171,she,relax,1,1,0.14569181880198298
1172,he,banish,1,1,0.14569181880198298
1173,she,re,1,1,0.14569181880198298
1174,she,rap,1,1,0.14569181880198298
1175,he,bat,1,1,0.14569181880198298
1176,she,radiate,1,1,0.14569181880198298
1177,she,question,1,1,0.14569181880198298
1178,he,bear,1,1,0.14569181880198298
1179,she,reinvent,1,1,0.14569181880198298
1180,she,release,1,1,0.14569181880198298
1181,he,campaign,1,1,0.14569181880198298
1182,she,retain,1,1,0.14569181880198298
1183,he,badmouth,1,1,0.14569181880198298
1184,she,row,1,1,0.14569181880198298
1185,she,roll,1,1,0.14569181880198298
1186,she,roam,1,1,0.14569181880198298
1187,she,risk,1,1,0.14569181880198298
1188,she,rewrite,1,1,0.14569181880198298
1189,she,retrain,1,1,0.14569181880198298
1190,she,restrict,1,1,0.14569181880198298
1191,she,relive,1,1,0.14569181880198298
1192,she,respect,1,1,0.14569181880198298
1193,she,request,1,1,0.14569181880198298
1194,she,repurposes,1,1,0.14569181880198298
1195,she,replace,1,1,0.14569181880198298
1196,she,repeat,1,1,0.14569181880198298
1197,she,remind,1,1,0.14569181880198298
1198,he,balance,1,1,0.14569181880198298
1199,she,push,1,1,0.14569181880198298
1200,she,purchase,1,1,0.14569181880198298
1201,he,bewail,1,1,0.14569181880198298
1202,she,move,1,1,0.14569181880198298
1203,she,pack,1,1,0.14569181880198298
1204,she,own,1,1,0.14569181880198298
1205,she,organize,1,1,0.14569181880198298
1206,she,notice,1,1,0.14569181880198298
1207,he,bother,1,1,0.14569181880198298
1208,she,name,1,1,0.14569181880198298
1209,she,murmur,1,1,0.14569181880198298
1210,she,mount,1,1,0.14569181880198298
1211,she,publish,1,1,0.14569181880198298
1212,she,mix,1,1,0.14569181880198298
1213,he,breathe,1,1,0.14569181880198298
1214,she,mind,1,1,0.14569181880198298
1215,he,breed,1,1,0.14569181880198298
1216,he,burn,1,1,0.14569181880198298
1217,he,bury,2,1,0.29138363760396596
1218,she,manufacture,1,1,0.14569181880198298
1219,she,paint,1,1,0.14569181880198298
1220,she,park,1,1,0.14569181880198298
1221,she,partner,1,1,0.14569181880198298
1222,he,bleed,1,1,0.14569181880198298
1223,she,promote,1,1,0.14569181880198298
1224,she,progress,1,1,0.14569181880198298
1225,she,produce,1,1,0.14569181880198298
1226,she,prioritize,1,1,0.14569181880198298
1227,she,press,1,1,0.14569181880198298
1228,she,prep,1,1,0.14569181880198298
1229,she,possess,1,1,0.14569181880198298
1230,she,portray,1,1,0.14569181880198298
1231,she,point,1,1,0.14569181880198298
1232,he,bind,1,1,0.14569181880198298
1233,she,plant,1,1,0.14569181880198298
1234,she,pile,1,1,0.14569181880198298
1235,he,blame,1,1,0.14569181880198298
1236,she,perform,1,1,0.14569181880198298
1237,she,perceive,1,1,0.14569181880198298
1238,she,sample,1,1,0.14569181880198298
1239,he,back,1,1,0.14569181880198298
1240,he,await,1,1,0.14569181880198298
1241,she,torture,1,1,0.14569181880198298
1242,she,treasure,1,1,0.14569181880198298
1243,she,travel,1,1,0.14569181880198298
1244,she,transmit,1,1,0.14569181880198298
1245,she,translate,1,1,0.14569181880198298
1246,she,transgress,1,1,0.14569181880198298
1247,she,transform,1,1,0.14569181880198298
1248,she,train,1,1,0.14569181880198298
1249,she,tie,1,1,0.14569181880198298
1250,she,suppose,2,1,0.29138363760396596
1251,he,advertise,1,1,0.14569181880198298
1252,he,afford,1,1,0.14569181880198298
1253,she,tend,1,1,0.14569181880198298
1254,he,allege,1,1,0.14569181880198298
1255,she,tease,1,1,0.14569181880198298
1256,he,allow,1,1,0.14569181880198298
1257,she,taunt,1,1,0.14569181880198298
1258,he,adopt,1,1,0.14569181880198298
1259,she,understand,1,1,0.14569181880198298
1260,he,accuse,1,1,0.14569181880198298
1261,she,vacuum,1,1,0.14569181880198298
1262,he,abuse,1,1,0.14569181880198298
1263,she,witness,1,1,0.14569181880198298
1264,she,wind,1,1,0.14569181880198298
1265,she,win,1,1,0.14569181880198298
1266,she,wield,2,1,0.29138363760396596
1267,she,whistle,1,1,0.14569181880198298
1268,she,whisper,1,1,0.14569181880198298
1269,she,wed,1,1,0.14569181880198298
1270,she,wave,1,1,0.14569181880198298
1271,she,watch,1,1,0.14569181880198298
1272,she,wash,1,1,0.14569181880198298
1273,she,wait,1,1,0.14569181880198298
1274,she,vomit,1,1,0.14569181880198298
1275,he,accomplish,1,1,0.14569181880198298
1276,she,visit,1,1,0.14569181880198298
1277,she,surround,1,1,0.14569181880198298
1278,she,suggest,1,1,0.14569181880198298
1279,he,avoid,1,1,0.14569181880198298
1280,he,attack,1,1,0.14569181880198298
1281,he,assemble,1,1,0.14569181880198298
1282,she,sign,1,1,0.14569181880198298
1283,she,shut,1,1,0.14569181880198298
1284,he,assure,1,1,0.14569181880198298
1285,she,shake,1,1,0.14569181880198298
1286,he,attach,1,1,0.14569181880198298
1287,she,serve,1,1,0.14569181880198298
1288,he,attempt,1,1,0.14569181880198298
1289,she,subject,1,1,0.14569181880198298
1290,she,select,1,1,0.14569181880198298
1291,she,seek,1,1,0.14569181880198298
1292,he,attend,1,1,0.14569181880198298
1293,she,secure,1,1,0.14569181880198298
1294,she,secrete,1,1,0.14569181880198298
1295,she,scream,1,1,0.14569181880198298
1296,she,scrap,1,1,0.14569181880198298
1297,he,assault,2,1,0.29138363760396596
1298,she,smack,1,1,0.14569181880198298
1299,she,sob,1,1,0.14569181880198298
1300,she,solve,1,1,0.14569181880198298
1301,she,stretch,1,1,0.14569181880198298
1302,he,appear,1,1,0.14569181880198298
1303,she,step,1,1,0.14569181880198298
1304,he,appreciate,1,1,0.14569181880198298
1305,she,stalk,1,1,0.14569181880198298
1306,she,stab,2,1,0.29138363760396596
1307,she,squirt,1,1,0.14569181880198298
1308,she,squint,1,1,0.14569181880198298
1309,she,squeeze,1,1,0.14569181880198298
1310,she,squeal,1,1,0.14569181880198298
1311,she,spread,1,1,0.14569181880198298
1312,she,sprain,1,1,0.14569181880198298
1313,he,arrest,1,1,0.14569181880198298
1314,she,spare,1,1,0.14569181880198298
1315,she,sort,1,1,0.14569181880198298
1316,he,butcher,1,1,0.14569181880198298
1317,he,capture,1,1,0.14569181880198298
1318,he,cruise,1,1,0.14569181880198298
1319,she,capitulate,1,1,0.14569181880198298
1320,she,chew,1,1,0.14569181880198298
1321,he,compose,1,1,0.14569181880198298
1322,he,conceive,1,1,0.14569181880198298
1323,she,chaff,1,1,0.14569181880198298
1324,he,conduct,1,1,0.14569181880198298
1325,she,carry,2,1,0.29138363760396596
1326,she,care,1,1,0.14569181880198298
1327,he,connect,1,1,0.14569181880198298
1328,i,sculpt,1,1,0.14569181880198298
1329,he,contaminate,1,1,0.14569181880198298
1330,he,contemplate,1,1,0.14569181880198298
1331,he,continue,1,1,0.14569181880198298
1332,she,breathe,1,1,0.14569181880198298
1333,she,brainwash,1,1,0.14569181880198298
1334,he,contract,1,1,0.14569181880198298
1335,she,blame,1,1,0.14569181880198298
1336,she,choke,1,1,0.14569181880198298
1337,she,claim,1,1,0.14569181880198298
1338,she,limit,1,1,0.14569181880198298
1339,she,consume,1,1,0.14569181880198298
1340,she,cry,1,1,0.14569181880198298
1341,he,commit,1,1,0.14569181880198298
1342,she,cover,2,1,0.29138363760396596
1343,she,cough,1,1,0.14569181880198298
1344,she,convince,1,1,0.14569181880198298
1345,she,contain,1,1,0.14569181880198298
1346,she,contact,1,1,0.14569181880198298
1347,she,console,1,1,0.14569181880198298
1348,he,complete,1,1,0.14569181880198298
1349,she,consider,1,1,0.14569181880198298
1350,she,concentrate,1,1,0.14569181880198298
1351,she,complete,1,1,0.14569181880198298
1352,she,compare,2,1,0.29138363760396596
1353,she,communicate,1,1,0.14569181880198298
1354,she,command,1,1,0.14569181880198298
1355,he,compare,1,1,0.14569181880198298
1356,she,bend,1,1,0.14569181880198298
1357,she,believe,1,1,0.14569181880198298
1358,he,control,2,1,0.29138363760396596
1359,i,zoom,1,1,0.14569181880198298
1360,she,acquire,1,1,0.14569181880198298
1361,she,acknowledge,2,1,0.29138363760396596
1362,she,achieve,1,1,0.14569181880198298
1363,she,accomplish,1,1,0.14569181880198298
1364,she,accept,1,1,0.14569181880198298
1365,he,crash,1,1,0.14569181880198298
1366,i,,2,1,0.29138363760396596
1367,i,yell,1,1,0.14569181880198298
1368,he,convict,1,1,0.14569181880198298
1369,i,yank,1,1,0.14569181880198298
1370,i,xerox,1,1,0.14569181880198298
1371,he,cross,1,1,0.14569181880198298
1372,i,wrestle,1,1,0.14569181880198298
1373,i,wreck,1,1,0.14569181880198298
1374,i,worry,1,1,0.14569181880198298
1375,he,crown,1,1,0.14569181880198298
1376,she,address,1,1,0.14569181880198298
1377,she,admonish,1,1,0.14569181880198298
1378,she,adopt,1,1,0.14569181880198298
1379,she,affect,1,1,0.14569181880198298
1380,she,beat,1,1,0.14569181880198298
1381,he,convince,1,1,0.14569181880198298
1382,he,cook,1,1,0.14569181880198298
1383,she,attempt,1,1,0.14569181880198298
1384,she,attack,1,1,0.14569181880198298
1385,she,assign,1,1,0.14569181880198298
1386,she,assault,1,1,0.14569181880198298
1387,she,aspire,1,1,0.14569181880198298
1388,he,count,1,1,0.14569181880198298
1389,she,approach,1,1,0.14569181880198298
1390,she,apply,1,1,0.14569181880198298
1391,she,animate,1,1,0.14569181880198298
1392,he,cram,1,1,0.14569181880198298
1393,she,aim,1,1,0.14569181880198298
1394,she,age,2,1,0.29138363760396596
1395,she,dance,1,1,0.14569181880198298
1396,she,date,1,1,0.14569181880198298
1397,he,combine,1,1,0.14569181880198298
1398,she,hang,1,1,0.14569181880198298
1399,she,imitate,1,1,0.14569181880198298
1400,she,ignore,1,1,0.14569181880198298
1401,she,hug,1,1,0.14569181880198298
1402,he,charge,1,1,0.14569181880198298
1403,he,chase,1,1,0.14569181880198298
1404,he,chew,1,1,0.14569181880198298
1405,she,hat,2,1,0.29138363760396596
1406,she,hand,2,1,0.29138363760396596
1407,she,form,1,1,0.14569181880198298
1408,she,hallucinate,1,1,0.14569181880198298
1409,she,graze,1,1,0.14569181880198298
1410,she,graduate,1,1,0.14569181880198298
1411,he,chill,1,1,0.14569181880198298
1412,he,chronicle,1,1,0.14569181880198298
1413,he,circle,2,1,0.29138363760396596
1414,he,claim,1,1,0.14569181880198298
1415,she,incarnate,1,1,0.14569181880198298
1416,she,inject,1,1,0.14569181880198298
1417,she,instal,1,1,0.14569181880198298
1418,she,interact,1,1,0.14569181880198298
1419,she,light,1,1,0.14569181880198298
1420,she,lift,1,1,0.14569181880198298
1421,she,lie,1,1,0.14569181880198298
1422,she,let,1,1,0.14569181880198298
1423,he,certify,1,1,0.14569181880198298
1424,he,chain,1,1,0.14569181880198298
1425,she,lean,1,1,0.14569181880198298
1426,she,launch,1,1,0.14569181880198298
1427,she,laugh,1,1,0.14569181880198298
1428,she,knight,1,1,0.14569181880198298
1429,she,kneel,1,1,0.14569181880198298
1430,she,kill,1,1,0.14569181880198298
1431,she,kidnap,1,1,0.14569181880198298
1432,he,channel,1,1,0.14569181880198298
1433,she,jump,1,1,0.14569181880198298
1434,she,fund,1,1,0.14569181880198298
1435,she,forgive,1,1,0.14569181880198298
1436,she,decode,1,1,0.14569181880198298
1437,she,disturb,1,1,0.14569181880198298
1438,she,dump,1,1,0.14569181880198298
1439,she,dry,1,1,0.14569181880198298
1440,she,drown,1,1,0.14569181880198298
1441,he,coach,2,1,0.29138363760396596
1442,she,drive,1,1,0.14569181880198298
1443,she,draw,1,1,0.14569181880198298
1444,he,collect,1,1,0.14569181880198298
1445,she,distribute,1,1,0.14569181880198298
1446,she,forbid,1,1,0.14569181880198298
1447,she,distract,1,1,0.14569181880198298
1448,she,discover,1,1,0.14569181880198298
1449,she,disappear,1,1,0.14569181880198298
1450,she,diagnose,1,1,0.14569181880198298
1451,she,design,1,1,0.14569181880198298
1452,she,deserve,1,1,0.14569181880198298
1453,she,decry,1,1,0.14569181880198298
1454,she,educate,1,1,0.14569181880198298
1455,she,emanate,1,1,0.14569181880198298
1456,she,encourage,1,1,0.14569181880198298
1457,she,end,1,1,0.14569181880198298
1458,she,flip,1,1,0.14569181880198298
1459,she,fit,1,1,0.14569181880198298
1460,he,classify,1,1,0.14569181880198298
1461,she,fill,1,1,0.14569181880198298
1462,she,figure,1,1,0.14569181880198298
1463,she,fell,1,1,0.14569181880198298
1464,she,feel,1,1,0.14569181880198298
1465,she,fear,1,1,0.14569181880198298
1466,she,fascinate,1,1,0.14569181880198298
1467,she,fall,1,1,0.14569181880198298
1468,she,face,1,1,0.14569181880198298
1469,she,exsanguinates,1,1,0.14569181880198298
1470,she,expect,1,1,0.14569181880198298
1471,she,enlighten,1,1,0.14569181880198298
1472,she,engineer,1,1,0.14569181880198298
1473,i,scurry,1,1,0.14569181880198298
1474,i,recharge,1,1,0.14569181880198298
1475,i,scrutinize,1,1,0.14569181880198298
1476,i,emit,1,1,0.14569181880198298
1477,he,synthesize,1,1,0.14569181880198298
1478,he,taste,1,1,0.14569181880198298
1479,he,tear,1,1,0.14569181880198298
1480,i,encode,1,1,0.14569181880198298
1481,i,enchant,1,1,0.14569181880198298
1482,i,emulate,1,1,0.14569181880198298
1483,i,emphasize,1,1,0.14569181880198298
1484,he,tend,1,1,0.14569181880198298
1485,i,echo,1,1,0.14569181880198298
1486,i,embody,1,1,0.14569181880198298
1487,i,embed,1,1,0.14569181880198298
1488,i,embarrass,1,1,0.14569181880198298
1489,i,embark,1,1,0.14569181880198298
1490,he,terrorize,1,1,0.14569181880198298
1491,i,elect,1,1,0.14569181880198298
1492,i,educate,1,1,0.14569181880198298
1493,i,endorse,1,1,0.14569181880198298
1494,he,swim,1,1,0.14569181880198298
1495,i,enlist,1,1,0.14569181880198298
1496,i,enrol,1,1,0.14569181880198298
1497,i,exist,1,1,0.14569181880198298
1498,i,exile,1,1,0.14569181880198298
1499,i,exhibit,1,1,0.14569181880198298
1500,i,excuse,1,1,0.14569181880198298
1501,i,exchange,1,1,0.14569181880198298
1502,i,excerpt,1,1,0.14569181880198298
1503,i,exceed,1,1,0.14569181880198298
1504,i,exasperate,1,1,0.14569181880198298
1505,i,evolve,1,1,0.14569181880198298
1506,i,eradicate,1,1,0.14569181880198298
1507,i,equate,1,1,0.14569181880198298
1508,i,equal,2,1,0.29138363760396596
1509,he,surrender,1,1,0.14569181880198298
1510,i,entitle,1,1,0.14569181880198298
1511,he,surround,1,1,0.14569181880198298
1512,he,test,1,1,0.14569181880198298
1513,he,texts,1,1,0.14569181880198298
1514,i,screw,1,1,0.14569181880198298
1515,he,transport,1,1,0.14569181880198298
1516,i,dislike,1,1,0.14569181880198298
1517,i,discourage,1,1,0.14569181880198298
1518,he,translate,1,1,0.14569181880198298
1519,i,discipline,1,1,0.14569181880198298
1520,i,discharge,1,1,0.14569181880198298
1521,i,discard,1,1,0.14569181880198298
1522,i,disappear,1,1,0.14569181880198298
1523,i,digest,1,1,0.14569181880198298
1524,i,dwell,1,1,0.14569181880198298
1525,he,travel,1,1,0.14569181880198298
1526,he,traverse,1,1,0.14569181880198298
1527,i,dictate,1,1,0.14569181880198298
1528,i,dice,1,1,0.14569181880198298
1529,i,devastate,1,1,0.14569181880198298
1530,he,unroll,1,1,0.14569181880198298
1531,i,destine,1,1,0.14569181880198298
1532,i,dismantle,1,1,0.14569181880198298
1533,i,display,1,1,0.14569181880198298
1534,i,distil,1,1,0.14569181880198298
1535,i,distribute,1,1,0.14569181880198298
1536,i,duplicate,1,1,0.14569181880198298
1537,i,dumbfound,1,1,0.14569181880198298
1538,i,drown,1,1,0.14569181880198298
1539,he,theorize,1,1,0.14569181880198298
1540,i,drift,1,1,0.14569181880198298
1541,he,thrill,1,1,0.14569181880198298
1542,he,tighten,1,1,0.14569181880198298
1543,i,drape,1,1,0.14569181880198298
1544,he,title,1,1,0.14569181880198298
1545,he,toss,1,1,0.14569181880198298
1546,i,douse,1,1,0.14569181880198298
1547,he,tow,1,1,0.14569181880198298
1548,i,doled,1,1,0.14569181880198298
1549,he,track,1,1,0.14569181880198298
1550,he,trade,1,1,0.14569181880198298
1551,i,exit,1,1,0.14569181880198298
1552,he,surmise,1,1,0.14569181880198298
1553,he,surf,1,1,0.14569181880198298
1554,i,fumble,1,1,0.14569181880198298
1555,he,smite,1,1,0.14569181880198298
1556,i,georges,1,1,0.14569181880198298
1557,i,gaze,1,1,0.14569181880198298
1558,he,smuggle,1,1,0.14569181880198298
1559,he,sober,1,1,0.14569181880198298
1560,i,fuse,1,1,0.14569181880198298
1561,i,fund,1,1,0.14569181880198298
1562,i,fulfill,1,1,0.14569181880198298
1563,i,experiment,1,1,0.14569181880198298
1564,i,fry,1,1,0.14569181880198298
1565,i,frustrate,1,1,0.14569181880198298
1566,i,frighten,1,1,0.14569181880198298
1567,i,free,2,1,0.29138363760396596
1568,i,frederick,1,1,0.14569181880198298
1569,i,freak,1,1,0.14569181880198298
1570,i,fracked,1,1,0.14569181880198298
1571,he,absolve,1,1,0.14569181880198298
1572,i,glimpse,1,1,0.14569181880198298
1573,i,glue,1,1,0.14569181880198298
1574,he,smell,1,1,0.14569181880198298
1575,he,sing,1,1,0.14569181880198298
1576,i,hack,1,1,0.14569181880198298
1577,i,guzzle,1,1,0.14569181880198298
1578,he,sink,1,1,0.14569181880198298
1579,he,skin,1,1,0.14569181880198298
1580,he,slap,1,1,0.14569181880198298
1581,i,grind,1,1,0.14569181880198298
1582,i,greet,1,1,0.14569181880198298
1583,i,grant,1,1,0.14569181880198298
1584,he,slash,1,1,0.14569181880198298
1585,he,sling,1,1,0.14569181880198298
1586,i,govern,1,1,0.14569181880198298
1587,i,google,1,1,0.14569181880198298
1588,i,gong,1,1,0.14569181880198298
1589,he,slip,1,1,0.14569181880198298
1590,i,forsake,2,1,0.29138363760396596
1591,he,sound,1,1,0.14569181880198298
1592,i,fork,1,1,0.14569181880198298
1593,i,file,1,1,0.14569181880198298
1594,he,strike,1,1,0.14569181880198298
1595,he,strip,1,1,0.14569181880198298
1596,he,stuff,1,1,0.14569181880198298
1597,he,stun,1,1,0.14569181880198298
1598,i,fancy,1,1,0.14569181880198298
1599,i,fall,1,1,0.14569181880198298
1600,i,fake,1,1,0.14569181880198298
1601,he,succeed,1,1,0.14569181880198298
1602,i,fade,1,1,0.14569181880198298
1603,i,extricate,1,1,0.14569181880198298
1604,i,extract,1,1,0.14569181880198298
1605,i,extend,1,1,0.14569181880198298
1606,he,supplement,1,1,0.14569181880198298
1607,i,export,1,1,0.14569181880198298
1608,he,support,1,1,0.14569181880198298
1609,he,stream,1,1,0.14569181880198298
1610,he,strangle,1,1,0.14569181880198298
1611,he,sow,1,1,0.14569181880198298
1612,he,stir,1,1,0.14569181880198298
1613,he,speed,1,1,0.14569181880198298
1614,i,forge,1,1,0.14569181880198298
1615,he,spell,1,1,0.14569181880198298
1616,i,forbear,1,1,0.14569181880198298
1617,i,fool,1,1,0.14569181880198298
1618,he,spike,1,1,0.14569181880198298
1619,he,spoil,1,1,0.14569181880198298
1620,i,flush,1,1,0.14569181880198298
1621,i,flee,1,1,0.14569181880198298
1622,i,flatter,1,1,0.14569181880198298
1623,i,flatten,1,1,0.14569181880198298
1624,i,flash,1,1,0.14569181880198298
1625,i,flame,1,1,0.14569181880198298
1626,he,stay,1,1,0.14569181880198298
1627,he,stick,1,1,0.14569181880198298
1628,he,unscrew,1,1,0.14569181880198298
1629,he,upset,1,1,0.14569181880198298
1630,he,urinate,1,1,0.14569181880198298
1631,i,caricature,3,1,0.4370754564059489
1632,i,center,1,1,0.14569181880198298
1633,i,celebrate,1,1,0.14569181880198298
1634,i,agonize,1,1,0.14569181880198298
1635,i,cause,1,1,0.14569181880198298
1636,i,agree,1,1,0.14569181880198298
1637,i,alexander,1,1,0.14569181880198298
1638,i,alienate,1,1,0.14569181880198298
1639,i,allude,1,1,0.14569181880198298
1640,i,account,1,1,0.14569181880198298
1641,i,captivate,1,1,0.14569181880198298
1642,i,campaign,1,1,0.14569181880198298
1643,i,amiss,1,1,0.14569181880198298
1644,i,calculate,1,1,0.14569181880198298
1645,i,caddy,1,1,0.14569181880198298
1646,i,amplify,1,1,0.14569181880198298
1647,i,bury,1,1,0.14569181880198298
1648,i,chair,1,1,0.14569181880198298
1649,i,chaperon,1,1,0.14569181880198298
1650,i,characterize,1,1,0.14569181880198298
1651,i,charge,1,1,0.14569181880198298
1652,i,clip,1,1,0.14569181880198298
1653,i,cling,1,1,0.14569181880198298
1654,i,accuse,1,1,0.14569181880198298
1655,i,clear,1,1,0.14569181880198298
1656,i,clean,1,1,0.14569181880198298
1657,i,cite,1,1,0.14569181880198298
1658,i,circulate,1,1,0.14569181880198298
1659,i,circle,1,1,0.14569181880198298
1660,i,christmas,1,1,0.14569181880198298
1661,i,chop,1,1,0.14569181880198298
1662,i,acknowledge,1,1,0.14569181880198298
1663,i,checkerboard,1,1,0.14569181880198298
1664,i,cheat,2,1,0.29138363760396596
1665,i,adjust,1,1,0.14569181880198298
1666,i,charter,1,1,0.14569181880198298
1667,i,analyze,1,1,0.14569181880198298
1668,i,bump,1,1,0.14569181880198298
1669,i,animate,1,1,0.14569181880198298
1670,i,bestraddled,1,1,0.14569181880198298
1671,i,arrive,1,1,0.14569181880198298
1672,i,ascribe,1,1,0.14569181880198298
1673,i,befriend,1,1,0.14569181880198298
1674,i,assume,1,1,0.14569181880198298
1675,i,beautify,1,1,0.14569181880198298
1676,i,astonish,1,1,0.14569181880198298
1677,i,attach,2,1,0.29138363760396596
1678,i,attack,1,1,0.14569181880198298
1679,i,bawl,1,1,0.14569181880198298
1680,i,batter,1,1,0.14569181880198298
1681,i,attribute,1,1,0.14569181880198298
1682,i,bake,1,1,0.14569181880198298
1683,i,backpedal,1,1,0.14569181880198298
1684,i,backpack,1,1,0.14569181880198298
1685,i,audit,1,1,0.14569181880198298
1686,i,bequeath,1,1,0.14569181880198298
1687,i,bind,3,1,0.4370754564059489
1688,i,bug,1,1,0.14569181880198298
1689,i,arraign,1,1,0.14569181880198298
1690,i,buff,1,1,0.14569181880198298
1691,i,annoy,1,1,0.14569181880198298
1692,i,bridge,1,1,0.14569181880198298
1693,i,bribe,1,1,0.14569181880198298
1694,i,brew,1,1,0.14569181880198298
1695,i,anticipate,1,1,0.14569181880198298
1696,i,appeal,1,1,0.14569181880198298
1697,i,brag,1,1,0.14569181880198298
1698,i,book,1,1,0.14569181880198298
1699,i,boil,1,1,0.14569181880198298
1700,i,board,1,1,0.14569181880198298
1701,i,applaud,1,1,0.14569181880198298
1702,i,appropriate,1,1,0.14569181880198298
1703,i,blind,1,1,0.14569181880198298
1704,i,blend,1,1,0.14569181880198298
1705,i,clock,1,1,0.14569181880198298
1706,i,cobble,1,1,0.14569181880198298
1707,he,vary,2,1,0.29138363760396596
1708,i,crop,1,1,0.14569181880198298
1709,i,curl,1,1,0.14569181880198298
1710,i,curate,1,1,0.14569181880198298
1711,i,cultivate,1,1,0.14569181880198298
1712,i,cue,1,1,0.14569181880198298
1713,i,crunch,2,1,0.29138363760396596
1714,i,cruise,1,1,0.14569181880198298
1715,he,weave,1,1,0.14569181880198298
1716,i,critique,1,1,0.14569181880198298
1717,i,cod,1,1,0.14569181880198298
1718,he,weigh,1,1,0.14569181880198298
1719,i,cringe,1,1,0.14569181880198298
1720,he,wet,1,1,0.14569181880198298
1721,i,crave,1,1,0.14569181880198298
1722,i,crank,1,1,0.14569181880198298
1723,he,whip,1,1,0.14569181880198298
1724,he,whisper,1,1,0.14569181880198298
1725,i,curse,1,1,0.14569181880198298
1726,i,cuss,1,1,0.14569181880198298
1727,he,wave,1,1,0.14569181880198298
1728,i,dance,1,1,0.14569181880198298
1729,i,denounce,2,1,0.29138363760396596
1730,i,delete,2,1,0.29138363760396596
1731,i,degrade,1,1,0.14569181880198298
1732,i,deflate,1,1,0.14569181880198298
1733,he,wad,1,1,0.14569181880198298
1734,i,defeat,1,1,0.14569181880198298
1735,he,wag,1,1,0.14569181880198298
1736,i,decorate,1,1,0.14569181880198298
1737,i,deconstruct,1,1,0.14569181880198298
1738,i,decline,1,1,0.14569181880198298
1739,he,wake,1,1,0.14569181880198298
1740,i,dazzle,1,1,0.14569181880198298
1741,i,daydream,1,1,0.14569181880198298
1742,he,wander,1,1,0.14569181880198298
1743,he,warn,1,1,0.14569181880198298
1744,he,wiggle,1,1,0.14569181880198298
1745,i,counsel,1,1,0.14569181880198298
1746,i,corrupt,1,1,0.14569181880198298
1747,i,conclude,2,1,0.29138363760396596
1748,i,concentrate,1,1,0.14569181880198298
1749,i,con,1,1,0.14569181880198298
1750,i,compress,2,1,0.29138363760396596
1751,i,compose,1,1,0.14569181880198298
1752,i,comply,1,1,0.14569181880198298
1753,i,-,1,1,0.14569181880198298
1754,i,compile,1,1,0.14569181880198298
1755,i,compel,1,1,0.14569181880198298
1756,i,a'walking,3,1,0.4370754564059489
1757,i,commit,1,1,0.14569181880198298
1758,i,abide,1,1,0.14569181880198298
1759,i,comment,1,1,0.14569181880198298
1760,i,abstract,1,1,0.14569181880198298
1761,i,collapse,1,1,0.14569181880198298
1762,i,cohost,1,1,0.14569181880198298
1763,i,conceptualize,1,1,0.14569181880198298
1764,i,concoct,1,1,0.14569181880198298
1765,i,correlate,1,1,0.14569181880198298
1766,i,condemn,1,1,0.14569181880198298
1767,i,correct,1,1,0.14569181880198298
1768,i,coordinate,1,1,0.14569181880198298
1769,he,wire,1,1,0.14569181880198298
1770,i,convert,2,1,0.29138363760396596
1771,i,contradict,1,1,0.14569181880198298
1772,he,withdraw,1,1,0.14569181880198298
1773,i,contemplate,1,1,0.14569181880198298
1774,he,word,1,1,0.14569181880198298
1775,i,consult,1,1,0.14569181880198298
1776,he,zip,1,1,0.14569181880198298
1777,i,conquer,1,1,0.14569181880198298
1778,he,s,1,1,0.14569181880198298
1779,i,confound,1,1,0.14569181880198298
1780,i,confess,1,1,0.14569181880198298
1781,i,'d,1,1,0.14569181880198298
1782,he,sign,1,1,0.14569181880198298
1783,he,shut,1,1,0.14569181880198298
1784,he,shrug,1,1,0.14569181880198298
1785,i,prompt,1,1,0.14569181880198298
1786,he,mohamed,1,1,0.14569181880198298
1787,i,pump,1,1,0.14569181880198298
1788,he,monitor,1,1,0.14569181880198298
1789,he,mount,1,1,0.14569181880198298
1790,he,multiple,1,1,0.14569181880198298
1791,he,mumble,1,1,0.14569181880198298
1792,i,prop,1,1,0.14569181880198298
1793,i,promote,1,1,0.14569181880198298
1794,he,lend,1,1,0.14569181880198298
1795,he,mutilate,2,1,0.29138363760396596
1796,i,privilege,1,1,0.14569181880198298
1797,he,nail,1,1,0.14569181880198298
1798,i,princess,1,1,0.14569181880198298
1799,i,presuppose,1,1,0.14569181880198298
1800,he,nod,1,1,0.14569181880198298
1801,i,preserve,1,1,0.14569181880198298
1802,i,purchase,1,1,0.14569181880198298
1803,he,model,1,1,0.14569181880198298
1804,he,mock,1,1,0.14569181880198298
1805,he,mix,1,1,0.14569181880198298
1806,i,reconcile,1,1,0.14569181880198298
1807,he,loan,1,1,0.14569181880198298
1808,i,reclaim,1,1,0.14569181880198298
1809,i,automate,1,1,0.14569181880198298
1810,he,long,1,1,0.14569181880198298
1811,he,maintain,1,1,0.14569181880198298
1812,i,reason,1,1,0.14569181880198298
1813,i,rearrange,1,1,0.14569181880198298
1814,i,rear,1,1,0.14569181880198298
1815,i,react,1,1,0.14569181880198298
1816,i,rationalize,1,1,0.14569181880198298
1817,he,master,1,1,0.14569181880198298
1818,he,match,1,1,0.14569181880198298
1819,he,migrate,1,1,0.14569181880198298
1820,i,query,1,1,0.14569181880198298
1821,he,not,1,1,0.14569181880198298
1822,he,note,1,1,0.14569181880198298
1823,he,obtain,1,1,0.14569181880198298
1824,he,perplex,1,1,0.14569181880198298
1825,i,pester,1,1,0.14569181880198298
1826,he,persuade,1,1,0.14569181880198298
1827,i,peer,1,1,0.14569181880198298
1828,i,peel,1,1,0.14569181880198298
1829,i,peddle,1,1,0.14569181880198298
1830,i,pause,1,1,0.14569181880198298
1831,i,patent,1,1,0.14569181880198298
1832,i,pastor,2,1,0.29138363760396596
1833,he,pilot,1,1,0.14569181880198298
1834,he,pinch,1,1,0.14569181880198298
1835,i,partied,1,1,0.14569181880198298
1836,i,part,1,1,0.14569181880198298
1837,i,pant,1,1,0.14569181880198298
1838,i,palm,1,1,0.14569181880198298
1839,i,pair,1,1,0.14569181880198298
1840,he,personify,1,1,0.14569181880198298
1841,he,perform,2,1,0.29138363760396596
1842,he,occupy,1,1,0.14569181880198298
1843,he,peel,1,1,0.14569181880198298
1844,he,orchestrate,1,1,0.14569181880198298
1845,i,pound,1,1,0.14569181880198298
1846,he,organize,1,1,0.14569181880198298
1847,i,position,1,1,0.14569181880198298
1848,he,orphan,1,1,0.14569181880198298
1849,he,overpower,1,1,0.14569181880198298
1850,he,pair,1,1,0.14569181880198298
1851,he,paralyze,1,1,0.14569181880198298
1852,he,paste,1,1,0.14569181880198298
1853,i,plague,1,1,0.14569181880198298
1854,he,pat,1,1,0.14569181880198298
1855,he,patent,1,1,0.14569181880198298
1856,i,ping,1,1,0.14569181880198298
1857,i,pinch,1,1,0.14569181880198298
1858,he,pause,1,1,0.14569181880198298
1859,i,reconnect,1,1,0.14569181880198298
1860,i,recount,1,1,0.14569181880198298
1861,i,package,1,1,0.14569181880198298
1862,i,rid,1,1,0.14569181880198298
1863,he,induce,1,1,0.14569181880198298
1864,i,risk,1,1,0.14569181880198298
1865,i,rise,1,1,0.14569181880198298
1866,i,rip,1,1,0.14569181880198298
1867,he,inflict,1,1,0.14569181880198298
1868,i,rig,1,1,0.14569181880198298
1869,he,influence,1,1,0.14569181880198298
1870,i,rhode,1,1,0.14569181880198298
1871,i,recover,1,1,0.14569181880198298
1872,i,rewind,1,1,0.14569181880198298
1873,i,revisit,2,1,0.29138363760396596
1874,i,reverse,1,1,0.14569181880198298
1875,i,revere,1,1,0.14569181880198298
1876,he,inherit,1,1,0.14569181880198298
1877,he,inject,2,1,0.29138363760396596
1878,i,retrieve,1,1,0.14569181880198298
1879,he,increase,1,1,0.14569181880198298
1880,he,incorporate,1,1,0.14569181880198298
1881,i,rule,1,1,0.14569181880198298
1882,i,rummage,1,1,0.14569181880198298
1883,i,screenshotted,1,1,0.14569181880198298
1884,i,screen,1,1,0.14569181880198298
1885,he,humor,1,1,0.14569181880198298
1886,i,scramble,1,1,0.14569181880198298
1887,i,scour,1,1,0.14569181880198298
1888,i,score,1,1,0.14569181880198298
1889,i,scar,1,1,0.14569181880198298
1890,he,hunt,1,1,0.14569181880198298
1891,i,scale,1,1,0.14569181880198298
1892,he,hurt,1,1,0.14569181880198298
1893,he,imbed,1,1,0.14569181880198298
1894,he,impersonate,1,1,0.14569181880198298
1895,i,satisfy,1,1,0.14569181880198298
1896,he,improvise,2,1,0.29138363760396596
1897,i,sail,1,1,0.14569181880198298
1898,i,rethink,1,1,0.14569181880198298
1899,i,restrict,1,1,0.14569181880198298
1900,i,restore,1,1,0.14569181880198298
1901,he,kiss,1,1,0.14569181880198298
1902,i,remain,1,1,0.14569181880198298
1903,i,release,1,1,0.14569181880198298
1904,i,relax,1,1,0.14569181880198298
1905,i,relate,1,1,0.14569181880198298
1906,i,reinvent,1,1,0.14569181880198298
1907,i,reheat,1,1,0.14569181880198298
1908,i,regress,1,1,0.14569181880198298
1909,he,launch,1,1,0.14569181880198298
1910,he,leap,1,1,0.14569181880198298
1911,i,reference,1,1,0.14569181880198298
1912,i,refer,1,1,0.14569181880198298
1913,i,rediscover,1,1,0.14569181880198298
1914,i,redesign,1,1,0.14569181880198298
1915,i,recruit,1,1,0.14569181880198298
1916,i,recreate,1,1,0.14569181880198298
1917,he,knock,1,1,0.14569181880198298
1918,i,render,2,1,0.29138363760396596
1919,i,restart,1,1,0.14569181880198298
1920,i,reopen,1,1,0.14569181880198298
1921,i,respond,1,1,0.14569181880198298
1922,i,respect,1,1,0.14569181880198298
1923,he,insert,1,1,0.14569181880198298
1924,he,inspire,1,1,0.14569181880198298
1925,i,rescale,1,1,0.14569181880198298
1926,he,instal,1,1,0.14569181880198298
1927,i,repurposed,1,1,0.14569181880198298
1928,i,reproduce,1,1,0.14569181880198298
1929,he,interpret,1,1,0.14569181880198298
1930,he,interview,1,1,0.14569181880198298
1931,i,reply,1,1,0.14569181880198298
1932,i,replay,1,1,0.14569181880198298
1933,i,replace,1,1,0.14569181880198298
1934,he,issue,2,1,0.29138363760396596
1935,i,repay,1,1,0.14569181880198298
1936,he,plan,1,1,0.14569181880198298
1937,he,plant,1,1,0.14569181880198298
1938,i,harass,1,1,0.14569181880198298
1939,he,resume,1,1,0.14569181880198298
1940,i,jack,1,1,0.14569181880198298
1941,i,itunes,1,1,0.14569181880198298
1942,i,investigate,1,1,0.14569181880198298
1943,i,invest,2,1,0.29138363760396596
1944,he,restart,1,1,0.14569181880198298
1945,he,restore,1,1,0.14569181880198298
1946,i,intrigue,1,1,0.14569181880198298
1947,i,interrupt,1,1,0.14569181880198298
1948,i,lecture,1,1,0.14569181880198298
1949,he,retake,1,1,0.14569181880198298
1950,i,integrate,1,1,0.14569181880198298
1951,i,instill,1,1,0.14569181880198298
1952,i,insert,1,1,0.14569181880198298
1953,i,input,1,1,0.14569181880198298
1954,i,inoculate,1,1,0.14569181880198298
1955,i,inject,1,1,0.14569181880198298
1956,i,jacques,1,1,0.14569181880198298
1957,he,rescue,1,1,0.14569181880198298
1958,i,joke,1,1,0.14569181880198298
1959,i,juggle,1,1,0.14569181880198298
1960,he,remove,2,1,0.29138363760396596
1961,he,rent,1,1,0.14569181880198298
1962,he,repaint,1,1,0.14569181880198298
1963,he,repair,1,1,0.14569181880198298
1964,i,labor,1,1,0.14569181880198298
1965,i,label,1,1,0.14569181880198298
1966,i,kvelling,1,1,0.14569181880198298
1967,he,reply,1,1,0.14569181880198298
1968,i,knit,1,1,0.14569181880198298
1969,i,knight,1,1,0.14569181880198298
1970,i,kiss,1,1,0.14569181880198298
1971,he,report,2,1,0.29138363760396596
1972,i,kid,1,1,0.14569181880198298
1973,i,kickstart,1,1,0.14569181880198298
1974,he,reprogramming,1,1,0.14569181880198298
1975,i,inherit,1,1,0.14569181880198298
1976,i,inform,1,1,0.14569181880198298
1977,he,rework,1,1,0.14569181880198298
1978,i,holler,1,1,0.14569181880198298
1979,i,hitch,1,1,0.14569181880198298
1980,he,scratch,1,1,0.14569181880198298
1981,he,scribble,1,1,0.14569181880198298
1982,i,hint,1,1,0.14569181880198298
1983,i,hike,1,1,0.14569181880198298
1984,he,scrub,1,1,0.14569181880198298
1985,he,seal,1,1,0.14569181880198298
1986,i,hem,1,1,0.14569181880198298
1987,he,seek,1,1,0.14569181880198298
1988,i,heart,1,1,0.14569181880198298
1989,he,shame,1,1,0.14569181880198298
1990,he,shape,1,1,0.14569181880198298
1991,he,shift,1,1,0.14569181880198298
1992,he,shove,1,1,0.14569181880198298
1993,i,hassle,1,1,0.14569181880198298
1994,he,scold,1,1,0.14569181880198298
1995,he,salivate,1,1,0.14569181880198298
1996,he,ring,1,1,0.14569181880198298
1997,i,hoover,1,1,0.14569181880198298
1998,he,risk,1,1,0.14569181880198298
1999,i,impersonate,1,1,0.14569181880198298
2000,i,impart,1,1,0.14569181880198298
2001,i,imitate,1,1,0.14569181880198298
2002,he,rob,1,1,0.14569181880198298
2003,he,rope,1,1,0.14569181880198298
2004,he,rotate,1,1,0.14569181880198298
2005,i,hypnotize,1,1,0.14569181880198298
2006,i,humble,1,1,0.14569181880198298
2007,i,hug,1,1,0.14569181880198298
2008,i,hound,1,1,0.14569181880198298
2009,i,host,1,1,0.14569181880198298
2010,i,hose,1,1,0.14569181880198298
2011,he,ruin,1,1,0.14569181880198298
2012,he,sacrifice,1,1,0.14569181880198298
2013,i,leaf,1,1,0.14569181880198298
2014,i,lessen,1,1,0.14569181880198298
2015,i,pace,1,1,0.14569181880198298
2016,he,prevent,1,1,0.14569181880198298
2017,i,oblige,1,1,0.14569181880198298
2018,i,number,1,1,0.14569181880198298
2019,he,predict,1,1,0.14569181880198298
2020,i,nominate,1,1,0.14569181880198298
2021,he,press,1,1,0.14569181880198298
2022,i,narrow,1,1,0.14569181880198298
2023,he,pretend,1,1,0.14569181880198298
2024,he,proceed,2,1,0.29138363760396596
2025,i,liberate,1,1,0.14569181880198298
2026,i,mow,1,1,0.14569181880198298
2027,he,produce,1,1,0.14569181880198298
2028,i,mourn,2,1,0.29138363760396596
2029,i,morph,1,1,0.14569181880198298
2030,i,model,1,1,0.14569181880198298
2031,i,mock,1,1,0.14569181880198298
2032,he,project,1,1,0.14569181880198298
2033,he,pray,1,1,0.14569181880198298
2034,i,obtain,1,1,0.14569181880198298
2035,he,practice,3,1,0.4370754564059489
2036,i,offset,1,1,0.14569181880198298
2037,he,pledge,1,1,0.14569181880198298
2038,he,plot,1,1,0.14569181880198298
2039,i,oversold,1,1,0.14569181880198298
2040,i,overrun,1,1,0.14569181880198298
2041,i,overpower,1,1,0.14569181880198298
2042,i,overcome,1,1,0.14569181880198298
2043,i,outlive,1,1,0.14569181880198298
2044,i,outline,1,1,0.14569181880198298
2045,i,outfit,1,1,0.14569181880198298
2046,he,possess,2,1,0.29138363760396596
2047,he,post,1,1,0.14569181880198298
2048,i,optimize,1,1,0.14569181880198298
2049,i,opt,1,1,0.14569181880198298
2050,i,oppose,1,1,0.14569181880198298
2051,i,operate,1,1,0.14569181880198298
2052,i,misunderstand,1,1,0.14569181880198298
2053,i,mistake,1,1,0.14569181880198298
2054,he,promise,1,1,0.14569181880198298
2055,he,recast,1,1,0.14569181880198298
2056,i,lump,1,1,0.14569181880198298
2057,i,lower,1,1,0.14569181880198298
2058,i,loop,1,1,0.14569181880198298
2059,he,recommend,1,1,0.14569181880198298
2060,he,rectify,1,1,0.14569181880198298
2061,i,loathe,1,1,0.14569181880198298
2062,i,load,1,1,0.14569181880198298
2063,he,redefine,1,1,0.14569181880198298
2064,he,redesign,1,1,0.14569181880198298
2065,he,refine,2,1,0.29138363760396596
2066,he,regulate,1,1,0.14569181880198298
2067,he,regurgitate,1,1,0.14569181880198298
2068,he,reinvent,1,1,0.14569181880198298
2069,i,lick,1,1,0.14569181880198298
2070,i,license,1,1,0.14569181880198298
2071,i,mail,1,1,0.14569181880198298
2072,he,recall,1,1,0.14569181880198298
2073,i,misinterpret,1,1,0.14569181880198298
2074,i,manufacture,1,1,0.14569181880198298
2075,i,metaprocrastinated,1,1,0.14569181880198298
2076,i,mesmerize,1,1,0.14569181880198298
2077,i,memorialize,1,1,0.14569181880198298
2078,i,melt,1,1,0.14569181880198298
2079,he,pump,1,1,0.14569181880198298
2080,he,puzzle,1,1,0.14569181880198298
2081,i,mature,1,1,0.14569181880198298
2082,he,radicalize,1,1,0.14569181880198298
2083,i,massage,1,1,0.14569181880198298
2084,i,mash,1,1,0.14569181880198298
2085,he,ratify,1,1,0.14569181880198298
2086,i,market,1,1,0.14569181880198298
2087,i,mark,1,1,0.14569181880198298
2088,i,maria,1,1,0.14569181880198298
2089,i,mar,1,1,0.14569181880198298
2090,i,glance,1,1,0.14569181880198298
