,speaker_gender,verb,term_freq,doc_freq,tfidf
0,man,have,1633,484,4374.826038950179
1,man,want,1310,451,2951.184575506915
2,man,go,1179,405,2137.922960032412
3,man,get,697,330,921.6355416226028
4,man,do,790,309,961.0523032262457
5,man,like,474,268,491.5126389220583
6,man,take,387,234,351.80673963884277
7,man,tell,409,230,366.068384673922
8,man,say,465,226,409.75593003399337
9,man,start,431,202,345.6047906854757
10,man,think,312,202,250.18258629667847
11,man,know,305,193,235.94635749059825
12,man,try,336,193,259.9277905470197
13,man,ask,251,180,184.23369969250828
14,man,make,320,178,232.96899432120458
15,man,put,273,174,195.51649976450477
16,man,see,288,174,206.2591645867303
17,man,use,260,167,180.88679452489743
18,man,give,257,166,178.05563343774932
19,man,find,241,160,162.817697225232
20,man,show,247,156,164.0649982560479
21,man,call,204,152,133.2047975846593
22,man,love,278,150,179.96770447913238
23,man,write,188,126,109.36113994783042
24,man,need,153,115,84.51055414678325
25,man,saw,151,101,77.8255690636565
26,man,learn,119,90,57.89212661059497
27,man,spend,115,89,55.64371126694148
28,man,mean,122,89,59.03071977884227
29,man,decide,117,85,55.379224651076086
30,man,meet,113,82,52.591464310798145
31,man,hear,91,69,39.2030090770358
32,man,look,85,69,36.61819529173674
33,man,remember,89,67,37.86163810980385
34,man,leave,75,67,31.905874811632454
35,man,come,80,66,33.816598597290145
36,man,begin,88,66,37.198258457019165
37,man,bring,88,65,36.959732367026625
38,man,read,79,63,32.74988561688864
39,man,build,85,62,35.00502930154502
40,man,turn,75,62,30.886790560186782
41,man,keep,68,57,27.066770599501908
42,man,believe,70,54,27.275849699570635
43,man,buy,57,46,20.90427112685543
44,man,realize,51,45,18.554263421260256
45,man,work,50,45,18.190454334568877
46,man,lose,56,43,20.04182459576243
47,man,play,55,40,19.18731306819341
48,man,understand,64,40,22.32705520662506
49,man,pick,48,38,16.45091558160627
50,man,study,45,38,15.42273335775588
51,man,create,46,35,15.333288200713117
52,man,feel,50,35,16.66661760947078
53,man,teach,45,34,14.856406064850978
54,man,run,38,34,12.54540956587416
55,man,pull,39,33,12.749892455674395
56,man,walk,39,32,12.62290751477735
57,man,watch,40,32,12.94657181002805
58,man,end,35,32,11.328250333774543
59,man,change,36,32,11.651914629025246
60,man,stop,34,32,11.004586038523842
61,man,felt,36,32,11.651914629025246
62,man,set,38,31,12.174142702256942
63,man,move,40,31,12.814887055007308
64,man,choose,36,30,11.413500136619593
65,man,send,41,30,12.99870848892787
66,man,talk,33,30,10.462375125234626
67,man,sit,32,29,10.037448900583408
68,man,explain,31,28,9.61791325058925
69,man,live,31,28,9.61791325058925
70,man,hope,29,27,8.897015441046728
71,man,add,30,26,9.098462596538445
72,man,design,36,26,10.918155115846133
73,man,mention,30,26,9.098462596538445
74,man,open,34,26,10.311590942743571
75,man,forget,31,26,9.401744683089726
76,man,invite,30,26,9.098462596538445
77,man,throw,29,25,8.691792166102553
78,man,draw,28,25,8.392075194857638
79,man,expect,31,25,9.291226108592385
80,man,describe,33,25,9.890660051082216
81,man,be,27,24,7.994544614040715
82,man,become,28,24,8.290638859005186
83,man,develop,34,24,10.06720432879201
84,man,hold,30,23,8.772282060204976
85,man,help,24,23,7.0178256481639805
86,man,speak,27,23,7.895053854184478
87,man,drive,25,23,7.310235050170813
88,man,let,23,23,6.725416246157148
89,man,suppose,25,22,7.216435010203209
90,man,share,30,22,8.65972201224385
91,man,figure,23,22,6.639120209386952
92,man,pay,27,22,7.793749811019465
93,man,imagine,29,22,8.371064611835722
94,man,wear,28,20,7.865997964053019
95,man,offer,24,20,6.742283969188302
96,man,join,20,19,5.538757868177147
97,man,thank,20,19,5.538757868177147
98,man,hate,22,19,6.092633654994862
99,man,eat,23,19,6.369571548403719
100,man,experience,21,19,5.815695761586005
101,man,receive,22,18,6.002752861510852
102,man,sell,22,18,6.002752861510852
103,man,notice,21,18,5.729900458714905
104,man,follow,21,18,5.729900458714905
105,man,raise,20,18,5.457048055918957
106,man,invent,22,18,6.002752861510852
107,man,finish,17,17,4.567260714664274
108,man,enjoy,17,17,4.567260714664274
109,man,happen,19,17,5.104585504624777
110,man,'s,18,17,4.835923109644526
111,man,miss,20,17,5.373247899605028
112,man,grow,17,17,4.567260714664274
113,man,grab,17,16,4.494063404876455
114,man,consider,17,16,4.494063404876455
115,man,discover,18,16,4.75842007575154
116,man,cut,20,16,5.287133417501712
117,man,manage,17,15,4.418675548028527
118,man,touch,21,15,5.458363912270533
119,man,close,17,15,4.418675548028527
120,man,encourage,21,15,5.458363912270533
121,man,save,17,15,4.418675548028527
122,man,shoot,18,15,4.678597639089029
123,man,catch,17,14,4.340832392931175
124,man,promise,16,14,4.085489310994047
125,man,hat,21,14,5.362204720679688
126,man,reach,15,14,3.8301462290569197
127,man,stand,15,14,3.8301462290569197
128,man,visit,16,14,4.085489310994047
129,man,wish,21,14,5.362204720679688
130,man,hit,16,14,4.085489310994047
131,man,approach,14,13,3.5084135841988697
132,man,appreciate,14,13,3.5084135841988697
133,man,wait,14,13,3.5084135841988697
134,man,blow,15,13,3.759014554498789
135,man,carry,14,13,3.5084135841988697
136,man,introduce,13,13,3.2578126138989507
137,man,remind,14,13,3.5084135841988697
138,man,hop,16,13,4.009615524798709
139,man,win,15,13,3.759014554498789
140,man,present,13,13,3.2578126138989507
141,man,plan,13,12,3.1937498868774075
142,man,answer,12,12,2.9480768186560686
143,man,cover,21,12,5.15913443264812
144,man,push,13,12,3.1937498868774075
145,man,place,14,12,3.4394229550987467
146,man,propose,16,12,3.930769091541425
147,man,stick,15,12,3.6850960233200856
148,man,break,12,12,2.9480768186560686
149,man,lead,15,12,3.6850960233200856
150,man,hire,17,11,4.0890335396623
151,man,enter,12,11,2.886376616232212
152,man,solve,14,11,3.3674393856042473
153,man,paint,12,10,2.8216891400895605
154,man,pass,12,10,2.8216891400895605
155,man,force,10,10,2.3514076167413007
156,man,accept,10,10,2.3514076167413007
157,man,seem,10,10,2.3514076167413007
158,man,fly,10,10,2.3514076167413007
159,man,recommend,10,10,2.3514076167413007
160,man,found,10,10,2.3514076167413007
161,man,allow,11,10,2.5865483784154306
162,man,challenge,10,10,2.3514076167413007
163,man,collect,11,9,2.524016988531131
164,man,intend,11,9,2.524016988531131
165,man,guess,9,9,2.0651048087981985
166,man,recognize,10,9,2.2945608986646646
167,man,kill,12,9,2.753473078397598
168,man,quote,9,9,2.0651048087981985
169,man,organize,9,9,2.0651048087981985
170,man,treat,10,9,2.2945608986646646
171,man,suggest,9,9,2.0651048087981985
172,man,gon,15,9,3.441841347996997
173,man,check,10,9,2.2945608986646646
174,man,witness,13,9,2.9829291682640644
175,man,convince,9,9,2.0651048087981985
176,man,inspire,8,8,1.787343900452935
177,man,apply,8,8,1.787343900452935
178,man,explore,8,8,1.787343900452935
179,man,point,8,8,1.787343900452935
180,man,die,8,8,1.787343900452935
181,man,marry,8,8,1.787343900452935
182,man,type,11,8,2.4575978631227855
183,man,test,8,8,1.787343900452935
184,man,fill,9,8,2.0107618880095517
185,man,film,8,8,1.787343900452935
186,man,prefer,8,8,1.787343900452935
187,man,argue,8,8,1.787343900452935
188,man,own,8,8,1.787343900452935
189,man,quit,11,8,2.4575978631227855
190,man,drop,12,8,2.6810158506794024
191,man,struggle,8,8,1.787343900452935
192,man,photograph,11,8,2.4575978631227855
193,man,guarantee,8,8,1.787343900452935
194,man,dig,9,8,2.0107618880095517
195,man,publish,8,8,1.787343900452935
196,man,continue,8,8,1.787343900452935
197,man,form,8,7,1.7355662070667304
198,man,record,9,7,1.9525119829500717
199,man,step,7,7,1.518620431183389
200,man,fell,7,7,1.518620431183389
201,man,graduate,9,7,1.9525119829500717
202,man,face,7,7,1.518620431183389
203,man,fire,7,7,1.518620431183389
204,man,travel,7,7,1.518620431183389
205,man,wake,10,7,2.169457758833413
206,man,order,7,7,1.518620431183389
207,man,mix,7,7,1.518620431183389
208,man,n't,7,7,1.518620431183389
209,man,climb,7,7,1.518620431183389
210,man,name,7,7,1.518620431183389
211,man,beat,8,7,1.7355662070667304
212,man,practice,9,7,1.9525119829500717
213,man,ignore,8,7,1.7355662070667304
214,man,repeat,9,7,1.9525119829500717
215,man,train,8,7,1.7355662070667304
216,man,care,8,7,1.7355662070667304
217,man,urge,7,6,1.4694776613185991
218,man,fight,7,6,1.4694776613185991
219,man,refuse,6,6,1.2595522811302278
220,man,wonder,6,6,1.2595522811302278
221,man,rotate,6,6,1.2595522811302278
222,man,forgive,7,6,1.4694776613185991
223,man,predict,6,6,1.2595522811302278
224,man,focus,6,6,1.2595522811302278
225,man,shift,6,6,1.2595522811302278
226,man,fascinate,6,6,1.2595522811302278
227,man,bet,6,6,1.2595522811302278
228,man,launch,6,6,1.2595522811302278
229,man,deliver,6,6,1.2595522811302278
230,man,research,6,6,1.2595522811302278
231,man,pop,6,6,1.2595522811302278
232,man,assure,6,6,1.2595522811302278
233,man,suffer,6,6,1.2595522811302278
234,man,lay,6,6,1.2595522811302278
235,man,roll,8,6,1.6794030415069705
236,man,translate,6,6,1.2595522811302278
237,man,tend,6,6,1.2595522811302278
238,man,interview,8,6,1.6794030415069705
239,man,cook,8,6,1.6794030415069705
240,man,shake,6,6,1.2595522811302278
241,man,jump,6,6,1.2595522811302278
242,man,count,6,6,1.2595522811302278
243,man,serve,7,6,1.4694776613185991
244,man,seek,5,5,1.0109344736233936
245,man,abandon,5,5,1.0109344736233936
246,man,bear,6,5,1.2131213683480724
247,man,post,6,5,1.2131213683480724
248,man,admire,6,5,1.2131213683480724
249,man,stay,5,5,1.0109344736233936
250,man,land,6,5,1.2131213683480724
251,man,click,6,5,1.2131213683480724
252,man,scream,5,5,1.0109344736233936
253,man,support,5,5,1.0109344736233936
254,man,control,6,5,1.2131213683480724
255,man,warn,5,5,1.0109344736233936
256,man,steal,7,5,1.4153082630727511
257,man,summon,5,5,1.0109344736233936
258,man,attempt,6,5,1.2131213683480724
259,man,release,5,5,1.0109344736233936
260,man,earn,5,5,1.0109344736233936
261,man,strike,5,5,1.0109344736233936
262,man,assemble,5,5,1.0109344736233936
263,man,phone,5,5,1.0109344736233936
264,man,download,6,5,1.2131213683480724
265,man,pitch,5,5,1.0109344736233936
266,man,expose,5,5,1.0109344736233936
267,man,fail,5,5,1.0109344736233936
268,man,return,5,5,1.0109344736233936
269,man,lift,7,5,1.4153082630727511
270,man,agree,5,5,1.0109344736233936
271,man,light,5,5,1.0109344736233936
272,man,trust,6,5,1.2131213683480724
273,man,view,5,5,1.0109344736233936
274,man,complete,5,5,1.0109344736233936
275,man,ride,6,5,1.2131213683480724
276,man,press,6,5,1.2131213683480724
277,man,sleep,5,5,1.0109344736233936
278,man,prove,5,5,1.0109344736233936
279,man,measure,8,5,1.61749515779743
280,man,involve,5,5,1.0109344736233936
281,man,blame,5,5,1.0109344736233936
282,man,capture,7,5,1.4153082630727511
283,man,perform,5,4,0.9672933864338102
284,man,reject,4,4,0.7738347091470481
285,man,drag,5,4,0.9672933864338102
286,man,dream,4,4,0.7738347091470481
287,man,persuade,4,4,0.7738347091470481
288,man,scan,4,4,0.7738347091470481
289,man,produce,5,4,0.9672933864338102
290,man,fund,4,4,0.7738347091470481
291,man,doubt,4,4,0.7738347091470481
292,man,knock,5,4,0.9672933864338102
293,man,plant,6,4,1.1607520637205722
294,man,sneak,4,4,0.7738347091470481
295,man,flip,5,4,0.9672933864338102
296,man,hand,6,4,1.1607520637205722
297,man,gather,5,4,0.9672933864338102
298,man,kick,4,4,0.7738347091470481
299,man,rent,4,4,0.7738347091470481
300,man,request,4,4,0.7738347091470481
301,man,sort,4,4,0.7738347091470481
302,man,not,4,4,0.7738347091470481
303,man,list,4,4,0.7738347091470481
304,man,sing,5,4,0.9672933864338102
305,man,divide,4,4,0.7738347091470481
306,man,pose,4,4,0.7738347091470481
307,man,impose,4,4,0.7738347091470481
308,man,escape,4,4,0.7738347091470481
309,man,reveal,4,4,0.7738347091470481
310,man,smile,4,4,0.7738347091470481
311,man,recall,4,4,0.7738347091470481
312,man,claim,4,4,0.7738347091470481
313,man,define,4,4,0.7738347091470481
314,man,track,4,4,0.7738347091470481
315,man,weigh,4,4,0.7738347091470481
316,man,combine,4,4,0.7738347091470481
317,man,connect,4,4,0.7738347091470481
318,man,attend,4,4,0.7738347091470481
319,man,wave,4,4,0.7738347091470481
320,man,avoid,4,4,0.7738347091470481
321,man,back,4,4,0.7738347091470481
322,man,adore,5,4,0.9672933864338102
323,man,bang,5,4,0.9672933864338102
324,man,surround,4,4,0.7738347091470481
325,man,destroy,4,4,0.7738347091470481
326,man,tap,5,4,0.9672933864338102
327,man,afford,5,4,0.9672933864338102
328,man,breathe,4,4,0.7738347091470481
329,man,deal,5,4,0.9672933864338102
330,man,suspect,5,4,0.9672933864338102
331,man,pray,3,3,0.5497783418839671
332,man,consume,3,3,0.5497783418839671
333,man,shut,3,3,0.5497783418839671
334,man,construct,3,3,0.5497783418839671
335,man,tilt,4,3,0.7330377891786228
336,man,presume,3,3,0.5497783418839671
337,man,conduct,3,3,0.5497783418839671
338,man,sign,3,3,0.5497783418839671
339,man,head,3,3,0.5497783418839671
340,man,highlight,3,3,0.5497783418839671
341,man,switch,3,3,0.5497783418839671
342,man,conceive,3,3,0.5497783418839671
343,man,spare,3,3,0.5497783418839671
344,man,honor,3,3,0.5497783418839671
345,man,contact,3,3,0.5497783418839671
346,man,simplify,3,3,0.5497783418839671
347,man,fix,3,3,0.5497783418839671
348,man,gain,3,3,0.5497783418839671
349,man,tempt,3,3,0.5497783418839671
350,man,pour,3,3,0.5497783418839671
351,man,fold,3,3,0.5497783418839671
352,man,criticize,3,3,0.5497783418839671
353,man,slow,3,3,0.5497783418839671
354,man,analyze,3,3,0.5497783418839671
355,man,wind,4,3,0.7330377891786228
356,man,taste,3,3,0.5497783418839671
357,man,hook,3,3,0.5497783418839671
358,man,regret,3,3,0.5497783418839671
359,man,appeal,4,3,0.7330377891786228
360,man,regard,3,3,0.5497783418839671
361,man,date,4,3,0.7330377891786228
362,man,whip,3,3,0.5497783418839671
363,man,announce,3,3,0.5497783418839671
364,man,trade,3,3,0.5497783418839671
365,man,trace,3,3,0.5497783418839671
366,man,bother,3,3,0.5497783418839671
367,man,value,3,3,0.5497783418839671
368,man,listen,3,3,0.5497783418839671
369,man,resemble,3,3,0.5497783418839671
370,man,lock,3,3,0.5497783418839671
371,man,beg,4,3,0.7330377891786228
372,man,browse,3,3,0.5497783418839671
373,man,nail,3,3,0.5497783418839671
374,man,lower,3,3,0.5497783418839671
375,man,borrow,3,3,0.5497783418839671
376,man,reinvent,3,3,0.5497783418839671
377,man,manipulate,3,3,0.5497783418839671
378,man,ring,4,3,0.7330377891786228
379,man,mark,3,3,0.5497783418839671
380,man,master,3,3,0.5497783418839671
381,man,multiply,3,3,0.5497783418839671
382,man,bless,3,3,0.5497783418839671
383,man,respond,3,3,0.5497783418839671
384,man,mind,3,3,0.5497783418839671
385,man,wander,3,3,0.5497783418839671
386,man,burn,3,3,0.5497783418839671
387,man,observe,4,3,0.7330377891786228
388,man,lean,3,3,0.5497783418839671
389,man,affect,4,3,0.7330377891786228
390,man,hurt,3,3,0.5497783418839671
391,man,illustrate,3,3,0.5497783418839671
392,man,paste,6,3,1.0995566837679343
393,man,attack,3,3,0.5497783418839671
394,man,include,5,3,0.9162972364732785
395,man,incorporate,3,3,0.5497783418839671
396,man,remove,4,3,0.7330377891786228
397,man,influence,3,3,0.5497783418839671
398,man,pan,3,3,0.5497783418839671
399,man,weave,3,3,0.5497783418839671
400,man,instal,5,3,0.9162972364732785
401,man,overhear,3,3,0.5497783418839671
402,man,waste,3,3,0.5497783418839671
403,man,chase,3,3,0.5497783418839671
404,man,cease,3,3,0.5497783418839671
405,man,cast,3,3,0.5497783418839671
406,man,swim,3,3,0.5497783418839671
407,man,hang,3,3,0.5497783418839671
408,man,spin,3,3,0.5497783418839671
409,man,embrace,4,3,0.7330377891786228
410,man,email,6,3,1.0995566837679343
411,man,dip,3,3,0.5497783418839671
412,man,provide,3,3,0.5497783418839671
413,man,recite,3,3,0.5497783418839671
414,man,drown,3,3,0.5497783418839671
415,man,punch,3,3,0.5497783418839671
416,man,envision,3,3,0.5497783418839671
417,man,project,3,3,0.5497783418839671
418,man,dedicate,3,3,0.5497783418839671
419,man,spread,4,3,0.7330377891786228
420,man,distract,3,3,0.5497783418839671
421,man,achieve,3,3,0.5497783418839671
422,man,adopt,3,3,0.5497783418839671
423,man,speed,3,3,0.5497783418839671
424,man,split,8,3,1.4660755783572457
425,man,admit,4,3,0.7330377891786228
426,man,fear,3,3,0.5497783418839671
427,man,accomplish,3,3,0.5497783418839671
428,man,sue,3,3,0.5497783418839671
429,man,edit,3,3,0.5497783418839671
430,man,strive,4,3,0.7330377891786228
431,man,drink,6,3,1.0995566837679343
432,man,donate,3,3,0.5497783418839671
433,man,fetch,3,2,0.5117524189287219
434,man,chew,2,2,0.3411682792858146
435,man,schedule,2,2,0.3411682792858146
436,man,scatter,2,2,0.3411682792858146
437,man,scare,2,2,0.3411682792858146
438,man,tuck,2,2,0.3411682792858146
439,man,cherish,2,2,0.3411682792858146
440,man,juxtapose,2,2,0.3411682792858146
441,man,report,2,2,0.3411682792858146
442,man,disable,3,2,0.5117524189287219
443,man,charge,2,2,0.3411682792858146
444,man,represent,4,2,0.6823365585716292
445,man,channel,2,2,0.3411682792858146
446,man,issue,3,2,0.5117524189287219
447,man,interpret,2,2,0.3411682792858146
448,man,reply,2,2,0.3411682792858146
449,man,inflate,3,2,0.5117524189287219
450,man,select,2,2,0.3411682792858146
451,man,cofounded,2,2,0.3411682792858146
452,man,emphasize,2,2,0.3411682792858146
453,man,co,2,2,0.3411682792858146
454,man,swear,2,2,0.3411682792858146
455,man,improvise,3,2,0.5117524189287219
456,man,paralyze,2,2,0.3411682792858146
457,man,sum,2,2,0.3411682792858146
458,man,secure,2,2,0.3411682792858146
459,man,din,2,2,0.3411682792858146
460,man,circle,3,2,0.5117524189287219
461,man,seal,2,2,0.3411682792858146
462,man,inject,2,2,0.3411682792858146
463,man,pair,2,2,0.3411682792858146
464,man,eliminate,2,2,0.3411682792858146
465,man,instruct,2,2,0.3411682792858146
466,man,educate,2,2,0.3411682792858146
467,man,clear,2,2,0.3411682792858146
468,man,award,2,2,0.3411682792858146
469,man,overpower,2,2,0.3411682792858146
470,man,kiss,2,2,0.3411682792858146
471,man,stretch,2,2,0.3411682792858146
472,man,knight,2,2,0.3411682792858146
473,man,document,2,2,0.3411682792858146
474,man,belong,2,2,0.3411682792858146
475,man,risk,2,2,0.3411682792858146
476,man,yield,2,2,0.3411682792858146
477,man,manufacture,2,2,0.3411682792858146
478,man,murder,2,2,0.3411682792858146
479,man,march,2,2,0.3411682792858146
480,man,submit,3,2,0.5117524189287219
481,man,bore,2,2,0.3411682792858146
482,man,book,2,2,0.3411682792858146
483,man,match,2,2,0.3411682792858146
484,man,abuse,2,2,0.3411682792858146
485,man,block,2,2,0.3411682792858146
486,man,memorize,2,2,0.3411682792858146
487,man,mount,2,2,0.3411682792858146
488,man,motivate,2,2,0.3411682792858146
489,man,dive,2,2,0.3411682792858146
490,man,volunteer,2,2,0.3411682792858146
491,man,milk,2,2,0.3411682792858146
492,man,bite,2,2,0.3411682792858146
493,man,restore,2,2,0.3411682792858146
494,man,yell,2,2,0.3411682792858146
495,man,discount,2,2,0.3411682792858146
496,man,race,2,2,0.3411682792858146
497,man,calculate,2,2,0.3411682792858146
498,man,update,2,2,0.3411682792858146
499,man,catalog,2,2,0.3411682792858146
500,man,accumulate,2,2,0.3411682792858146
501,man,salute,2,2,0.3411682792858146
502,man,devote,2,2,0.3411682792858146
503,man,require,2,2,0.3411682792858146
504,man,obtain,2,2,0.3411682792858146
505,man,campaign,2,2,0.3411682792858146
506,man,disappear,2,2,0.3411682792858146
507,man,utilize,2,2,0.3411682792858146
508,man,dress,2,2,0.3411682792858146
509,man,warm,2,2,0.3411682792858146
510,man,wanna,2,2,0.3411682792858146
511,man,line,2,2,0.3411682792858146
512,man,navigate,2,2,0.3411682792858146
513,man,drill,2,2,0.3411682792858146
514,man,ruin,2,2,0.3411682792858146
515,man,round,2,2,0.3411682792858146
516,man,narrate,2,2,0.3411682792858146
517,man,bruise,2,2,0.3411682792858146
518,man,pursue,2,2,0.3411682792858146
519,man,improve,2,2,0.3411682792858146
520,man,encounter,2,2,0.3411682792858146
521,man,postulate,2,2,0.3411682792858146
522,man,slip,2,2,0.3411682792858146
523,man,slice,2,2,0.3411682792858146
524,man,wipe,2,2,0.3411682792858146
525,man,register,2,2,0.3411682792858146
526,man,delight,2,2,0.3411682792858146
527,man,slam,2,2,0.3411682792858146
528,man,crack,2,2,0.3411682792858146
529,man,generate,2,2,0.3411682792858146
530,man,text,3,2,0.5117524189287219
531,man,expand,2,2,0.3411682792858146
532,man,plug,2,2,0.3411682792858146
533,man,plot,2,2,0.3411682792858146
534,man,cool,2,2,0.3411682792858146
535,man,threaten,2,2,0.3411682792858146
536,man,identify,2,2,0.3411682792858146
537,man,sink,2,2,0.3411682792858146
538,man,grasp,2,2,0.3411682792858146
539,man,contain,2,2,0.3411682792858146
540,man,pronounce,2,2,0.3411682792858146
541,man,protect,2,2,0.3411682792858146
542,man,surf,2,2,0.3411682792858146
543,man,explode,2,2,0.3411682792858146
544,man,free,3,2,0.5117524189287219
545,man,arrange,4,2,0.6823365585716292
546,man,alter,2,2,0.3411682792858146
547,man,prime,3,2,0.5117524189287219
548,man,pretend,2,2,0.3411682792858146
549,man,debate,2,2,0.3411682792858146
550,man,print,2,2,0.3411682792858146
551,man,fit,2,2,0.3411682792858146
552,man,survive,2,2,0.3411682792858146
553,man,aim,2,2,0.3411682792858146
554,man,prepare,2,2,0.3411682792858146
555,man,dare,2,2,0.3411682792858146
556,man,dance,2,2,0.3411682792858146
557,man,rebuild,2,2,0.3411682792858146
558,man,preach,3,2,0.5117524189287219
559,man,defend,2,2,0.3411682792858146
560,man,extract,2,2,0.3411682792858146
561,man,team,2,2,0.3411682792858146
562,man,snap,2,2,0.3411682792858146
563,man,tear,2,2,0.3411682792858146
564,man,cruise,2,2,0.3411682792858146
565,man,smuggle,2,2,0.3411682792858146
566,man,cross,2,2,0.3411682792858146
567,man,extend,2,2,0.3411682792858146
568,man,squint,2,2,0.3411682792858146
569,man,contemplate,2,2,0.3411682792858146
570,man,pump,2,2,0.3411682792858146
571,man,hide,2,2,0.3411682792858146
572,man,worship,2,2,0.3411682792858146
573,man,hesitate,2,2,0.3411682792858146
574,man,endorse,3,2,0.5117524189287219
575,man,redesign,2,2,0.3411682792858146
576,man,peel,2,2,0.3411682792858146
577,man,desire,2,2,0.3411682792858146
578,man,demonstrate,5,2,0.8529206982145364
579,man,assign,2,2,0.3411682792858146
580,man,compare,2,2,0.3411682792858146
581,man,heat,3,2,0.5117524189287219
582,man,deny,2,2,0.3411682792858146
583,man,arrest,2,2,0.3411682792858146
584,man,assume,2,2,0.3411682792858146
585,man,tour,2,2,0.3411682792858146
586,man,patent,2,2,0.3411682792858146
587,man,pile,2,2,0.3411682792858146
588,man,devise,2,2,0.3411682792858146
589,man,supply,2,2,0.3411682792858146
590,man,congratulate,2,2,0.3411682792858146
591,man,complain,2,2,0.3411682792858146
592,man,assault,3,2,0.5117524189287219
593,man,pinch,2,2,0.3411682792858146
594,man,relax,2,2,0.3411682792858146
595,man,stab,3,2,0.5117524189287219
596,man,wreck,1,1,0.15254699576300085
597,man,recover,1,1,0.15254699576300085
598,man,wed,1,1,0.15254699576300085
599,man,recharge,1,1,0.15254699576300085
600,man,wire,1,1,0.15254699576300085
601,man,worry,1,1,0.15254699576300085
602,man,zip,1,1,0.15254699576300085
603,man,resent,1,1,0.15254699576300085
604,man,withdraw,1,1,0.15254699576300085
605,man,resist,1,1,0.15254699576300085
606,man,refine,2,1,0.3050939915260017
607,man,wag,1,1,0.15254699576300085
608,man,respect,1,1,0.15254699576300085
609,man,relate,1,1,0.15254699576300085
610,man,restart,1,1,0.15254699576300085
611,man,wrap,1,1,0.15254699576300085
612,man,regain,1,1,0.15254699576300085
613,man,recast,1,1,0.15254699576300085
614,man,weed,1,1,0.15254699576300085
615,man,zoom,1,1,0.15254699576300085
616,man,repaint,1,1,0.15254699576300085
617,man,render,2,1,0.3050939915260017
618,man,reinterpret,1,1,0.15254699576300085
619,man,reproduce,1,1,0.15254699576300085
620,man,rethink,1,1,0.15254699576300085
621,man,reprogramming,1,1,0.15254699576300085
622,man,repurposed,1,1,0.15254699576300085
623,man,wash,1,1,0.15254699576300085
624,man,regrew,1,1,0.15254699576300085
625,man,warrant,1,1,0.15254699576300085
626,man,regulate,1,1,0.15254699576300085
627,man,wrestle,1,1,0.15254699576300085
628,man,rediscover,1,1,0.15254699576300085
629,man,whisper,1,1,0.15254699576300085
630,man,wet,1,1,0.15254699576300085
631,man,replay,1,1,0.15254699576300085
632,man,rescale,1,1,0.15254699576300085
633,man,warp,1,1,0.15254699576300085
634,man,weld,1,1,0.15254699576300085
635,man,rescue,1,1,0.15254699576300085
636,man,reduce,1,1,0.15254699576300085
637,man,regurgitate,1,1,0.15254699576300085
638,man,regress,1,1,0.15254699576300085
639,man,replace,1,1,0.15254699576300085
640,man,xerox,1,1,0.15254699576300085
641,man,reference,1,1,0.15254699576300085
642,man,repay,1,1,0.15254699576300085
643,man,reheat,1,1,0.15254699576300085
644,man,whiled,1,1,0.15254699576300085
645,man,word,1,1,0.15254699576300085
646,man,retake,1,1,0.15254699576300085
647,man,stylize,1,1,0.15254699576300085
648,man,wad,1,1,0.15254699576300085
649,man,toast,1,1,0.15254699576300085
650,man,smite,1,1,0.15254699576300085
651,man,smoke,1,1,0.15254699576300085
652,man,sober,1,1,0.15254699576300085
653,man,solicit,1,1,0.15254699576300085
654,man,target,1,1,0.15254699576300085
655,man,solidify,1,1,0.15254699576300085
656,man,tackle,1,1,0.15254699576300085
657,man,sophiline,1,1,0.15254699576300085
658,man,sound,1,1,0.15254699576300085
659,man,source,1,1,0.15254699576300085
660,man,tack,1,1,0.15254699576300085
661,man,sow,1,1,0.15254699576300085
662,man,synthesize,1,1,0.15254699576300085
663,man,sweat,1,1,0.15254699576300085
664,man,swap,1,1,0.15254699576300085
665,man,smell,1,1,0.15254699576300085
666,man,terrorize,1,1,0.15254699576300085
667,man,testify,1,1,0.15254699576300085
668,man,theorize,1,1,0.15254699576300085
669,man,tint,1,1,0.15254699576300085
670,man,shiver,1,1,0.15254699576300085
671,man,shove,1,1,0.15254699576300085
672,man,shrug,1,1,0.15254699576300085
673,man,tighten,1,1,0.15254699576300085
674,man,sip,1,1,0.15254699576300085
675,man,texts,1,1,0.15254699576300085
676,man,slap,1,1,0.15254699576300085
677,man,ski,3,1,0.4576409872890026
678,man,skin,1,1,0.15254699576300085
679,man,skip,1,1,0.15254699576300085
680,man,texted,2,1,0.3050939915260017
681,man,skype,1,1,0.15254699576300085
682,man,slag,1,1,0.15254699576300085
683,man,suspend,1,1,0.15254699576300085
684,man,spell,1,1,0.15254699576300085
685,man,spoil,1,1,0.15254699576300085
686,man,suck,1,1,0.15254699576300085
687,man,strain,1,1,0.15254699576300085
688,man,strangle,1,1,0.15254699576300085
689,man,strap,1,1,0.15254699576300085
690,man,stream,1,1,0.15254699576300085
691,man,street,1,1,0.15254699576300085
692,man,suffice,1,1,0.15254699576300085
693,man,stroke,3,1,0.4576409872890026
694,man,stir,1,1,0.15254699576300085
695,man,succeed,1,1,0.15254699576300085
696,man,substitute,1,1,0.15254699576300085
697,man,subscribe,1,1,0.15254699576300085
698,man,submerge,1,1,0.15254699576300085
699,man,subject,1,1,0.15254699576300085
700,man,stuff,1,1,0.15254699576300085
701,man,store,1,1,0.15254699576300085
702,man,supervise,1,1,0.15254699576300085
703,man,surrender,1,1,0.15254699576300085
704,man,squeeze,1,1,0.15254699576300085
705,man,surprise,1,1,0.15254699576300085
706,man,sprain,1,1,0.15254699576300085
707,man,spy,1,1,0.15254699576300085
708,man,squander,1,1,0.15254699576300085
709,man,square,1,1,0.15254699576300085
710,man,squash,1,1,0.15254699576300085
711,man,squirt,1,1,0.15254699576300085
712,man,steer,1,1,0.15254699576300085
713,man,stabilize,1,1,0.15254699576300085
714,man,stack,1,1,0.15254699576300085
715,man,stalk,1,1,0.15254699576300085
716,man,star,1,1,0.15254699576300085
717,man,state,1,1,0.15254699576300085
718,man,supplement,1,1,0.15254699576300085
719,man,title,1,1,0.15254699576300085
720,man,torture,1,1,0.15254699576300085
721,man,retrieve,1,1,0.15254699576300085
722,man,toss,2,1,0.3050939915260017
723,man,vacuum,1,1,0.15254699576300085
724,man,utter,1,1,0.15254699576300085
725,man,rush,1,1,0.15254699576300085
726,man,sacrifice,1,1,0.15254699576300085
727,man,sail,1,1,0.15254699576300085
728,man,salivate,1,1,0.15254699576300085
729,man,urinate,1,1,0.15254699576300085
730,man,upset,1,1,0.15254699576300085
731,man,upload,1,1,0.15254699576300085
732,man,sample,1,1,0.15254699576300085
733,man,unscrew,1,1,0.15254699576300085
734,man,unlock,1,1,0.15254699576300085
735,man,unfold,1,1,0.15254699576300085
736,man,uncover,1,1,0.15254699576300085
737,man,scale,1,1,0.15254699576300085
738,man,rummage,1,1,0.15254699576300085
739,man,vary,2,1,0.3050939915260017
740,man,rule,1,1,0.15254699576300085
741,man,rewrite,1,1,0.15254699576300085
742,man,vomit,1,1,0.15254699576300085
743,man,revere,1,1,0.15254699576300085
744,man,reverse,1,1,0.15254699576300085
745,man,rewind,1,1,0.15254699576300085
746,man,visualize,1,1,0.15254699576300085
747,man,rework,1,1,0.15254699576300085
748,man,violate,1,1,0.15254699576300085
749,man,verify,1,1,0.15254699576300085
750,man,rid,1,1,0.15254699576300085
751,man,rig,1,1,0.15254699576300085
752,man,rip,1,1,0.15254699576300085
753,man,rob,1,1,0.15254699576300085
754,man,videotape,2,1,0.3050939915260017
755,man,rope,1,1,0.15254699576300085
756,man,tutor,1,1,0.15254699576300085
757,man,scold,1,1,0.15254699576300085
758,man,score,1,1,0.15254699576300085
759,man,sequence,1,1,0.15254699576300085
760,man,seize,1,1,0.15254699576300085
761,man,transmit,2,1,0.3050939915260017
762,man,transgress,1,1,0.15254699576300085
763,man,transform,1,1,0.15254699576300085
764,man,sense,1,1,0.15254699576300085
765,man,separate,1,1,0.15254699576300085
766,man,transfer,1,1,0.15254699576300085
767,man,trap,1,1,0.15254699576300085
768,man,sew,1,1,0.15254699576300085
769,man,shape,1,1,0.15254699576300085
770,man,tow,1,1,0.15254699576300085
771,man,shazam,1,1,0.15254699576300085
772,man,shed,1,1,0.15254699576300085
773,man,shelve,1,1,0.15254699576300085
774,man,transport,1,1,0.15254699576300085
775,man,seduce,1,1,0.15254699576300085
776,man,troll,1,1,0.15254699576300085
777,man,screenshotted,1,1,0.15254699576300085
778,man,scour,1,1,0.15254699576300085
779,man,triple,3,1,0.4576409872890026
780,man,scramble,1,1,0.15254699576300085
781,man,stumble,1,1,0.15254699576300085
782,man,trigger,1,1,0.15254699576300085
783,man,screen,1,1,0.15254699576300085
784,man,scribble,1,1,0.15254699576300085
785,man,secrete,1,1,0.15254699576300085
786,man,traverse,1,1,0.15254699576300085
787,man,scrub,1,1,0.15254699576300085
788,man,sculpt,1,1,0.15254699576300085
789,man,scurry,1,1,0.15254699576300085
790,man,search,1,1,0.15254699576300085
791,man,secret,1,1,0.15254699576300085
792,man,'d,1,1,0.15254699576300085
793,man,leap,1,1,0.15254699576300085
794,man,reassure,1,1,0.15254699576300085
795,man,debunk,1,1,0.15254699576300085
796,man,cue,1,1,0.15254699576300085
797,man,cultivate,1,1,0.15254699576300085
798,man,cup,1,1,0.15254699576300085
799,man,cure,1,1,0.15254699576300085
800,man,curl,1,1,0.15254699576300085
801,man,curse,1,1,0.15254699576300085
802,man,cuss,1,1,0.15254699576300085
803,man,dandle,1,1,0.15254699576300085
804,man,daunt,1,1,0.15254699576300085
805,man,deceive,1,1,0.15254699576300085
806,man,crown,1,1,0.15254699576300085
807,man,declare,1,1,0.15254699576300085
808,man,decline,1,1,0.15254699576300085
809,man,decode,1,1,0.15254699576300085
810,man,deconstruct,1,1,0.15254699576300085
811,man,decorate,1,1,0.15254699576300085
812,man,decrease,1,1,0.15254699576300085
813,man,decry,1,1,0.15254699576300085
814,man,deflate,1,1,0.15254699576300085
815,man,degrade,1,1,0.15254699576300085
816,man,crunch,2,1,0.3050939915260017
817,man,crop,1,1,0.15254699576300085
818,man,democratize,1,1,0.15254699576300085
819,man,contract,1,1,0.15254699576300085
820,man,compress,2,1,0.3050939915260017
821,man,con,1,1,0.15254699576300085
822,man,concentrate,1,1,0.15254699576300085
823,man,conclude,2,1,0.3050939915260017
824,man,condemn,1,1,0.15254699576300085
825,man,confound,1,1,0.15254699576300085
826,man,confront,1,1,0.15254699576300085
827,man,console,1,1,0.15254699576300085
828,man,consult,1,1,0.15254699576300085
829,man,contradict,1,1,0.15254699576300085
830,man,cringe,1,1,0.15254699576300085
831,man,convert,2,1,0.3050939915260017
832,man,convict,1,1,0.15254699576300085
833,man,coordinate,1,1,0.15254699576300085
834,man,copy,1,1,0.15254699576300085
835,man,corrupt,1,1,0.15254699576300085
836,man,cough,1,1,0.15254699576300085
837,man,cram,1,1,0.15254699576300085
838,man,crash,1,1,0.15254699576300085
839,man,crave,1,1,0.15254699576300085
840,man,demand,1,1,0.15254699576300085
841,man,deride,1,1,0.15254699576300085
842,man,equal,2,1,0.3050939915260017
843,man,emit,1,1,0.15254699576300085
844,man,dump,1,1,0.15254699576300085
845,man,dunk,1,1,0.15254699576300085
846,man,duplicate,1,1,0.15254699576300085
847,man,dwell,1,1,0.15254699576300085
848,man,echo,1,1,0.15254699576300085
849,man,elect,1,1,0.15254699576300085
850,man,emanate,1,1,0.15254699576300085
851,man,embark,1,1,0.15254699576300085
852,man,embed,1,1,0.15254699576300085
853,man,emulate,1,1,0.15254699576300085
854,man,drift,1,1,0.15254699576300085
855,man,enchant,1,1,0.15254699576300085
856,man,encode,1,1,0.15254699576300085
857,man,engage,1,1,0.15254699576300085
858,man,engineer,1,1,0.15254699576300085
859,man,enlighten,1,1,0.15254699576300085
860,man,enlist,1,1,0.15254699576300085
861,man,enrol,1,1,0.15254699576300085
862,man,entertain,1,1,0.15254699576300085
863,man,entitle,1,1,0.15254699576300085
864,man,dry,1,1,0.15254699576300085
865,man,drain,1,1,0.15254699576300085
866,man,detail,1,1,0.15254699576300085
867,man,discourage,1,1,0.15254699576300085
868,man,determine,1,1,0.15254699576300085
869,man,devastate,1,1,0.15254699576300085
870,man,dial,4,1,0.6101879830520034
871,man,dice,1,1,0.15254699576300085
872,man,dictate,1,1,0.15254699576300085
873,man,discard,1,1,0.15254699576300085
874,man,discharge,1,1,0.15254699576300085
875,man,discipline,1,1,0.15254699576300085
876,man,disclose,1,1,0.15254699576300085
877,man,discuss,1,1,0.15254699576300085
878,man,domesticate,1,1,0.15254699576300085
879,man,dislike,1,1,0.15254699576300085
880,man,dismantle,1,1,0.15254699576300085
881,man,disobey,1,1,0.15254699576300085
882,man,display,1,1,0.15254699576300085
883,man,distil,1,1,0.15254699576300085
884,man,distribute,1,1,0.15254699576300085
885,man,disturb,1,1,0.15254699576300085
886,man,ditch,1,1,0.15254699576300085
887,man,doled,1,1,0.15254699576300085
888,man,compose,1,1,0.15254699576300085
889,man,compile,1,1,0.15254699576300085
890,man,compel,1,1,0.15254699576300085
891,man,backpack,1,1,0.15254699576300085
892,man,arrive,1,1,0.15254699576300085
893,man,ascribe,1,1,0.15254699576300085
894,man,aspire,1,1,0.15254699576300085
895,man,attach,2,1,0.3050939915260017
896,man,attribute,1,1,0.15254699576300085
897,man,audit,1,1,0.15254699576300085
898,man,automate,1,1,0.15254699576300085
899,man,average,1,1,0.15254699576300085
900,man,await,1,1,0.15254699576300085
901,man,badmouth,1,1,0.15254699576300085
902,man,appropriate,1,1,0.15254699576300085
903,man,balance,1,1,0.15254699576300085
904,man,banish,1,1,0.15254699576300085
905,man,bat,1,1,0.15254699576300085
906,man,batter,1,1,0.15254699576300085
907,man,bawl,1,1,0.15254699576300085
908,man,beautify,1,1,0.15254699576300085
909,man,befriend,1,1,0.15254699576300085
910,man,bend,1,1,0.15254699576300085
911,man,bequeath,1,1,0.15254699576300085
912,man,arraign,1,1,0.15254699576300085
913,man,applaud,1,1,0.15254699576300085
914,man,communicate,1,1,0.15254699576300085
915,man,adjust,1,1,0.15254699576300085
916,man,abide,1,1,0.15254699576300085
917,man,absolve,1,1,0.15254699576300085
918,man,absorb,1,1,0.15254699576300085
919,man,abstract,1,1,0.15254699576300085
920,man,accompany,1,1,0.15254699576300085
921,man,account,1,1,0.15254699576300085
922,man,accuse,1,1,0.15254699576300085
923,man,acknowledge,2,1,0.3050939915260017
924,man,acquire,1,1,0.15254699576300085
925,man,admonish,1,1,0.15254699576300085
926,man,appear,1,1,0.15254699576300085
927,man,advertise,1,1,0.15254699576300085
928,man,advise,1,1,0.15254699576300085
929,man,age,2,1,0.3050939915260017
930,man,agonize,1,1,0.15254699576300085
931,man,alienate,1,1,0.15254699576300085
932,man,allege,1,1,0.15254699576300085
933,man,allude,1,1,0.15254699576300085
934,man,amplify,1,1,0.15254699576300085
935,man,animate,1,1,0.15254699576300085
936,man,bestraddled,1,1,0.15254699576300085
937,man,bewail,1,1,0.15254699576300085
938,man,bid,1,1,0.15254699576300085
939,man,clean,1,1,0.15254699576300085
940,man,characterize,1,1,0.15254699576300085
941,man,cheat,2,1,0.3050939915260017
942,man,checkerboard,1,1,0.15254699576300085
943,man,chill,1,1,0.15254699576300085
944,man,choke,1,1,0.15254699576300085
945,man,chop,1,1,0.15254699576300085
946,man,christmas,1,1,0.15254699576300085
947,man,circulate,1,1,0.15254699576300085
948,man,classify,1,1,0.15254699576300085
949,man,clip,1,1,0.15254699576300085
950,man,bind,1,1,0.15254699576300085
951,man,coach,1,1,0.15254699576300085
952,man,cobble,1,1,0.15254699576300085
953,man,cod,1,1,0.15254699576300085
954,man,coin,2,1,0.3050939915260017
955,man,color,1,1,0.15254699576300085
956,man,command,1,1,0.15254699576300085
957,man,comment,1,1,0.15254699576300085
958,man,commission,1,1,0.15254699576300085
959,man,commit,1,1,0.15254699576300085
960,man,chair,1,1,0.15254699576300085
961,man,chain,1,1,0.15254699576300085
962,man,chaff,1,1,0.15254699576300085
963,man,certify,1,1,0.15254699576300085
964,man,bleed,1,1,0.15254699576300085
965,man,blend,1,1,0.15254699576300085
966,man,blind,1,1,0.15254699576300085
967,man,boil,1,1,0.15254699576300085
968,man,bribe,1,1,0.15254699576300085
969,man,bridge,1,1,0.15254699576300085
970,man,brush,1,1,0.15254699576300085
971,man,buff,1,1,0.15254699576300085
972,man,bump,1,1,0.15254699576300085
973,man,bury,1,1,0.15254699576300085
974,man,bust,1,1,0.15254699576300085
975,man,butcher,1,1,0.15254699576300085
976,man,caddy,1,1,0.15254699576300085
977,man,cancel,1,1,0.15254699576300085
978,man,capitulate,1,1,0.15254699576300085
979,man,caricature,3,1,0.4576409872890026
980,man,carve,1,1,0.15254699576300085
981,man,cause,1,1,0.15254699576300085
982,man,center,1,1,0.15254699576300085
983,man,entrance,1,1,0.15254699576300085
984,man,equate,1,1,0.15254699576300085
985,man,reason,1,1,0.15254699576300085
986,man,mock,1,1,0.15254699576300085
987,man,mature,1,1,0.15254699576300085
988,man,melt,1,1,0.15254699576300085
989,man,memorialize,1,1,0.15254699576300085
990,man,mentor,2,1,0.3050939915260017
991,man,mesmerize,1,1,0.15254699576300085
992,man,metaprocrastinated,1,1,0.15254699576300085
993,man,migrate,1,1,0.15254699576300085
994,man,misinterpret,1,1,0.15254699576300085
995,man,misunderstand,1,1,0.15254699576300085
996,man,model,1,1,0.15254699576300085
997,man,market,1,1,0.15254699576300085
998,man,mohamed,1,1,0.15254699576300085
999,man,monitor,1,1,0.15254699576300085
1000,man,morph,1,1,0.15254699576300085
1001,man,mourn,2,1,0.3050939915260017
1002,man,mow,1,1,0.15254699576300085
1003,man,mumble,1,1,0.15254699576300085
1004,man,narrow,1,1,0.15254699576300085
1005,man,nod,1,1,0.15254699576300085
1006,man,note,1,1,0.15254699576300085
1007,man,massage,1,1,0.15254699576300085
1008,man,maria,1,1,0.15254699576300085
1009,man,occupy,1,1,0.15254699576300085
1010,man,license,1,1,0.15254699576300085
1011,man,kid,1,1,0.15254699576300085
1012,man,kidnap,1,1,0.15254699576300085
1013,man,label,1,1,0.15254699576300085
1014,man,labor,1,1,0.15254699576300085
1015,man,laugh,1,1,0.15254699576300085
1016,man,leaf,1,1,0.15254699576300085
1017,man,lecture,1,1,0.15254699576300085
1018,man,lend,1,1,0.15254699576300085
1019,man,lessen,1,1,0.15254699576300085
1020,man,lick,1,1,0.15254699576300085
1021,man,mar,1,1,0.15254699576300085
1022,man,link,1,1,0.15254699576300085
1023,man,load,1,1,0.15254699576300085
1024,man,loan,1,1,0.15254699576300085
1025,man,loathe,1,1,0.15254699576300085
1026,man,long,1,1,0.15254699576300085
1027,man,loop,1,1,0.15254699576300085
1028,man,lump,1,1,0.15254699576300085
1029,man,mail,1,1,0.15254699576300085
1030,man,maintain,1,1,0.15254699576300085
1031,man,oblige,1,1,0.15254699576300085
1032,man,offset,1,1,0.15254699576300085
1033,man,eradicate,1,1,0.15254699576300085
1034,man,progress,1,1,0.15254699576300085
1035,man,pilot,1,1,0.15254699576300085
1036,man,pledge,1,1,0.15254699576300085
1037,man,portray,1,1,0.15254699576300085
1038,man,position,1,1,0.15254699576300085
1039,man,prep,1,1,0.15254699576300085
1040,man,presuppose,1,1,0.15254699576300085
1041,man,prevent,1,1,0.15254699576300085
1042,man,proceed,2,1,0.3050939915260017
1043,man,program,1,1,0.15254699576300085
1044,man,prompt,1,1,0.15254699576300085
1045,man,pester,1,1,0.15254699576300085
1046,man,purchase,1,1,0.15254699576300085
1047,man,puzzle,1,1,0.15254699576300085
1048,man,radiate,1,1,0.15254699576300085
1049,man,ratify,1,1,0.15254699576300085
1050,man,rationalize,1,1,0.15254699576300085
1051,man,re,1,1,0.15254699576300085
1052,man,react,1,1,0.15254699576300085
1053,man,rear,1,1,0.15254699576300085
1054,man,rearrange,1,1,0.15254699576300085
1055,man,picture,1,1,0.15254699576300085
1056,man,personify,1,1,0.15254699576300085
1057,man,operate,1,1,0.15254699576300085
1058,man,pace,1,1,0.15254699576300085
1059,man,oppose,1,1,0.15254699576300085
1060,man,opt,1,1,0.15254699576300085
1061,man,optimize,1,1,0.15254699576300085
1062,man,orchestrate,1,1,0.15254699576300085
1063,man,outline,1,1,0.15254699576300085
1064,man,overcome,1,1,0.15254699576300085
1065,man,overrun,1,1,0.15254699576300085
1066,man,oversold,1,1,0.15254699576300085
1067,man,owe,1,1,0.15254699576300085
1068,man,package,1,1,0.15254699576300085
1069,man,perplex,1,1,0.15254699576300085
1070,man,palm,1,1,0.15254699576300085
1071,man,panic,1,1,0.15254699576300085
1072,man,pant,1,1,0.15254699576300085
1073,man,park,1,1,0.15254699576300085
1074,man,part,1,1,0.15254699576300085
1075,man,pastor,2,1,0.3050939915260017
1076,man,pause,1,1,0.15254699576300085
1077,man,peddle,1,1,0.15254699576300085
1078,man,perceive,3,1,0.4576409872890026
1079,man,kickstart,1,1,0.15254699576300085
1080,man,juggle,1,1,0.15254699576300085
1081,man,judge,1,1,0.15254699576300085
1082,man,function,1,1,0.15254699576300085
1083,man,forbid,1,1,0.15254699576300085
1084,man,forge,1,1,0.15254699576300085
1085,man,fork,1,1,0.15254699576300085
1086,man,fracked,1,1,0.15254699576300085
1087,man,frame,1,1,0.15254699576300085
1088,man,freak,1,1,0.15254699576300085
1089,man,frighten,1,1,0.15254699576300085
1090,man,frustrate,1,1,0.15254699576300085
1091,man,fumble,1,1,0.15254699576300085
1092,man,fuse,1,1,0.15254699576300085
1093,man,fool,1,1,0.15254699576300085
1094,man,futzes,1,1,0.15254699576300085
1095,man,gamble,1,1,0.15254699576300085
1096,man,gaze,1,1,0.15254699576300085
1097,man,georges,1,1,0.15254699576300085
1098,man,glance,1,1,0.15254699576300085
1099,man,glimpse,1,1,0.15254699576300085
1100,man,glue,1,1,0.15254699576300085
1101,man,google,1,1,0.15254699576300085
1102,man,govern,1,1,0.15254699576300085
1103,man,forbear,1,1,0.15254699576300085
1104,man,float,1,1,0.15254699576300085
1105,man,joke,1,1,0.15254699576300085
1106,man,fade,1,1,0.15254699576300085
1107,man,examine,1,1,0.15254699576300085
1108,man,exceed,1,1,0.15254699576300085
1109,man,exchange,1,1,0.15254699576300085
1110,man,excite,1,1,0.15254699576300085
1111,man,excuse,1,1,0.15254699576300085
1112,man,exile,1,1,0.15254699576300085
1113,man,exit,1,1,0.15254699576300085
1114,man,export,1,1,0.15254699576300085
1115,man,express,1,1,0.15254699576300085
1116,man,faint,1,1,0.15254699576300085
1117,man,flick,1,1,0.15254699576300085
1118,man,fake,2,1,0.3050939915260017
1119,man,fancy,1,1,0.15254699576300085
1120,man,fax,1,1,0.15254699576300085
1121,man,file,1,1,0.15254699576300085
1122,man,filter,1,1,0.15254699576300085
1123,man,flash,1,1,0.15254699576300085
1124,man,flatten,1,1,0.15254699576300085
1125,man,flatter,1,1,0.15254699576300085
1126,man,flee,1,1,0.15254699576300085
1127,man,grant,1,1,0.15254699576300085
1128,man,graze,1,1,0.15254699576300085
1129,man,greet,1,1,0.15254699576300085
1130,man,inoculate,1,1,0.15254699576300085
1131,man,immerse,1,1,0.15254699576300085
1132,man,impart,1,1,0.15254699576300085
1133,man,impersonate,1,1,0.15254699576300085
1134,man,incarnate,1,1,0.15254699576300085
1135,man,increase,1,1,0.15254699576300085
1136,man,induce,1,1,0.15254699576300085
1137,man,inflict,1,1,0.15254699576300085
1138,man,inform,1,1,0.15254699576300085
1139,man,inherit,1,1,0.15254699576300085
1140,man,input,1,1,0.15254699576300085
1141,man,grind,1,1,0.15254699576300085
1142,man,insert,1,1,0.15254699576300085
1143,man,instill,1,1,0.15254699576300085
1144,man,integrate,1,1,0.15254699576300085
1145,man,interact,1,1,0.15254699576300085
1146,man,interrupt,1,1,0.15254699576300085
1147,man,intrigue,1,1,0.15254699576300085
1148,man,invest,2,1,0.3050939915260017
1149,man,itunes,1,1,0.15254699576300085
1150,man,jack,1,1,0.15254699576300085
1151,man,imitate,1,1,0.15254699576300085
1152,man,imbed,1,1,0.15254699576300085
1153,man,hypnotize,1,1,0.15254699576300085
1154,man,hunt,1,1,0.15254699576300085
1155,man,guide,1,1,0.15254699576300085
1156,man,hack,1,1,0.15254699576300085
1157,man,hallucinate,1,1,0.15254699576300085
1158,man,harass,1,1,0.15254699576300085
1159,man,harness,1,1,0.15254699576300085
1160,man,hasten,1,1,0.15254699576300085
1161,man,heart,1,1,0.15254699576300085
1162,man,hem,1,1,0.15254699576300085
1163,man,hike,1,1,0.15254699576300085
1164,man,hint,1,1,0.15254699576300085
1165,man,hitch,1,1,0.15254699576300085
1166,man,holler,1,1,0.15254699576300085
1167,man,hoover,1,1,0.15254699576300085
1168,man,hose,1,1,0.15254699576300085
1169,man,host,1,1,0.15254699576300085
1170,man,hug,1,1,0.15254699576300085
1171,man,humble,1,1,0.15254699576300085
1172,man,humor,1,1,0.15254699576300085
1173,man,hunch,2,1,0.3050939915260017
1174,man,â€™s,1,1,0.15254699576300085
0,woman,have,723,185,2280.912214643202
1,woman,want,457,154,913.3028492577545
2,woman,go,378,137,612.2911706788879
3,woman,do,280,116,357.2594787068954
4,woman,get,239,114,298.32644408595405
5,woman,tell,204,107,235.97306889871595
6,woman,like,176,101,190.84512670318298
7,woman,start,163,101,176.74861166260698
8,woman,say,192,84,173.5173691533587
9,woman,know,152,82,134.44010325728217
10,woman,take,128,79,109.59969942723737
11,woman,see,117,78,99.10001597746492
12,woman,ask,112,76,92.82273659719922
13,woman,love,148,75,121.32677516546879
14,woman,think,117,74,94.86980010870764
15,woman,make,117,70,90.77937409817183
16,woman,use,97,67,72.7877596896989
17,woman,find,103,67,77.29009534060812
18,woman,try,118,66,87.55790810184695
19,woman,call,78,57,52.19894761741588
20,woman,give,70,53,44.670139160664526
21,woman,saw,73,51,45.46845681218721
22,woman,put,75,50,46.14500728101238
23,woman,need,74,44,42.20986597616752
24,woman,learn,57,44,32.51300487353444
25,woman,spend,56,43,31.529149956507897
26,woman,meet,61,42,33.89520377747695
27,woman,show,57,41,31.254074676061972
28,woman,remember,54,41,29.60912337732187
29,woman,decide,43,36,22.008221233292524
30,woman,write,69,36,35.31551779295777
31,woman,bring,43,34,21.38267601079206
32,woman,begin,44,32,21.2396383198498
33,woman,hear,53,32,25.584109794364533
34,woman,leave,40,31,19.01730851389867
35,woman,keep,41,30,19.19352653898853
36,woman,read,43,30,20.129796126256263
37,woman,look,34,30,15.916582983551464
38,woman,mean,39,27,17.399083301347446
39,woman,realize,25,22,10.219549385072828
40,woman,lose,29,22,11.854677286684481
41,woman,turn,27,22,11.037113335878654
42,woman,come,26,21,10.429989016600565
43,woman,work,22,21,8.82537532173894
44,woman,study,27,21,10.831142440315972
45,woman,watch,26,21,10.429989016600565
46,woman,play,30,21,12.034602711462192
47,woman,understand,27,20,10.623221129597622
48,woman,create,30,20,11.803579032886248
49,woman,walk,21,18,7.933622001681758
50,woman,feel,26,18,9.822579621129794
51,woman,believe,25,18,9.444788097240187
52,woman,pick,22,18,8.311413525571364
53,woman,stop,19,17,7.026313002003553
54,woman,hope,21,17,7.7659248969512955
55,woman,set,19,16,6.872241836461824
56,woman,wear,19,16,6.872241836461824
57,woman,choose,21,16,7.595635713984121
58,woman,sit,18,16,6.510544897700675
59,woman,felt,26,16,9.404120407789865
60,woman,run,24,16,8.680726530267567
61,woman,teach,17,15,6.008587191648489
62,woman,discover,21,15,7.42237241321284
63,woman,send,15,14,5.175488859059586
64,woman,stand,15,14,5.175488859059586
65,woman,help,16,14,5.520521449663558
66,woman,change,18,14,6.210586630871503
67,woman,thank,36,14,12.421173261743006
68,woman,hold,15,13,5.046452749699762
69,woman,live,15,13,5.046452749699762
70,woman,join,15,13,5.046452749699762
71,woman,pull,13,12,4.258905248601729
72,woman,win,24,12,7.862594305110884
73,woman,invite,14,12,4.586513344648016
74,woman,buy,15,12,4.914121440694303
75,woman,hate,11,11,3.5038107191289414
76,woman,imagine,12,11,3.8223389663224814
77,woman,open,12,11,3.8223389663224814
78,woman,pay,12,11,3.8223389663224814
79,woman,share,14,10,4.328001723417088
80,woman,follow,11,10,3.4005727826848555
81,woman,miss,15,10,4.637144703661167
82,woman,be,10,10,3.0914298024407776
83,woman,end,10,10,3.0914298024407776
84,woman,speak,11,10,3.4005727826848555
85,woman,forget,10,9,2.993913652264251
86,woman,raise,9,9,2.694522287037826
87,woman,develop,9,9,2.694522287037826
88,woman,design,10,9,2.993913652264251
89,woman,suppose,10,9,2.993913652264251
90,woman,save,13,9,3.8920877479435263
91,woman,throw,10,9,2.993913652264251
92,woman,talk,9,9,2.694522287037826
93,woman,carry,12,9,3.5926963827171012
94,woman,move,9,9,2.694522287037826
95,woman,enjoy,8,8,2.3135477689570023
96,woman,gon,19,8,5.494675951272881
97,woman,grow,10,8,2.891934711196253
98,woman,hit,10,8,2.891934711196253
99,woman,'s,9,8,2.602741240076628
100,woman,visit,10,8,2.891934711196253
101,woman,promise,8,8,2.3135477689570023
102,woman,name,10,8,2.891934711196253
103,woman,wait,9,8,2.602741240076628
104,woman,found,8,7,2.227528617404557
105,woman,expect,8,7,2.227528617404557
106,woman,assure,7,7,1.9490875402289876
107,woman,record,7,7,1.9490875402289876
108,woman,describe,10,7,2.7844107717556965
109,woman,wish,10,7,2.7844107717556965
110,woman,blow,9,7,2.505969694580127
111,woman,receive,8,7,2.227528617404557
112,woman,answer,9,7,2.505969694580127
113,woman,build,9,7,2.505969694580127
114,woman,kill,9,7,2.505969694580127
115,woman,accept,7,7,1.9490875402289876
116,woman,sell,10,7,2.7844107717556965
117,woman,notice,6,6,1.6018903169519951
118,woman,finish,6,6,1.6018903169519951
119,woman,cut,6,6,1.6018903169519951
120,woman,apply,6,6,1.6018903169519951
121,woman,appreciate,7,6,1.8688720364439944
122,woman,interview,8,6,2.135853755935994
123,woman,convince,6,6,1.6018903169519951
124,woman,continue,6,6,1.6018903169519951
125,woman,break,6,6,1.6018903169519951
126,woman,train,6,6,1.6018903169519951
127,woman,manage,7,6,1.8688720364439944
128,woman,encounter,6,6,1.6018903169519951
129,woman,add,10,6,2.669817194919992
130,woman,compare,7,6,1.8688720364439944
131,woman,drive,8,6,2.135853755935994
132,woman,lead,8,6,2.135853755935994
133,woman,push,6,6,1.6018903169519951
134,woman,offer,6,6,1.6018903169519951
135,woman,lay,7,6,1.8688720364439944
136,woman,figure,7,6,1.8688720364439944
137,woman,draw,9,6,2.402835475427993
138,woman,experience,8,5,2.0367136191520983
139,woman,prefer,5,5,1.2729460119700613
140,woman,question,5,5,1.2729460119700613
141,woman,fail,6,5,1.5275352143640737
142,woman,fascinate,5,5,1.2729460119700613
143,woman,eat,5,5,1.2729460119700613
144,woman,allow,6,5,1.5275352143640737
145,woman,drop,5,5,1.2729460119700613
146,woman,explore,6,5,1.5275352143640737
147,woman,travel,5,5,1.2729460119700613
148,woman,marry,7,5,1.7821244167580859
149,woman,inspire,5,5,1.2729460119700613
150,woman,trust,6,5,1.5275352143640737
151,woman,photograph,5,5,1.2729460119700613
152,woman,catch,6,5,1.5275352143640737
153,woman,place,5,5,1.2729460119700613
154,woman,let,6,5,1.5275352143640737
155,woman,pass,5,5,1.2729460119700613
156,woman,hand,6,5,1.5275352143640737
157,woman,blame,9,5,2.2913028215461106
158,woman,mention,8,5,2.0367136191520983
159,woman,tend,5,5,1.2729460119700613
160,woman,become,6,5,1.5275352143640737
161,woman,grab,7,5,1.7821244167580859
162,woman,publish,4,4,0.9636139595564915
163,woman,plan,5,4,1.2045174494456143
164,woman,dream,4,4,0.9636139595564915
165,woman,happen,5,4,1.2045174494456143
166,woman,encourage,4,4,0.9636139595564915
167,woman,not,4,4,0.9636139595564915
168,woman,propose,4,4,0.9636139595564915
169,woman,report,5,4,1.2045174494456143
170,woman,present,4,4,0.9636139595564915
171,woman,pack,4,4,0.9636139595564915
172,woman,paint,4,4,0.9636139595564915
173,woman,explain,5,4,1.2045174494456143
174,woman,perform,4,4,0.9636139595564915
175,woman,sing,5,4,1.2045174494456143
176,woman,refuse,5,4,1.2045174494456143
177,woman,force,4,4,0.9636139595564915
178,woman,fell,4,4,0.9636139595564915
179,woman,strike,4,4,0.9636139595564915
180,woman,reach,4,4,0.9636139595564915
181,woman,wake,4,4,0.9636139595564915
182,woman,chase,5,4,1.2045174494456143
183,woman,cross,4,4,0.9636139595564915
184,woman,transform,4,4,0.9636139595564915
185,woman,consider,4,4,0.9636139595564915
186,woman,treat,4,4,0.9636139595564915
187,woman,assign,6,4,1.4454209393347373
188,woman,suggest,4,4,0.9636139595564915
189,woman,support,5,4,1.2045174494456143
190,woman,devote,4,4,0.9636139595564915
191,woman,track,4,4,0.9636139595564915
192,woman,die,5,4,1.2045174494456143
193,woman,touch,4,4,0.9636139595564915
194,woman,bear,4,4,0.9636139595564915
195,woman,beat,4,4,0.9636139595564915
196,woman,repeat,3,3,0.6758702199940212
197,woman,fill,3,3,0.6758702199940212
198,woman,approach,3,3,0.6758702199940212
199,woman,sleep,3,3,0.6758702199940212
200,woman,introduce,3,3,0.6758702199940212
201,woman,count,3,3,0.6758702199940212
202,woman,connect,4,3,0.9011602933253616
203,woman,guess,3,3,0.6758702199940212
204,woman,listen,4,3,0.9011602933253616
205,woman,define,3,3,0.6758702199940212
206,woman,weave,3,3,0.6758702199940212
207,woman,surprise,3,3,0.6758702199940212
208,woman,wash,4,3,0.9011602933253616
209,woman,owe,3,3,0.6758702199940212
210,woman,represent,3,3,0.6758702199940212
211,woman,express,3,3,0.6758702199940212
212,woman,translate,3,3,0.6758702199940212
213,woman,require,3,3,0.6758702199940212
214,woman,attempt,3,3,0.6758702199940212
215,woman,waste,3,3,0.6758702199940212
216,woman,check,3,3,0.6758702199940212
217,woman,fall,3,3,0.6758702199940212
218,woman,identify,4,3,0.9011602933253616
219,woman,handle,3,3,0.6758702199940212
220,woman,observe,3,3,0.6758702199940212
221,woman,enter,3,3,0.6758702199940212
222,woman,engineer,3,3,0.6758702199940212
223,woman,collect,3,3,0.6758702199940212
224,woman,wonder,3,3,0.6758702199940212
225,woman,dig,3,3,0.6758702199940212
226,woman,witness,4,3,0.9011602933253616
227,woman,divide,3,3,0.6758702199940212
228,woman,adapt,3,3,0.6758702199940212
229,woman,admire,3,3,0.6758702199940212
230,woman,provide,3,3,0.6758702199940212
231,woman,adopt,3,3,0.6758702199940212
232,woman,stay,3,3,0.6758702199940212
233,woman,coach,5,3,1.126450366656702
234,woman,commission,3,3,0.6758702199940212
235,woman,hide,4,3,0.9011602933253616
236,woman,brush,4,3,0.9011602933253616
237,woman,recognize,3,3,0.6758702199940212
238,woman,recommend,3,3,0.6758702199940212
239,woman,sign,3,3,0.6758702199940212
240,woman,plant,3,3,0.6758702199940212
241,woman,shake,3,3,0.6758702199940212
242,woman,deny,3,3,0.6758702199940212
243,woman,point,3,3,0.6758702199940212
244,woman,fly,3,3,0.6758702199940212
245,woman,haunt,3,3,0.6758702199940212
246,woman,deserve,3,3,0.6758702199940212
247,woman,long,3,3,0.6758702199940212
248,woman,prepare,3,3,0.6758702199940212
249,woman,afford,3,3,0.6758702199940212
250,woman,earn,4,3,0.9011602933253616
251,woman,burn,2,2,0.4128659699355516
252,woman,care,2,2,0.4128659699355516
253,woman,roll,2,2,0.4128659699355516
254,woman,carve,2,2,0.4128659699355516
255,woman,invent,2,2,0.4128659699355516
256,woman,launch,2,2,0.4128659699355516
257,woman,laugh,2,2,0.4128659699355516
258,woman,challenge,2,2,0.4128659699355516
259,woman,kick,2,2,0.4128659699355516
260,woman,justify,2,2,0.4128659699355516
261,woman,intend,2,2,0.4128659699355516
262,woman,close,2,2,0.4128659699355516
263,woman,seek,2,2,0.4128659699355516
264,woman,seem,2,2,0.4128659699355516
265,woman,influence,2,2,0.4128659699355516
266,woman,seize,2,2,0.4128659699355516
267,woman,maintain,2,2,0.4128659699355516
268,woman,discount,3,2,0.6192989549033274
269,woman,breathe,2,2,0.4128659699355516
270,woman,visualize,2,2,0.4128659699355516
271,woman,appear,2,2,0.4128659699355516
272,woman,picture,2,2,0.4128659699355516
273,woman,pile,2,2,0.4128659699355516
274,woman,pitch,2,2,0.4128659699355516
275,woman,reject,2,2,0.4128659699355516
276,woman,portray,3,2,0.6192989549033274
277,woman,possess,3,2,0.6192989549033274
278,woman,refer,2,2,0.4128659699355516
279,woman,wipe,2,2,0.4128659699355516
280,woman,advise,2,2,0.4128659699355516
281,woman,produce,2,2,0.4128659699355516
282,woman,project,2,2,0.4128659699355516
283,woman,adore,2,2,0.4128659699355516
284,woman,promote,2,2,0.4128659699355516
285,woman,pursue,2,2,0.4128659699355516
286,woman,achieve,2,2,0.4128659699355516
287,woman,quit,2,2,0.4128659699355516
288,woman,approve,2,2,0.4128659699355516
289,woman,perceive,2,2,0.4128659699355516
290,woman,argue,2,2,0.4128659699355516
291,woman,belong,2,2,0.4128659699355516
292,woman,match,2,2,0.4128659699355516
293,woman,measure,2,2,0.4128659699355516
294,woman,memorize,2,2,0.4128659699355516
295,woman,mess,2,2,0.4128659699355516
296,woman,mind,2,2,0.4128659699355516
297,woman,bend,2,2,0.4128659699355516
298,woman,mount,2,2,0.4128659699355516
299,woman,restrict,2,2,0.4128659699355516
300,woman,whisper,2,2,0.4128659699355516
301,woman,n't,2,2,0.4128659699355516
302,woman,resent,2,2,0.4128659699355516
303,woman,obsess,2,2,0.4128659699355516
304,woman,own,2,2,0.4128659699355516
305,woman,assemble,2,2,0.4128659699355516
306,woman,remove,2,2,0.4128659699355516
307,woman,remind,2,2,0.4128659699355516
308,woman,ignore,2,2,0.4128659699355516
309,woman,face,2,2,0.4128659699355516
310,woman,contact,2,2,0.4128659699355516
311,woman,swallow,2,2,0.4128659699355516
312,woman,focus,2,2,0.4128659699355516
313,woman,struggle,2,2,0.4128659699355516
314,woman,solve,2,2,0.4128659699355516
315,woman,drink,2,2,0.4128659699355516
316,woman,devise,2,2,0.4128659699355516
317,woman,cover,3,2,0.6192989549033274
318,woman,determine,2,2,0.4128659699355516
319,woman,gain,4,2,0.8257319398711032
320,woman,shoot,2,2,0.4128659699355516
321,woman,suffer,2,2,0.4128659699355516
322,woman,dump,2,2,0.4128659699355516
323,woman,examine,2,2,0.4128659699355516
324,woman,tap,4,2,0.8257319398711032
325,woman,contribute,2,2,0.4128659699355516
326,woman,control,3,2,0.6192989549033274
327,woman,stun,2,2,0.4128659699355516
328,woman,elect,2,2,0.4128659699355516
329,woman,email,3,2,0.6192989549033274
330,woman,deliver,2,2,0.4128659699355516
331,woman,depict,2,2,0.4128659699355516
332,woman,hug,2,2,0.4128659699355516
333,woman,feed,3,2,0.6192989549033274
334,woman,engage,2,2,0.4128659699355516
335,woman,re,2,2,0.4128659699355516
336,woman,endure,2,2,0.4128659699355516
337,woman,direct,2,2,0.4128659699355516
338,woman,crack,2,2,0.4128659699355516
339,woman,fear,4,2,0.8257319398711032
340,woman,communicate,2,2,0.4128659699355516
341,woman,dedicate,2,2,0.4128659699355516
342,woman,tie,2,2,0.4128659699355516
343,woman,hat,2,2,0.4128659699355516
344,woman,date,2,2,0.4128659699355516
345,woman,tease,2,2,0.4128659699355516
346,woman,stick,2,2,0.4128659699355516
347,woman,hang,2,2,0.4128659699355516
348,woman,doubt,2,2,0.4128659699355516
349,woman,tear,2,2,0.4128659699355516
350,woman,fix,2,2,0.4128659699355516
351,woman,spike,1,1,0.1805923124338364
352,woman,squeal,1,1,0.1805923124338364
353,woman,remain,1,1,0.1805923124338364
354,woman,squeeze,2,1,0.3611846248676728
355,woman,spread,1,1,0.1805923124338364
356,woman,spill,1,1,0.1805923124338364
357,woman,serve,1,1,0.1805923124338364
358,woman,suck,1,1,0.1805923124338364
359,woman,speed,1,1,0.1805923124338364
360,woman,spare,1,1,0.1805923124338364
361,woman,rent,1,1,0.1805923124338364
362,woman,reopen,1,1,0.1805923124338364
363,woman,repair,1,1,0.1805923124338364
364,woman,solicit,1,1,0.1805923124338364
365,woman,replace,1,1,0.1805923124338364
366,woman,socialize,1,1,0.1805923124338364
367,woman,sum,1,1,0.1805923124338364
368,woman,wave,1,1,0.1805923124338364
369,woman,sob,1,1,0.1805923124338364
370,woman,whistle,1,1,0.1805923124338364
371,woman,stake,1,1,0.1805923124338364
372,woman,relive,1,1,0.1805923124338364
373,woman,stitch,1,1,0.1805923124338364
374,woman,startle,1,1,0.1805923124338364
375,woman,recite,2,1,0.3611846248676728
376,woman,steal,1,1,0.1805923124338364
377,woman,wire,1,1,0.1805923124338364
378,woman,step,1,1,0.1805923124338364
379,woman,recall,1,1,0.1805923124338364
380,woman,stockpile,2,1,0.3611846248676728
381,woman,reclaim,1,1,0.1805923124338364
382,woman,stroll,1,1,0.1805923124338364
383,woman,reassure,1,1,0.1805923124338364
384,woman,strip,1,1,0.1805923124338364
385,woman,wrap,1,1,0.1805923124338364
386,woman,yank,1,1,0.1805923124338364
387,woman,yell,1,1,0.1805923124338364
388,woman,structure,1,1,0.1805923124338364
389,woman,reconcile,1,1,0.1805923124338364
390,woman,wield,2,1,0.3611846248676728
391,woman,wind,1,1,0.1805923124338364
392,woman,wiggle,1,1,0.1805923124338364
393,woman,succeed,1,1,0.1805923124338364
394,woman,regret,1,1,0.1805923124338364
395,woman,regain,1,1,0.1805923124338364
396,woman,stag,1,1,0.1805923124338364
397,woman,stagger,1,1,0.1805923124338364
398,woman,snap,1,1,0.1805923124338364
399,woman,reconnect,1,1,0.1805923124338364
400,woman,reduce,1,1,0.1805923124338364
401,woman,redefine,1,1,0.1805923124338364
402,woman,rectify,1,1,0.1805923124338364
403,woman,recruit,1,1,0.1805923124338364
404,woman,recreate,1,1,0.1805923124338364
405,woman,recount,1,1,0.1805923124338364
406,woman,repurposes,1,1,0.1805923124338364
407,woman,survive,1,1,0.1805923124338364
408,woman,research,1,1,0.1805923124338364
409,woman,scar,1,1,0.1805923124338364
410,woman,shed,1,1,0.1805923124338364
411,woman,shift,1,1,0.1805923124338364
412,woman,ship,1,1,0.1805923124338364
413,woman,shock,1,1,0.1805923124338364
414,woman,tune,1,1,0.1805923124338364
415,woman,satisfy,1,1,0.1805923124338364
416,woman,salute,1,1,0.1805923124338364
417,woman,rush,1,1,0.1805923124338364
418,woman,taunt,1,1,0.1805923124338364
419,woman,tweet,2,1,0.3611846248676728
420,woman,type,1,1,0.1805923124338364
421,woman,unload,1,1,0.1805923124338364
422,woman,unroll,1,1,0.1805923124338364
423,woman,ruin,1,1,0.1805923124338364
424,woman,row,1,1,0.1805923124338364
425,woman,treasure,1,1,0.1805923124338364
426,woman,trawl,1,1,0.1805923124338364
427,woman,smile,1,1,0.1805923124338364
428,woman,scrap,1,1,0.1805923124338364
429,woman,sew,1,1,0.1805923124338364
430,woman,separate,1,1,0.1805923124338364
431,woman,sense,1,1,0.1805923124338364
432,woman,trade,1,1,0.1805923124338364
433,woman,toss,1,1,0.1805923124338364
434,woman,select,1,1,0.1805923124338364
435,woman,title,1,1,0.1805923124338364
436,woman,thrill,1,1,0.1805923124338364
437,woman,seed,1,1,0.1805923124338364
438,woman,shame,1,1,0.1805923124338364
439,woman,scrutinize,1,1,0.1805923124338364
440,woman,shape,1,1,0.1805923124338364
441,woman,screw,1,1,0.1805923124338364
442,woman,strive,1,1,0.1805923124338364
443,woman,scratch,1,1,0.1805923124338364
444,woman,round,1,1,0.1805923124338364
445,woman,unveil,1,1,0.1805923124338364
446,woman,shove,1,1,0.1805923124338364
447,woman,roam,1,1,0.1805923124338364
448,woman,revisit,2,1,0.3611846248676728
449,woman,reveal,1,1,0.1805923124338364
450,woman,retrain,1,1,0.1805923124338364
451,woman,retain,1,1,0.1805923124338364
452,woman,sling,1,1,0.1805923124338364
453,woman,resume,1,1,0.1805923124338364
454,woman,suspect,1,1,0.1805923124338364
455,woman,restart,1,1,0.1805923124338364
456,woman,respect,1,1,0.1805923124338364
457,woman,resist,1,1,0.1805923124338364
458,woman,slit,1,1,0.1805923124338364
459,woman,warn,1,1,0.1805923124338364
460,woman,resemble,1,1,0.1805923124338364
461,woman,surmise,1,1,0.1805923124338364
462,woman,smack,1,1,0.1805923124338364
463,woman,slather,1,1,0.1805923124338364
464,woman,slash,1,1,0.1805923124338364
465,woman,rhode,1,1,0.1805923124338364
466,woman,swear,1,1,0.1805923124338364
467,woman,tag,1,1,0.1805923124338364
468,woman,shut,1,1,0.1805923124338364
469,woman,update,1,1,0.1805923124338364
470,woman,switch,1,1,0.1805923124338364
471,woman,upgrade,1,1,0.1805923124338364
472,woman,risk,1,1,0.1805923124338364
473,woman,urge,1,1,0.1805923124338364
474,woman,ski,1,1,0.1805923124338364
475,woman,sketch,1,1,0.1805923124338364
476,woman,rise,1,1,0.1805923124338364
477,woman,ride,1,1,0.1805923124338364
478,woman,volunteer,1,1,0.1805923124338364
479,woman,sway,1,1,0.1805923124338364
480,woman,wager,1,1,0.1805923124338364
481,woman,transmit,1,1,0.1805923124338364
482,woman,lift,1,1,0.1805923124338364
483,woman,rap,1,1,0.1805923124338364
484,woman,copy,1,1,0.1805923124338364
485,woman,deceive,1,1,0.1805923124338364
486,woman,deal,1,1,0.1805923124338364
487,woman,dazzle,1,1,0.1805923124338364
488,woman,daydream,1,1,0.1805923124338364
489,woman,dare,1,1,0.1805923124338364
490,woman,curate,1,1,0.1805923124338364
491,woman,cry,1,1,0.1805923124338364
492,woman,critique,1,1,0.1805923124338364
493,woman,crank,1,1,0.1805923124338364
494,woman,counsel,1,1,0.1805923124338364
495,woman,correlate,1,1,0.1805923124338364
496,woman,correct,1,1,0.1805923124338364
497,woman,cook,1,1,0.1805923124338364
498,woman,radicalize,1,1,0.1805923124338364
499,woman,contaminate,1,1,0.1805923124338364
500,woman,contain,1,1,0.1805923124338364
501,woman,conquer,1,1,0.1805923124338364
502,woman,confront,1,1,0.1805923124338364
503,woman,confess,1,1,0.1805923124338364
504,woman,conduct,1,1,0.1805923124338364
505,woman,concoct,1,1,0.1805923124338364
506,woman,conceptualize,1,1,0.1805923124338364
507,woman,concentrate,1,1,0.1805923124338364
508,woman,compose,1,1,0.1805923124338364
509,woman,comply,1,1,0.1805923124338364
510,woman,complete,1,1,0.1805923124338364
511,woman,declare,1,1,0.1805923124338364
512,woman,defeat,1,1,0.1805923124338364
513,woman,delete,2,1,0.3611846248676728
514,woman,denounce,2,1,0.3611846248676728
515,woman,escape,1,1,0.1805923124338364
516,woman,envision,1,1,0.1805923124338364
517,woman,entrance,1,1,0.1805923124338364
518,woman,entertain,1,1,0.1805923124338364
519,woman,emphasize,1,1,0.1805923124338364
520,woman,embrace,1,1,0.1805923124338364
521,woman,embody,1,1,0.1805923124338364
522,woman,embarrass,1,1,0.1805923124338364
523,woman,dumbfound,1,1,0.1805923124338364
524,woman,drape,1,1,0.1805923124338364
525,woman,drag,1,1,0.1805923124338364
526,woman,download,1,1,0.1805923124338364
527,woman,douse,1,1,0.1805923124338364
528,woman,domesticate,1,1,0.1805923124338364
529,woman,document,1,1,0.1805923124338364
530,woman,distribute,1,1,0.1805923124338364
531,woman,dislike,1,1,0.1805923124338364
532,woman,discuss,1,1,0.1805923124338364
533,woman,discriminate,1,1,0.1805923124338364
534,woman,discourage,1,1,0.1805923124338364
535,woman,digest,1,1,0.1805923124338364
536,woman,dial,2,1,0.3611846248676728
537,woman,diagnose,1,1,0.1805923124338364
538,woman,destine,1,1,0.1805923124338364
539,woman,desire,1,1,0.1805923124338364
540,woman,commit,1,1,0.1805923124338364
541,woman,combine,1,1,0.1805923124338364
542,woman,color,1,1,0.1805923124338364
543,woman,block,1,1,0.1805923124338364
544,woman,bid,1,1,0.1805923124338364
545,woman,bet,1,1,0.1805923124338364
546,woman,bake,1,1,0.1805923124338364
547,woman,backpedal,1,1,0.1805923124338364
548,woman,avoid,1,1,0.1805923124338364
549,woman,attend,1,1,0.1805923124338364
550,woman,attach,1,1,0.1805923124338364
551,woman,astonish,1,1,0.1805923124338364
552,woman,assume,1,1,0.1805923124338364
553,woman,arrest,1,1,0.1805923124338364
554,woman,anticipate,1,1,0.1805923124338364
555,woman,annoy,1,1,0.1805923124338364
556,woman,animate,1,1,0.1805923124338364
557,woman,amiss,1,1,0.1805923124338364
558,woman,alexander,1,1,0.1805923124338364
559,woman,aim,1,1,0.1805923124338364
560,woman,admit,1,1,0.1805923124338364
561,woman,address,1,1,0.1805923124338364
562,woman,acknowledge,1,1,0.1805923124338364
563,woman,accuse,1,1,0.1805923124338364
564,woman,accomplish,1,1,0.1805923124338364
565,woman,accompany,1,1,0.1805923124338364
566,woman,abuse,1,1,0.1805923124338364
567,woman,absorb,1,1,0.1805923124338364
568,woman,a'walking,3,1,0.5417769373015092
569,woman,bind,3,1,0.5417769373015092
570,woman,board,1,1,0.1805923124338364
571,woman,collapse,1,1,0.1805923124338364
572,woman,book,1,1,0.1805923124338364
573,woman,coin,1,1,0.1805923124338364
574,woman,cohost,1,1,0.1805923124338364
575,woman,clock,1,1,0.1805923124338364
576,woman,cling,1,1,0.1805923124338364
577,woman,climb,1,1,0.1805923124338364
578,woman,clear,1,1,0.1805923124338364
579,woman,cite,1,1,0.1805923124338364
580,woman,circumcise,1,1,0.1805923124338364
581,woman,chronicle,1,1,0.1805923124338364
582,woman,charter,1,1,0.1805923124338364
583,woman,chaperon,1,1,0.1805923124338364
584,woman,channel,1,1,0.1805923124338364
585,woman,celebrate,1,1,0.1805923124338364
586,woman,capture,1,1,0.1805923124338364
587,woman,captivate,1,1,0.1805923124338364
588,woman,cancel,1,1,0.1805923124338364
589,woman,calculate,1,1,0.1805923124338364
590,woman,bust,1,1,0.1805923124338364
591,woman,bury,2,1,0.3611846248676728
592,woman,bug,1,1,0.1805923124338364
593,woman,brew,1,1,0.1805923124338364
594,woman,breed,1,1,0.1805923124338364
595,woman,brainwash,1,1,0.1805923124338364
596,woman,brag,1,1,0.1805923124338364
597,woman,borrow,1,1,0.1805923124338364
598,woman,eschew,1,1,0.1805923124338364
599,woman,espouse,1,1,0.1805923124338364
600,woman,evolve,1,1,0.1805923124338364
601,woman,paste,1,1,0.1805923124338364
602,woman,partied,1,1,0.1805923124338364
603,woman,paralyze,1,1,0.1805923124338364
604,woman,panic,1,1,0.1805923124338364
605,woman,overhear,1,1,0.1805923124338364
606,woman,outlive,1,1,0.1805923124338364
607,woman,outfit,1,1,0.1805923124338364
608,woman,orphan,1,1,0.1805923124338364
609,woman,order,1,1,0.1805923124338364
610,woman,number,1,1,0.1805923124338364
611,woman,nominate,1,1,0.1805923124338364
612,woman,mutilate,2,1,0.3611846248676728
613,woman,murmur,1,1,0.1805923124338364
614,woman,murder,1,1,0.1805923124338364
615,woman,multiply,1,1,0.1805923124338364
616,woman,multiple,1,1,0.1805923124338364
617,woman,model,1,1,0.1805923124338364
618,woman,mock,1,1,0.1805923124338364
619,woman,mix,1,1,0.1805923124338364
620,woman,mistake,1,1,0.1805923124338364
621,woman,mentor,1,1,0.1805923124338364
622,woman,master,1,1,0.1805923124338364
623,woman,mash,1,1,0.1805923124338364
624,woman,lower,1,1,0.1805923124338364
625,woman,link,1,1,0.1805923124338364
626,woman,limit,1,1,0.1805923124338364
627,woman,partner,1,1,0.1805923124338364
628,woman,pat,1,1,0.1805923124338364
629,woman,lie,1,1,0.1805923124338364
630,woman,pause,1,1,0.1805923124338364
631,woman,quote,1,1,0.1805923124338364
632,woman,query,1,1,0.1805923124338364
633,woman,purchase,1,1,0.1805923124338364
634,woman,prove,1,1,0.1805923124338364
635,woman,prop,1,1,0.1805923124338364
636,woman,program,1,1,0.1805923124338364
637,woman,privilege,1,1,0.1805923124338364
638,woman,prioritize,1,1,0.1805923124338364
639,woman,print,1,1,0.1805923124338364
640,woman,princess,1,1,0.1805923124338364
641,woman,pretend,1,1,0.1805923124338364
642,woman,press,1,1,0.1805923124338364
643,woman,preserve,1,1,0.1805923124338364
644,woman,predict,1,1,0.1805923124338364
645,woman,pray,1,1,0.1805923124338364
646,woman,practice,1,1,0.1805923124338364
647,woman,pour,1,1,0.1805923124338364
648,woman,pound,1,1,0.1805923124338364
649,woman,post,1,1,0.1805923124338364
650,woman,pop,1,1,0.1805923124338364
651,woman,plug,2,1,0.3611846248676728
652,woman,plot,1,1,0.1805923124338364
653,woman,plague,1,1,0.1805923124338364
654,woman,ping,1,1,0.1805923124338364
655,woman,peer,1,1,0.1805923124338364
656,woman,-,1,1,0.1805923124338364
657,woman,liberate,1,1,0.1805923124338364
658,woman,exasperate,1,1,0.1805923124338364
659,woman,guzzle,1,1,0.1805923124338364
660,woman,grant,1,1,0.1805923124338364
661,woman,graduate,1,1,0.1805923124338364
662,woman,govern,1,1,0.1805923124338364
663,woman,gong,1,1,0.1805923124338364
664,woman,gather,1,1,0.1805923124338364
665,woman,fund,1,1,0.1805923124338364
666,woman,fulfill,1,1,0.1805923124338364
667,woman,fry,1,1,0.1805923124338364
668,woman,frederick,1,1,0.1805923124338364
669,woman,frame,1,1,0.1805923124338364
670,woman,forsake,2,1,0.3611846248676728
671,woman,flush,1,1,0.1805923124338364
672,woman,flip,1,1,0.1805923124338364
673,woman,flame,1,1,0.1805923124338364
674,woman,fit,1,1,0.1805923124338364
675,woman,film,1,1,0.1805923124338364
676,woman,fight,1,1,0.1805923124338364
677,woman,fake,1,1,0.1805923124338364
678,woman,extricate,1,1,0.1805923124338364
679,woman,exsanguinates,1,1,0.1805923124338364
680,woman,expose,1,1,0.1805923124338364
681,woman,experiment,1,1,0.1805923124338364
682,woman,exist,1,1,0.1805923124338364
683,woman,exhibit,1,1,0.1805923124338364
684,woman,excerpt,1,1,0.1805923124338364
685,woman,guarantee,1,1,0.1805923124338364
686,woman,handcuff,1,1,0.1805923124338364
687,woman,lean,1,1,0.1805923124338364
688,woman,hassle,1,1,0.1805923124338364
689,woman,land,1,1,0.1805923124338364
690,woman,kvelling,1,1,0.1805923124338364
691,woman,knock,1,1,0.1805923124338364
692,woman,knit,1,1,0.1805923124338364
693,woman,kneel,1,1,0.1805923124338364
694,woman,jump,1,1,0.1805923124338364
695,woman,judge,1,1,0.1805923124338364
696,woman,jacques,1,1,0.1805923124338364
697,woman,issue,1,1,0.1805923124338364
698,woman,investigate,1,1,0.1805923124338364
699,woman,interpret,1,1,0.1805923124338364
700,woman,instal,1,1,0.1805923124338364
701,woman,insert,1,1,0.1805923124338364
702,woman,inject,2,1,0.3611846248676728
703,woman,inherit,1,1,0.1805923124338364
704,woman,include,1,1,0.1805923124338364
705,woman,improvise,1,1,0.1805923124338364
706,woman,improve,1,1,0.1805923124338364
707,woman,impersonate,1,1,0.1805923124338364
708,woman,immerse,1,1,0.1805923124338364
709,woman,imitate,1,1,0.1805923124338364
710,woman,hunch,1,1,0.1805923124338364
711,woman,hound,1,1,0.1805923124338364
712,woman,hop,1,1,0.1805923124338364
713,woman,hasten,1,1,0.1805923124338364
714,woman,â™«,2,1,0.3611846248676728
